-- phpMyAdmin SQL Dump
-- version 3.4.3.2
-- http://www.phpmyadmin.net
--
-- Host: localhost
-- Generation Time: Aug 11, 2011 at 01:13 AM
-- Server version: 5.0.77
-- PHP Version: 5.2.17

SET SQL_MODE="NO_AUTO_VALUE_ON_ZERO";
SET time_zone = "+00:00";


/*!40101 SET @OLD_CHARACTER_SET_CLIENT=@@CHARACTER_SET_CLIENT */;
/*!40101 SET @OLD_CHARACTER_SET_RESULTS=@@CHARACTER_SET_RESULTS */;
/*!40101 SET @OLD_COLLATION_CONNECTION=@@COLLATION_CONNECTION */;
/*!40101 SET NAMES utf8 */;

--
-- Database: `products_grb`
--

-- --------------------------------------------------------

--
-- Table structure for table `engine4_activity_actions`
--

CREATE TABLE IF NOT EXISTS `engine4_activity_actions` (
  `action_id` int(11) unsigned NOT NULL auto_increment,
  `type` varchar(32) collate utf8_unicode_ci NOT NULL,
  `subject_type` varchar(24) character set latin1 collate latin1_general_ci NOT NULL,
  `subject_id` int(11) unsigned NOT NULL,
  `object_type` varchar(24) character set latin1 collate latin1_general_ci NOT NULL,
  `object_id` int(11) unsigned NOT NULL,
  `body` text collate utf8_unicode_ci,
  `params` text collate utf8_unicode_ci,
  `date` datetime NOT NULL,
  `attachment_count` smallint(3) unsigned NOT NULL default '0',
  `comment_count` mediumint(5) unsigned NOT NULL default '0',
  `like_count` mediumint(5) unsigned NOT NULL default '0',
  PRIMARY KEY  (`action_id`),
  KEY `SUBJECT` (`subject_type`,`subject_id`),
  KEY `OBJECT` (`object_type`,`object_id`)
) ENGINE=InnoDB  DEFAULT CHARSET=utf8 COLLATE=utf8_unicode_ci AUTO_INCREMENT=138 ;

--
-- Dumping data for table `engine4_activity_actions`
--

INSERT INTO `engine4_activity_actions` (`action_id`, `type`, `subject_type`, `subject_id`, `object_type`, `object_id`, `body`, `params`, `date`, `attachment_count`, `comment_count`, `like_count`) VALUES
(1, 'signup', 'user', 2, 'user', 2, '', '[]', '2011-07-23 15:05:01', 0, 0, 0),
(2, 'signup', 'user', 3, 'user', 3, '', '[]', '2011-07-23 15:05:06', 0, 0, 0),
(3, 'signup', 'user', 4, 'user', 4, '', '[]', '2011-07-23 15:05:11', 0, 0, 0),
(4, 'signup', 'user', 5, 'user', 5, '', '[]', '2011-07-23 15:05:13', 0, 0, 0),
(5, 'signup', 'user', 6, 'user', 6, '', '[]', '2011-07-23 15:05:16', 0, 0, 0),
(6, 'signup', 'user', 7, 'user', 7, '', '[]', '2011-07-23 15:05:17', 0, 0, 0),
(7, 'signup', 'user', 8, 'user', 8, '', '[]', '2011-07-23 15:05:22', 0, 0, 0),
(8, 'signup', 'user', 9, 'user', 9, '', '[]', '2011-07-23 15:05:25', 0, 0, 0),
(9, 'signup', 'user', 10, 'user', 10, '', '[]', '2011-07-23 15:05:29', 0, 0, 0),
(10, 'signup', 'user', 11, 'user', 11, '', '[]', '2011-07-23 15:05:36', 0, 0, 0),
(11, 'signup', 'user', 12, 'user', 12, '', '[]', '2011-07-23 15:05:39', 0, 0, 0),
(12, 'signup', 'user', 13, 'user', 13, '', '[]', '2011-07-23 15:05:42', 0, 0, 0),
(13, 'signup', 'user', 14, 'user', 14, '', '[]', '2011-07-23 15:05:44', 0, 0, 0),
(14, 'signup', 'user', 15, 'user', 15, '', '[]', '2011-07-23 15:05:46', 0, 0, 0),
(15, 'signup', 'user', 16, 'user', 16, '', '[]', '2011-07-23 15:05:51', 0, 0, 0),
(16, 'signup', 'user', 17, 'user', 17, '', '[]', '2011-07-23 15:05:52', 0, 0, 0),
(17, 'signup', 'user', 18, 'user', 18, '', '[]', '2011-07-23 15:05:55', 0, 0, 0),
(18, 'signup', 'user', 19, 'user', 19, '', '[]', '2011-07-23 15:05:57', 0, 0, 0),
(19, 'signup', 'user', 20, 'user', 20, '', '[]', '2011-07-23 15:05:58', 0, 0, 0),
(20, 'signup', 'user', 21, 'user', 21, '', '[]', '2011-07-23 15:06:02', 0, 0, 0),
(21, 'signup', 'user', 22, 'user', 22, '', '[]', '2011-07-23 15:06:09', 0, 0, 0),
(22, 'signup', 'user', 23, 'user', 23, '', '[]', '2011-07-23 15:06:14', 0, 0, 0),
(23, 'groupbuy_new', 'user', 1, 'groupbuy_deal', 1, '', '[]', '2011-07-23 08:11:29', 1, 0, 0),
(24, 'signup', 'user', 25, 'user', 25, '', '[]', '2011-07-23 15:18:59', 0, 0, 0),
(25, 'signup', 'user', 26, 'user', 26, '', '[]', '2011-07-23 15:19:03', 0, 0, 0),
(26, 'signup', 'user', 27, 'user', 27, '', '[]', '2011-07-23 15:19:05', 0, 0, 0),
(27, 'signup', 'user', 28, 'user', 28, '', '[]', '2011-07-23 15:19:07', 0, 0, 0),
(28, 'signup', 'user', 29, 'user', 29, '', '[]', '2011-07-23 15:19:10', 0, 0, 0),
(29, 'signup', 'user', 30, 'user', 30, '', '[]', '2011-07-23 15:19:12', 0, 0, 0),
(30, 'signup', 'user', 31, 'user', 31, '', '[]', '2011-07-23 15:19:14', 0, 0, 0),
(31, 'signup', 'user', 32, 'user', 32, '', '[]', '2011-07-23 15:19:16', 0, 0, 0),
(32, 'signup', 'user', 33, 'user', 33, '', '[]', '2011-07-23 15:19:21', 0, 0, 0),
(33, 'signup', 'user', 35, 'user', 35, '', '[]', '2011-07-23 16:21:24', 0, 0, 0),
(34, 'signup', 'user', 37, 'user', 37, '', '[]', '2011-07-23 16:41:18', 0, 0, 0),
(35, 'signup', 'user', 38, 'user', 38, '', '[]', '2011-07-23 16:56:20', 0, 0, 0),
(36, 'groupbuy_new', 'user', 1, 'groupbuy_deal', 6, '', '[]', '2011-07-23 14:05:39', 1, 0, 0),
(37, 'signup', 'user', 39, 'user', 39, '', '[]', '2011-07-24 12:52:25', 0, 0, 0),
(38, 'signup', 'user', 40, 'user', 40, '', '[]', '2011-07-24 14:00:29', 0, 0, 0),
(39, 'signup', 'user', 41, 'user', 41, '', '[]', '2011-07-24 14:00:35', 0, 0, 0),
(40, 'signup', 'user', 42, 'user', 42, '', '[]', '2011-07-24 14:00:37', 0, 0, 0),
(41, 'signup', 'user', 43, 'user', 43, '', '[]', '2011-07-24 14:00:41', 0, 0, 0),
(42, 'signup', 'user', 44, 'user', 44, '', '[]', '2011-07-24 14:00:43', 0, 0, 0),
(43, 'signup', 'user', 45, 'user', 45, '', '[]', '2011-07-24 14:00:45', 0, 0, 0),
(44, 'signup', 'user', 46, 'user', 46, '', '[]', '2011-07-24 14:00:51', 0, 0, 0),
(45, 'signup', 'user', 47, 'user', 47, '', '[]', '2011-07-24 14:39:41', 0, 0, 0),
(46, 'signup', 'user', 48, 'user', 48, '', '[]', '2011-07-24 17:03:25', 0, 0, 0),
(47, 'groupbuy_new', 'user', 1, 'groupbuy_deal', 207, '', '[]', '2011-07-24 17:58:47', 1, 0, 0),
(48, 'groupbuy_new', 'user', 1, 'groupbuy_deal', 208, '', '[]', '2011-07-24 18:03:21', 1, 0, 0),
(49, 'groupbuy_new', 'user', 39, 'groupbuy_deal', 209, '', '[]', '2011-07-24 20:07:38', 1, 0, 0),
(50, 'groupbuy_new', 'user', 39, 'groupbuy_deal', 210, '', '[]', '2011-07-24 20:58:19', 1, 0, 0),
(51, 'groupbuy_new', 'user', 39, 'groupbuy_deal', 211, '', '[]', '2011-07-24 21:00:30', 1, 0, 0),
(52, 'groupbuy_new', 'user', 39, 'groupbuy_deal', 212, '', '[]', '2011-07-24 21:01:57', 1, 0, 0),
(53, 'groupbuy_new', 'user', 1, 'groupbuy_deal', 213, '', '[]', '2011-07-24 21:50:45', 1, 0, 0),
(54, 'groupbuy_new', 'user', 1, 'groupbuy_deal', 214, '', '[]', '2011-07-24 22:46:04', 1, 0, 0),
(55, 'groupbuy_new', 'user', 1, 'groupbuy_deal', 215, '', '[]', '2011-07-24 23:04:40', 1, 0, 0),
(56, 'groupbuy_new', 'user', 39, 'groupbuy_deal', 216, '', '[]', '2011-07-24 23:22:30', 1, 0, 0),
(57, 'groupbuy_new', 'user', 39, 'groupbuy_deal', 217, '', '[]', '2011-07-24 23:26:51', 1, 0, 0),
(58, 'signup', 'user', 49, 'user', 49, '', '[]', '2011-07-25 13:51:18', 0, 0, 0),
(59, 'signup', 'user', 50, 'user', 50, '', '[]', '2011-07-25 14:17:19', 0, 0, 0),
(60, 'groupbuy_new', 'user', 50, 'groupbuy_deal', 218, '', '[]', '2011-07-25 14:20:28', 1, 0, 0),
(61, 'groupbuy_new', 'user', 47, 'groupbuy_deal', 219, '', '[]', '2011-07-25 14:32:22', 1, 0, 0),
(62, 'groupbuy_new', 'user', 1, 'groupbuy_deal', 220, '', '[]', '2011-07-25 14:59:11', 1, 0, 0),
(63, 'groupbuy_new', 'user', 1, 'groupbuy_deal', 221, '', '[]', '2011-07-25 15:57:42', 1, 0, 0),
(64, 'groupbuy_new', 'user', 39, 'groupbuy_deal', 222, '', '[]', '2011-07-25 19:58:27', 1, 0, 0),
(65, 'groupbuy_new', 'user', 39, 'groupbuy_deal', 223, '', '[]', '2011-07-25 21:58:41', 1, 0, 0),
(66, 'groupbuy_new', 'user', 1, 'groupbuy_deal', 224, '', '[]', '2011-07-26 12:46:14', 1, 0, 0),
(67, 'groupbuy_new', 'user', 47, 'groupbuy_deal', 225, '', '[]', '2011-07-26 12:48:55', 1, 0, 0),
(68, 'groupbuy_new', 'user', 1, 'groupbuy_deal', 226, '', '[]', '2011-07-26 12:57:54', 1, 0, 0),
(69, 'groupbuy_new', 'user', 49, 'groupbuy_deal', 227, '', '[]', '2011-07-26 13:13:42', 1, 0, 0),
(70, 'groupbuy_new', 'user', 1, 'groupbuy_deal', 228, '', '[]', '2011-07-26 13:24:52', 1, 0, 0),
(71, 'groupbuy_new', 'user', 39, 'groupbuy_deal', 229, '', '[]', '2011-07-26 13:27:08', 1, 0, 0),
(72, 'signup', 'user', 51, 'user', 51, '', '[]', '2011-07-26 17:59:00', 0, 0, 0),
(73, 'friends', 'user', 1, 'user', 51, '{item:$object} is now friends with {item:$subject}.', '[]', '2011-07-26 18:31:03', 0, 0, 0),
(74, 'friends', 'user', 51, 'user', 1, '{item:$object} is now friends with {item:$subject}.', '[]', '2011-07-26 18:31:03', 0, 0, 0),
(75, 'groupbuy_new', 'user', 39, 'groupbuy_deal', 230, '', '[]', '2011-07-26 18:45:54', 1, 0, 0),
(76, 'groupbuy_new', 'user', 1, 'groupbuy_deal', 231, '', '[]', '2011-07-26 19:19:41', 1, 0, 0),
(77, 'groupbuy_new', 'user', 1, 'groupbuy_deal', 232, '', '[]', '2011-07-26 19:30:50', 1, 0, 0),
(78, 'signup', 'user', 52, 'user', 52, '', '[]', '2011-07-26 19:40:45', 0, 0, 0),
(79, 'groupbuy_new', 'user', 52, 'groupbuy_deal', 233, '', '[]', '2011-07-26 19:48:28', 1, 0, 0),
(80, 'groupbuy_new', 'user', 52, 'groupbuy_deal', 234, '', '[]', '2011-07-26 20:16:41', 1, 0, 0),
(81, 'groupbuy_new', 'user', 52, 'groupbuy_deal', 235, '', '[]', '2011-07-26 20:53:04', 1, 0, 0),
(82, 'groupbuy_new', 'user', 1, 'groupbuy_deal', 236, '', '[]', '2011-07-26 21:27:40', 1, 0, 0),
(83, 'groupbuy_new', 'user', 39, 'groupbuy_deal', 237, '', '[]', '2011-07-27 13:33:17', 1, 0, 0),
(84, 'groupbuy_new', 'user', 48, 'groupbuy_deal', 238, '', '[]', '2011-07-27 13:50:51', 1, 0, 0),
(85, 'groupbuy_new', 'user', 1, 'groupbuy_deal', 239, '', '[]', '2011-07-27 14:37:07', 1, 0, 0),
(86, 'groupbuy_new', 'user', 1, 'groupbuy_deal', 240, '', '[]', '2011-07-27 15:00:09', 1, 0, 0),
(87, 'groupbuy_new', 'user', 39, 'groupbuy_deal', 241, '', '[]', '2011-07-27 15:05:35', 1, 0, 0),
(88, 'signup', 'user', 53, 'user', 53, '', '[]', '2011-07-27 15:26:11', 0, 0, 0),
(89, 'groupbuy_new', 'user', 1, 'groupbuy_deal', 242, '', '[]', '2011-07-27 15:51:51', 1, 0, 0),
(90, 'groupbuy_new', 'user', 39, 'groupbuy_deal', 243, '', '[]', '2011-07-27 17:49:38', 1, 0, 0),
(91, 'signup', 'user', 54, 'user', 54, '', '[]', '2011-07-27 18:31:19', 0, 0, 0),
(92, 'groupbuy_new', 'user', 54, 'groupbuy_deal', 244, '', '[]', '2011-07-27 18:47:59', 1, 0, 0),
(93, 'groupbuy_new', 'user', 1, 'groupbuy_deal', 245, '', '[]', '2011-07-27 18:55:34', 1, 0, 0),
(94, 'signup', 'user', 55, 'user', 55, '', '[]', '2011-07-27 18:59:34', 0, 0, 0),
(95, 'groupbuy_new', 'user', 50, 'groupbuy_deal', 246, '', '[]', '2011-07-27 19:02:59', 1, 0, 0),
(96, 'groupbuy_new', 'user', 54, 'groupbuy_deal', 247, '', '[]', '2011-07-27 19:32:53', 1, 0, 0),
(97, 'signup', 'user', 56, 'user', 56, '', '[]', '2011-07-27 20:17:48', 0, 0, 0),
(98, 'friends', 'user', 55, 'user', 1, '{item:$object} is now friends with {item:$subject}.', '[]', '2011-07-27 20:18:13', 0, 0, 0),
(99, 'friends', 'user', 1, 'user', 55, '{item:$object} is now friends with {item:$subject}.', '[]', '2011-07-27 20:18:13', 0, 0, 0),
(100, 'signup', 'user', 57, 'user', 57, '', '[]', '2011-07-28 12:57:09', 0, 0, 0),
(101, 'signup', 'user', 58, 'user', 58, '', '[]', '2011-07-28 18:03:41', 0, 0, 0),
(102, 'signup', 'user', 59, 'user', 59, '', '[]', '2011-07-29 15:55:55', 0, 0, 0),
(103, 'groupbuy_new', 'user', 1, 'groupbuy_deal', 226, '', '[]', '2001-01-24 23:32:28', 1, 0, 0),
(104, 'groupbuy_new', 'user', 54, 'groupbuy_deal', 267, '', '[]', '2001-01-25 02:59:20', 1, 0, 0),
(105, 'groupbuy_new', 'user', 54, 'groupbuy_deal', 270, '', '[]', '2001-01-25 03:27:06', 1, 0, 0),
(106, 'groupbuy_new', 'user', 39, 'groupbuy_deal', 237, '', '[]', '2011-08-01 22:12:11', 1, 0, 0),
(107, 'groupbuy_new', 'user', 54, 'groupbuy_deal', 271, '', '[]', '2011-08-02 13:50:27', 1, 0, 0),
(108, 'groupbuy_new', 'user', 54, 'groupbuy_deal', 272, '', '[]', '2011-08-02 14:22:39', 1, 0, 0),
(109, 'groupbuy_new', 'user', 54, 'groupbuy_deal', 275, '', '[]', '2011-08-02 15:39:40', 1, 0, 0),
(110, 'groupbuy_new', 'user', 39, 'groupbuy_deal', 274, '', '[]', '2011-08-02 15:47:21', 1, 0, 0),
(111, 'groupbuy_new', 'user', 1, 'groupbuy_deal', 273, '', '[]', '2011-08-02 19:18:24', 1, 0, 0),
(112, 'groupbuy_new', 'user', 39, 'groupbuy_deal', 276, '', '[]', '2011-08-02 19:18:45', 1, 0, 0),
(113, 'groupbuy_new', 'user', 1, 'groupbuy_deal', 277, '', '[]', '2011-08-02 21:10:49', 1, 0, 0),
(114, 'groupbuy_new', 'user', 54, 'groupbuy_deal', 278, '', '[]', '2011-08-02 21:28:48', 1, 0, 0),
(115, 'groupbuy_new', 'user', 1, 'groupbuy_deal', 279, '', '[]', '2011-08-02 22:54:29', 1, 0, 0),
(116, 'groupbuy_new', 'user', 1, 'groupbuy_deal', 288, '', '[]', '2011-08-03 15:54:59', 1, 0, 0),
(117, 'profile_photo_update', 'user', 55, 'user', 55, '{item:$subject} added a new profile photo.', '[]', '2011-08-03 09:26:35', 1, 0, 0),
(118, 'groupbuy_new', 'user', 54, 'groupbuy_deal', 1, '', '[]', '2011-08-03 11:14:09', 1, 0, 0),
(119, 'signup', 'user', 60, 'user', 60, '', '[]', '2011-08-03 12:38:33', 0, 0, 0),
(120, 'groupbuy_new', 'user', 54, 'groupbuy_deal', 6, '', '[]', '2011-08-03 12:47:22', 1, 0, 0),
(121, 'groupbuy_new', 'user', 54, 'groupbuy_deal', 5, '', '[]', '2011-08-03 12:47:38', 1, 0, 0),
(122, 'profile_photo_update', 'user', 59, 'user', 59, '{item:$subject} added a new profile photo.', '[]', '2011-08-03 12:53:48', 1, 0, 0),
(123, 'groupbuy_new', 'user', 59, 'groupbuy_deal', 8, '', '[]', '2011-08-03 13:06:41', 1, 0, 0),
(124, 'groupbuy_new', 'user', 59, 'groupbuy_deal', 4, '', '[]', '2011-08-03 13:15:41', 1, 0, 0),
(125, 'groupbuy_new', 'user', 60, 'groupbuy_deal', 7, '', '[]', '2011-08-03 13:16:18', 1, 0, 0),
(126, 'groupbuy_new', 'user', 59, 'groupbuy_deal', 10, '', '[]', '2011-08-04 03:57:29', 1, 0, 0),
(127, 'groupbuy_new', 'user', 59, 'groupbuy_deal', 13, '', '[]', '2011-08-04 08:23:09', 1, 0, 0),
(128, 'signup', 'user', 61, 'user', 61, '', '[]', '2011-08-04 09:53:30', 0, 0, 0),
(129, 'signup', 'user', 62, 'user', 62, '', '[]', '2011-08-04 10:05:10', 0, 0, 0),
(130, 'groupbuy_new', 'user', 61, 'groupbuy_deal', 14, '', '[]', '2011-08-04 10:13:57', 1, 0, 0),
(131, 'groupbuy_new', 'user', 54, 'groupbuy_deal', 9, '', '[]', '2011-08-04 11:58:00', 1, 0, 0),
(132, 'signup', 'user', 63, 'user', 63, '', '[]', '2011-08-04 12:10:39', 0, 0, 0),
(133, 'signup', 'user', 64, 'user', 64, '', '[]', '2011-08-04 17:39:49', 0, 0, 0),
(134, 'signup', 'user', 65, 'user', 65, '', '[]', '2011-08-04 19:21:25', 0, 0, 0),
(135, 'signup', 'user', 66, 'user', 66, '', '[]', '2011-08-04 22:27:33', 0, 0, 0),
(136, 'signup', 'user', 67, 'user', 67, '', '[]', '2011-08-05 00:59:11', 0, 0, 0),
(137, 'signup', 'user', 68, 'user', 68, '', '[]', '2011-08-05 07:28:48', 0, 0, 0);

-- --------------------------------------------------------

--
-- Table structure for table `engine4_activity_actionsettings`
--

CREATE TABLE IF NOT EXISTS `engine4_activity_actionsettings` (
  `user_id` int(11) unsigned NOT NULL,
  `type` varchar(32) character set latin1 collate latin1_general_ci NOT NULL,
  `publish` tinyint(1) NOT NULL default '1',
  PRIMARY KEY  (`user_id`,`type`)
) ENGINE=InnoDB DEFAULT CHARSET=utf8 COLLATE=utf8_unicode_ci;

-- --------------------------------------------------------

--
-- Table structure for table `engine4_activity_actiontypes`
--

CREATE TABLE IF NOT EXISTS `engine4_activity_actiontypes` (
  `type` varchar(32) character set latin1 collate latin1_general_ci NOT NULL,
  `module` varchar(32) character set latin1 collate latin1_general_ci NOT NULL,
  `body` text collate utf8_unicode_ci NOT NULL,
  `enabled` tinyint(1) NOT NULL default '1',
  `displayable` tinyint(1) NOT NULL default '3',
  `attachable` tinyint(1) NOT NULL default '1',
  `commentable` tinyint(1) NOT NULL default '1',
  `shareable` tinyint(1) NOT NULL default '1',
  `is_generated` tinyint(1) NOT NULL default '1',
  PRIMARY KEY  (`type`)
) ENGINE=InnoDB DEFAULT CHARSET=utf8 COLLATE=utf8_unicode_ci;

--
-- Dumping data for table `engine4_activity_actiontypes`
--

INSERT INTO `engine4_activity_actiontypes` (`type`, `module`, `body`, `enabled`, `displayable`, `attachable`, `commentable`, `shareable`, `is_generated`) VALUES
('comment_groupbuy', 'groupbuy', '{item:$subject} commented on {item:$owner}''s {item:$object:deal}: {body:$body}', 1, 1, 1, 1, 1, 0),
('friends', 'user', '{item:$subject} is now friends with {item:$object}.', 1, 3, 0, 1, 1, 1),
('friends_follow', 'user', '{item:$subject} is now following {item:$object}.', 1, 3, 0, 1, 1, 1),
('groupbuy_new', 'groupbuy', '{item:$subject} posted a new deal:', 1, 5, 1, 3, 1, 1),
('login', 'user', '{item:$subject} has signed in.', 0, 1, 0, 1, 1, 1),
('logout', 'user', '{item:$subject} has signed out.', 0, 1, 0, 1, 1, 1),
('network_join', 'network', '{item:$subject} joined the network {item:$object}', 1, 3, 1, 1, 1, 1),
('post', 'user', '{actors:$subject:$object}: {body:$body}', 1, 7, 1, 1, 1, 0),
('post_self', 'user', '{item:$subject} {body:$body}', 1, 5, 1, 1, 1, 0),
('profile_photo_update', 'user', '{item:$subject} has added a new profile photo.', 1, 5, 1, 1, 1, 1),
('signup', 'user', '{item:$subject} has just signed up. Say hello!', 1, 5, 0, 1, 1, 1),
('status', 'user', '{item:$subject} {body:$body}', 1, 5, 0, 1, 4, 0),
('tagged', 'user', '{item:$subject} tagged {item:$object} in a {var:$label}:', 1, 7, 1, 1, 0, 1);

-- --------------------------------------------------------

--
-- Table structure for table `engine4_activity_attachments`
--

CREATE TABLE IF NOT EXISTS `engine4_activity_attachments` (
  `attachment_id` int(11) unsigned NOT NULL auto_increment,
  `action_id` int(11) unsigned NOT NULL,
  `type` varchar(24) character set latin1 collate latin1_general_ci NOT NULL,
  `id` int(11) unsigned NOT NULL,
  `mode` tinyint(1) NOT NULL default '0',
  PRIMARY KEY  (`attachment_id`),
  KEY `action_id` (`action_id`),
  KEY `type_id` (`type`,`id`)
) ENGINE=InnoDB  DEFAULT CHARSET=utf8 COLLATE=utf8_unicode_ci AUTO_INCREMENT=70 ;

--
-- Dumping data for table `engine4_activity_attachments`
--

INSERT INTO `engine4_activity_attachments` (`attachment_id`, `action_id`, `type`, `id`, `mode`) VALUES
(1, 23, 'groupbuy_deal', 1, 1),
(2, 36, 'groupbuy_deal', 6, 1),
(3, 47, 'groupbuy_deal', 207, 1),
(4, 48, 'groupbuy_deal', 208, 1),
(5, 49, 'groupbuy_deal', 209, 1),
(6, 50, 'groupbuy_deal', 210, 1),
(7, 51, 'groupbuy_deal', 211, 1),
(8, 52, 'groupbuy_deal', 212, 1),
(9, 53, 'groupbuy_deal', 213, 1),
(10, 54, 'groupbuy_deal', 214, 1),
(11, 55, 'groupbuy_deal', 215, 1),
(12, 56, 'groupbuy_deal', 216, 1),
(13, 57, 'groupbuy_deal', 217, 1),
(14, 60, 'groupbuy_deal', 218, 1),
(15, 61, 'groupbuy_deal', 219, 1),
(16, 62, 'groupbuy_deal', 220, 1),
(17, 63, 'groupbuy_deal', 221, 1),
(18, 64, 'groupbuy_deal', 222, 1),
(19, 65, 'groupbuy_deal', 223, 1),
(20, 66, 'groupbuy_deal', 224, 1),
(21, 67, 'groupbuy_deal', 225, 1),
(22, 68, 'groupbuy_deal', 226, 1),
(23, 69, 'groupbuy_deal', 227, 1),
(24, 70, 'groupbuy_deal', 228, 1),
(25, 71, 'groupbuy_deal', 229, 1),
(26, 75, 'groupbuy_deal', 230, 1),
(27, 76, 'groupbuy_deal', 231, 1),
(28, 77, 'groupbuy_deal', 232, 1),
(29, 79, 'groupbuy_deal', 233, 1),
(30, 80, 'groupbuy_deal', 234, 1),
(31, 81, 'groupbuy_deal', 235, 1),
(32, 82, 'groupbuy_deal', 236, 1),
(33, 83, 'groupbuy_deal', 237, 1),
(34, 84, 'groupbuy_deal', 238, 1),
(35, 85, 'groupbuy_deal', 239, 1),
(36, 86, 'groupbuy_deal', 240, 1),
(37, 87, 'groupbuy_deal', 241, 1),
(38, 89, 'groupbuy_deal', 242, 1),
(39, 90, 'groupbuy_deal', 243, 1),
(40, 92, 'groupbuy_deal', 244, 1),
(41, 93, 'groupbuy_deal', 245, 1),
(42, 95, 'groupbuy_deal', 246, 1),
(43, 96, 'groupbuy_deal', 247, 1),
(44, 103, 'groupbuy_deal', 226, 1),
(45, 104, 'groupbuy_deal', 267, 1),
(46, 105, 'groupbuy_deal', 270, 1),
(47, 106, 'groupbuy_deal', 237, 1),
(48, 107, 'groupbuy_deal', 271, 1),
(49, 108, 'groupbuy_deal', 272, 1),
(50, 109, 'groupbuy_deal', 275, 1),
(51, 110, 'groupbuy_deal', 274, 1),
(52, 111, 'groupbuy_deal', 273, 1),
(53, 112, 'groupbuy_deal', 276, 1),
(54, 113, 'groupbuy_deal', 277, 1),
(55, 114, 'groupbuy_deal', 278, 1),
(56, 115, 'groupbuy_deal', 279, 1),
(57, 116, 'groupbuy_deal', 288, 1),
(58, 117, 'storage_file', 965, 1),
(59, 118, 'groupbuy_deal', 1, 1),
(60, 120, 'groupbuy_deal', 6, 1),
(61, 121, 'groupbuy_deal', 5, 1),
(62, 122, 'storage_file', 1023, 1),
(63, 123, 'groupbuy_deal', 8, 1),
(64, 124, 'groupbuy_deal', 4, 1),
(65, 125, 'groupbuy_deal', 7, 1),
(66, 126, 'groupbuy_deal', 10, 1),
(67, 127, 'groupbuy_deal', 13, 1),
(68, 130, 'groupbuy_deal', 14, 1),
(69, 131, 'groupbuy_deal', 9, 1);

-- --------------------------------------------------------

--
-- Table structure for table `engine4_activity_comments`
--

CREATE TABLE IF NOT EXISTS `engine4_activity_comments` (
  `comment_id` int(11) unsigned NOT NULL auto_increment,
  `resource_id` int(11) unsigned NOT NULL,
  `poster_type` varchar(24) character set latin1 collate latin1_general_ci NOT NULL,
  `poster_id` int(11) unsigned NOT NULL,
  `body` text collate utf8_unicode_ci NOT NULL,
  `creation_date` datetime NOT NULL,
  `like_count` int(11) unsigned NOT NULL default '0',
  PRIMARY KEY  (`comment_id`),
  KEY `resource_type` (`resource_id`),
  KEY `poster_type` (`poster_type`,`poster_id`)
) ENGINE=InnoDB DEFAULT CHARSET=utf8 COLLATE=utf8_unicode_ci AUTO_INCREMENT=1 ;

-- --------------------------------------------------------

--
-- Table structure for table `engine4_activity_likes`
--

CREATE TABLE IF NOT EXISTS `engine4_activity_likes` (
  `like_id` int(11) unsigned NOT NULL auto_increment,
  `resource_id` int(11) unsigned NOT NULL,
  `poster_type` varchar(16) character set latin1 collate latin1_general_ci NOT NULL,
  `poster_id` int(11) unsigned NOT NULL,
  PRIMARY KEY  (`like_id`),
  KEY `resource_id` (`resource_id`),
  KEY `poster_type` (`poster_type`,`poster_id`)
) ENGINE=InnoDB DEFAULT CHARSET=utf8 COLLATE=utf8_unicode_ci AUTO_INCREMENT=1 ;

-- --------------------------------------------------------

--
-- Table structure for table `engine4_activity_notifications`
--

CREATE TABLE IF NOT EXISTS `engine4_activity_notifications` (
  `notification_id` int(11) unsigned NOT NULL auto_increment,
  `user_id` int(11) unsigned NOT NULL,
  `subject_type` varchar(24) character set latin1 collate latin1_general_ci NOT NULL,
  `subject_id` int(11) unsigned NOT NULL,
  `object_type` varchar(24) character set latin1 collate latin1_general_ci NOT NULL,
  `object_id` int(11) unsigned NOT NULL,
  `type` varchar(32) character set latin1 collate latin1_general_ci NOT NULL,
  `params` text collate utf8_unicode_ci,
  `read` tinyint(1) NOT NULL default '0',
  `mitigated` tinyint(1) NOT NULL default '0',
  `date` datetime NOT NULL,
  PRIMARY KEY  (`notification_id`),
  KEY `LOOKUP` (`user_id`,`date`),
  KEY `subject` (`subject_type`,`subject_id`),
  KEY `object` (`object_type`,`object_id`)
) ENGINE=InnoDB  DEFAULT CHARSET=utf8 COLLATE=utf8_unicode_ci AUTO_INCREMENT=39 ;

--
-- Dumping data for table `engine4_activity_notifications`
--

INSERT INTO `engine4_activity_notifications` (`notification_id`, `user_id`, `subject_type`, `subject_id`, `object_type`, `object_id`, `type`, `params`, `read`, `mitigated`, `date`) VALUES
(1, 1, 'user', 39, 'groupbuy_deal', 214, 'liked', '{"label":"deal"}', 1, 0, '2011-07-25 13:14:38'),
(2, 1, 'user', 49, 'groupbuy_deal', 215, 'liked', '{"label":"deal"}', 1, 0, '2011-07-25 15:10:48'),
(3, 1, 'user', 49, 'groupbuy_deal', 220, 'liked', '{"label":"deal"}', 1, 0, '2011-07-25 17:42:07'),
(4, 49, 'user', 1, 'groupbuy_deal', 220, 'liked_commented', '{"label":"deal"}', 1, 0, '2011-07-25 21:48:07'),
(5, 51, 'user', 1, 'user', 51, 'friend_request', NULL, 1, 1, '2011-07-26 17:59:00'),
(6, 1, 'user', 51, 'user', 1, 'friend_accepted', NULL, 1, 0, '2011-07-26 18:31:03'),
(7, 52, 'user', 1, 'groupbuy_deal', 235, 'commented', '{"label":"deal"}', 1, 0, '2011-07-26 21:56:57'),
(8, 52, 'user', 54, 'groupbuy_deal', 235, 'commented', '{"label":"deal"}', 1, 0, '2011-07-27 19:36:40'),
(9, 1, 'user', 54, 'groupbuy_deal', 235, 'commented_commented', '{"label":"deal"}', 1, 0, '2011-07-27 19:36:40'),
(10, 33, 'user', 1, 'messages_conversation', 1, 'message_new', NULL, 0, 0, '2011-07-27 20:16:48'),
(11, 1, 'user', 55, 'user', 1, 'friend_request', NULL, 1, 1, '2011-07-27 20:17:47'),
(12, 55, 'user', 1, 'user', 55, 'friend_accepted', NULL, 0, 0, '2011-07-27 20:18:13'),
(13, 1, 'user', 55, 'messages_conversation', 2, 'message_new', NULL, 1, 0, '2011-07-27 20:18:38'),
(14, 55, 'user', 1, 'messages_conversation', 3, 'message_new', NULL, 0, 0, '2011-07-27 20:20:17'),
(15, 48, 'user', 54, 'groupbuy_deal', 238, 'commented', '{"label":"deal"}', 1, 0, '2011-07-27 20:44:13'),
(16, 52, 'user', 57, 'groupbuy_deal', 235, 'commented', '{"label":"deal"}', 1, 0, '2011-07-28 13:36:11'),
(17, 1, 'user', 57, 'groupbuy_deal', 235, 'commented_commented', '{"label":"deal"}', 1, 0, '2011-07-28 13:36:12'),
(18, 54, 'user', 57, 'groupbuy_deal', 235, 'commented_commented', '{"label":"deal"}', 1, 0, '2011-07-28 13:36:12'),
(19, 52, 'user', 57, 'groupbuy_deal', 235, 'liked', '{"label":"deal"}', 1, 0, '2011-07-28 13:36:14'),
(20, 52, 'user', 57, 'groupbuy_deal', 235, 'liked', '{"label":"deal"}', 1, 0, '2011-07-28 13:36:26'),
(21, 55, 'user', 1, 'messages_conversation', 2, 'message_new', NULL, 0, 0, '2011-07-28 14:27:27'),
(22, 48, 'user', 1, 'activity_action', 84, 'liked', '{"label":"post"}', 1, 0, '2011-07-28 14:36:13'),
(23, 57, 'user', 1, 'messages_conversation', 4, 'message_new', NULL, 0, 0, '2011-07-28 14:37:15'),
(24, 54, 'user', 56, 'groupbuy_deal', 256, 'commented', '{"label":"deal"}', 1, 0, '2011-07-28 14:53:20'),
(25, 54, 'user', 58, 'groupbuy_deal', 251, 'liked', '{"label":"deal"}', 0, 0, '2011-07-28 18:04:55'),
(26, 54, 'user', 58, 'groupbuy_deal', 251, 'commented', '{"label":"deal"}', 0, 0, '2011-07-28 18:05:01'),
(27, 54, 'user', 1, 'groupbuy_deal', 251, 'liked', '{"label":"deal"}', 0, 0, '2011-07-28 18:05:07'),
(28, 58, 'user', 1, 'core_comment', 8, 'liked', '{"label":"comment"}', 0, 0, '2011-07-28 18:05:14'),
(29, 58, 'user', 54, 'core_comment', 8, 'liked', '{"label":"comment"}', 0, 0, '2011-07-28 18:05:59'),
(30, 56, 'user', 1, 'core_comment', 7, 'liked', '{"label":"comment"}', 0, 0, '2011-07-29 21:05:21'),
(31, 1, 'user', 52, 'groupbuy_deal', 235, 'commented_commented', '{"label":"deal"}', 1, 0, '2001-01-24 23:00:52'),
(32, 54, 'user', 52, 'groupbuy_deal', 235, 'commented_commented', '{"label":"deal"}', 0, 0, '2001-01-24 23:00:59'),
(33, 57, 'user', 52, 'groupbuy_deal', 235, 'commented_commented', '{"label":"deal"}', 0, 0, '2001-01-24 23:00:59'),
(34, 54, 'user', 1, 'groupbuy_deal', 1, 'liked', '{"label":"deal"}', 0, 0, '2011-08-05 18:33:01'),
(35, 54, 'user', 1, 'groupbuy_deal', 1, 'commented', '{"label":"deal"}', 0, 0, '2011-08-05 18:33:10'),
(36, 54, 'user', 1, 'groupbuy_deal', 1, 'commented', '{"label":"deal"}', 0, 0, '2011-08-05 18:40:50'),
(37, 59, 'user', 1, 'groupbuy_deal', 10, 'liked', '{"label":"deal"}', 0, 0, '2011-08-05 18:45:57'),
(38, 59, 'user', 1, 'groupbuy_deal', 10, 'commented', '{"label":"deal"}', 1, 0, '2011-08-05 18:46:06');

-- --------------------------------------------------------

--
-- Table structure for table `engine4_activity_notificationsettings`
--

CREATE TABLE IF NOT EXISTS `engine4_activity_notificationsettings` (
  `user_id` int(11) unsigned NOT NULL,
  `type` varchar(32) character set latin1 collate latin1_general_ci NOT NULL,
  `email` tinyint(4) NOT NULL default '1',
  PRIMARY KEY  (`user_id`,`type`)
) ENGINE=InnoDB DEFAULT CHARSET=utf8 COLLATE=utf8_unicode_ci;

-- --------------------------------------------------------

--
-- Table structure for table `engine4_activity_notificationtypes`
--

CREATE TABLE IF NOT EXISTS `engine4_activity_notificationtypes` (
  `type` varchar(32) character set latin1 collate latin1_general_ci NOT NULL,
  `module` varchar(32) character set latin1 collate latin1_general_ci NOT NULL,
  `body` text collate utf8_unicode_ci NOT NULL,
  `is_request` tinyint(1) NOT NULL default '0',
  `handler` varchar(32) collate utf8_unicode_ci NOT NULL default '',
  `default` tinyint(4) NOT NULL default '1',
  PRIMARY KEY  (`type`)
) ENGINE=InnoDB DEFAULT CHARSET=utf8 COLLATE=utf8_unicode_ci;

--
-- Dumping data for table `engine4_activity_notificationtypes`
--

INSERT INTO `engine4_activity_notificationtypes` (`type`, `module`, `body`, `is_request`, `handler`, `default`) VALUES
('buy', 'groupbuy', '{item:$subject} has buy your {item:$object:$label}.', 0, '', 1),
('commented', 'activity', '{item:$subject} has commented on your {item:$object:$label}.', 0, '', 1),
('commented_commented', 'activity', '{item:$subject} has commented on a {item:$object:$label} you commented on.', 0, '', 1),
('friend_accepted', 'user', 'You and {item:$subject} are now friends.', 0, '', 1),
('friend_follow', 'user', '{item:$subject} is now following you.', 0, '', 1),
('friend_follow_accepted', 'user', 'You are now following {item:$subject}.', 0, '', 1),
('friend_follow_request', 'user', '{item:$subject} has requested to follow you.', 1, 'user.friends.request-follow', 1),
('friend_request', 'user', '{item:$subject} has requested to be your friend.', 1, 'user.friends.request-friend', 1),
('liked', 'activity', '{item:$subject} likes your {item:$object:$label}.', 0, '', 1),
('liked_commented', 'activity', '{item:$subject} has commented on a {item:$object:$label} you liked.', 0, '', 1),
('message_new', 'messages', '{item:$subject} has sent you a {item:$object:message}.', 0, '', 1),
('post_user', 'user', '{item:$subject} has posted on your {item:$object:profile}.', 0, '', 1),
('tagged', 'user', '{item:$subject} tagged you in a {item:$object:$label}.', 0, '', 1);

-- --------------------------------------------------------

--
-- Table structure for table `engine4_activity_stream`
--

CREATE TABLE IF NOT EXISTS `engine4_activity_stream` (
  `target_type` varchar(16) character set latin1 collate latin1_general_ci NOT NULL,
  `target_id` int(11) unsigned NOT NULL,
  `subject_type` varchar(24) character set latin1 collate latin1_general_ci NOT NULL,
  `subject_id` int(11) unsigned NOT NULL,
  `object_type` varchar(24) character set latin1 collate latin1_general_ci NOT NULL,
  `object_id` int(11) unsigned NOT NULL,
  `type` varchar(32) character set latin1 collate latin1_general_ci NOT NULL,
  `action_id` int(11) unsigned NOT NULL,
  PRIMARY KEY  (`target_type`,`target_id`,`action_id`),
  KEY `SUBJECT` (`subject_type`,`subject_id`,`action_id`),
  KEY `OBJECT` (`object_type`,`object_id`,`action_id`)
) ENGINE=InnoDB DEFAULT CHARSET=utf8 COLLATE=utf8_unicode_ci;

--
-- Dumping data for table `engine4_activity_stream`
--

INSERT INTO `engine4_activity_stream` (`target_type`, `target_id`, `subject_type`, `subject_id`, `object_type`, `object_id`, `type`, `action_id`) VALUES
('everyone', 0, 'user', 2, 'user', 2, 'signup', 1),
('everyone', 0, 'user', 3, 'user', 3, 'signup', 2),
('everyone', 0, 'user', 4, 'user', 4, 'signup', 3),
('everyone', 0, 'user', 5, 'user', 5, 'signup', 4),
('everyone', 0, 'user', 6, 'user', 6, 'signup', 5),
('everyone', 0, 'user', 7, 'user', 7, 'signup', 6),
('everyone', 0, 'user', 8, 'user', 8, 'signup', 7),
('everyone', 0, 'user', 9, 'user', 9, 'signup', 8),
('everyone', 0, 'user', 10, 'user', 10, 'signup', 9),
('everyone', 0, 'user', 11, 'user', 11, 'signup', 10),
('everyone', 0, 'user', 12, 'user', 12, 'signup', 11),
('everyone', 0, 'user', 13, 'user', 13, 'signup', 12),
('everyone', 0, 'user', 14, 'user', 14, 'signup', 13),
('everyone', 0, 'user', 15, 'user', 15, 'signup', 14),
('everyone', 0, 'user', 16, 'user', 16, 'signup', 15),
('everyone', 0, 'user', 17, 'user', 17, 'signup', 16),
('everyone', 0, 'user', 18, 'user', 18, 'signup', 17),
('everyone', 0, 'user', 19, 'user', 19, 'signup', 18),
('everyone', 0, 'user', 20, 'user', 20, 'signup', 19),
('everyone', 0, 'user', 21, 'user', 21, 'signup', 20),
('everyone', 0, 'user', 22, 'user', 22, 'signup', 21),
('everyone', 0, 'user', 23, 'user', 23, 'signup', 22),
('everyone', 0, 'user', 1, 'groupbuy_deal', 1, 'groupbuy_new', 23),
('everyone', 0, 'user', 25, 'user', 25, 'signup', 24),
('everyone', 0, 'user', 26, 'user', 26, 'signup', 25),
('everyone', 0, 'user', 27, 'user', 27, 'signup', 26),
('everyone', 0, 'user', 28, 'user', 28, 'signup', 27),
('everyone', 0, 'user', 29, 'user', 29, 'signup', 28),
('everyone', 0, 'user', 30, 'user', 30, 'signup', 29),
('everyone', 0, 'user', 31, 'user', 31, 'signup', 30),
('everyone', 0, 'user', 32, 'user', 32, 'signup', 31),
('everyone', 0, 'user', 33, 'user', 33, 'signup', 32),
('everyone', 0, 'user', 35, 'user', 35, 'signup', 33),
('everyone', 0, 'user', 37, 'user', 37, 'signup', 34),
('everyone', 0, 'user', 38, 'user', 38, 'signup', 35),
('everyone', 0, 'user', 1, 'groupbuy_deal', 6, 'groupbuy_new', 36),
('everyone', 0, 'user', 39, 'user', 39, 'signup', 37),
('everyone', 0, 'user', 40, 'user', 40, 'signup', 38),
('everyone', 0, 'user', 41, 'user', 41, 'signup', 39),
('everyone', 0, 'user', 42, 'user', 42, 'signup', 40),
('everyone', 0, 'user', 43, 'user', 43, 'signup', 41),
('everyone', 0, 'user', 44, 'user', 44, 'signup', 42),
('everyone', 0, 'user', 45, 'user', 45, 'signup', 43),
('everyone', 0, 'user', 46, 'user', 46, 'signup', 44),
('everyone', 0, 'user', 47, 'user', 47, 'signup', 45),
('everyone', 0, 'user', 48, 'user', 48, 'signup', 46),
('everyone', 0, 'user', 1, 'groupbuy_deal', 207, 'groupbuy_new', 47),
('everyone', 0, 'user', 1, 'groupbuy_deal', 208, 'groupbuy_new', 48),
('everyone', 0, 'user', 39, 'groupbuy_deal', 209, 'groupbuy_new', 49),
('everyone', 0, 'user', 39, 'groupbuy_deal', 210, 'groupbuy_new', 50),
('everyone', 0, 'user', 39, 'groupbuy_deal', 211, 'groupbuy_new', 51),
('everyone', 0, 'user', 39, 'groupbuy_deal', 212, 'groupbuy_new', 52),
('everyone', 0, 'user', 1, 'groupbuy_deal', 213, 'groupbuy_new', 53),
('everyone', 0, 'user', 1, 'groupbuy_deal', 214, 'groupbuy_new', 54),
('everyone', 0, 'user', 1, 'groupbuy_deal', 215, 'groupbuy_new', 55),
('everyone', 0, 'user', 39, 'groupbuy_deal', 216, 'groupbuy_new', 56),
('everyone', 0, 'user', 39, 'groupbuy_deal', 217, 'groupbuy_new', 57),
('everyone', 0, 'user', 49, 'user', 49, 'signup', 58),
('everyone', 0, 'user', 50, 'user', 50, 'signup', 59),
('everyone', 0, 'user', 50, 'groupbuy_deal', 218, 'groupbuy_new', 60),
('everyone', 0, 'user', 47, 'groupbuy_deal', 219, 'groupbuy_new', 61),
('everyone', 0, 'user', 1, 'groupbuy_deal', 220, 'groupbuy_new', 62),
('everyone', 0, 'user', 1, 'groupbuy_deal', 221, 'groupbuy_new', 63),
('everyone', 0, 'user', 39, 'groupbuy_deal', 222, 'groupbuy_new', 64),
('everyone', 0, 'user', 39, 'groupbuy_deal', 223, 'groupbuy_new', 65),
('everyone', 0, 'user', 1, 'groupbuy_deal', 224, 'groupbuy_new', 66),
('everyone', 0, 'user', 47, 'groupbuy_deal', 225, 'groupbuy_new', 67),
('everyone', 0, 'user', 1, 'groupbuy_deal', 226, 'groupbuy_new', 68),
('everyone', 0, 'user', 49, 'groupbuy_deal', 227, 'groupbuy_new', 69),
('everyone', 0, 'user', 1, 'groupbuy_deal', 228, 'groupbuy_new', 70),
('everyone', 0, 'user', 39, 'groupbuy_deal', 229, 'groupbuy_new', 71),
('everyone', 0, 'user', 51, 'user', 51, 'signup', 72),
('everyone', 0, 'user', 1, 'user', 51, 'friends', 73),
('everyone', 0, 'user', 51, 'user', 1, 'friends', 74),
('everyone', 0, 'user', 39, 'groupbuy_deal', 230, 'groupbuy_new', 75),
('everyone', 0, 'user', 1, 'groupbuy_deal', 231, 'groupbuy_new', 76),
('everyone', 0, 'user', 1, 'groupbuy_deal', 232, 'groupbuy_new', 77),
('everyone', 0, 'user', 52, 'user', 52, 'signup', 78),
('everyone', 0, 'user', 52, 'groupbuy_deal', 233, 'groupbuy_new', 79),
('everyone', 0, 'user', 52, 'groupbuy_deal', 234, 'groupbuy_new', 80),
('everyone', 0, 'user', 52, 'groupbuy_deal', 235, 'groupbuy_new', 81),
('everyone', 0, 'user', 1, 'groupbuy_deal', 236, 'groupbuy_new', 82),
('everyone', 0, 'user', 39, 'groupbuy_deal', 237, 'groupbuy_new', 83),
('everyone', 0, 'user', 48, 'groupbuy_deal', 238, 'groupbuy_new', 84),
('everyone', 0, 'user', 1, 'groupbuy_deal', 239, 'groupbuy_new', 85),
('everyone', 0, 'user', 1, 'groupbuy_deal', 240, 'groupbuy_new', 86),
('everyone', 0, 'user', 39, 'groupbuy_deal', 241, 'groupbuy_new', 87),
('everyone', 0, 'user', 53, 'user', 53, 'signup', 88),
('everyone', 0, 'user', 39, 'groupbuy_deal', 243, 'groupbuy_new', 90),
('everyone', 0, 'user', 54, 'user', 54, 'signup', 91),
('everyone', 0, 'user', 1, 'groupbuy_deal', 245, 'groupbuy_new', 93),
('everyone', 0, 'user', 55, 'user', 55, 'signup', 94),
('everyone', 0, 'user', 50, 'groupbuy_deal', 246, 'groupbuy_new', 95),
('everyone', 0, 'user', 54, 'groupbuy_deal', 247, 'groupbuy_new', 96),
('everyone', 0, 'user', 56, 'user', 56, 'signup', 97),
('everyone', 0, 'user', 55, 'user', 1, 'friends', 98),
('everyone', 0, 'user', 1, 'user', 55, 'friends', 99),
('everyone', 0, 'user', 57, 'user', 57, 'signup', 100),
('everyone', 0, 'user', 58, 'user', 58, 'signup', 101),
('everyone', 0, 'user', 59, 'user', 59, 'signup', 102),
('everyone', 0, 'user', 1, 'groupbuy_deal', 226, 'groupbuy_new', 103),
('everyone', 0, 'user', 39, 'groupbuy_deal', 237, 'groupbuy_new', 106),
('everyone', 0, 'user', 55, 'user', 55, 'profile_photo_update', 117),
('everyone', 0, 'user', 54, 'groupbuy_deal', 1, 'groupbuy_new', 118),
('everyone', 0, 'user', 60, 'user', 60, 'signup', 119),
('everyone', 0, 'user', 54, 'groupbuy_deal', 6, 'groupbuy_new', 120),
('everyone', 0, 'user', 59, 'user', 59, 'profile_photo_update', 122),
('everyone', 0, 'user', 61, 'user', 61, 'signup', 128),
('everyone', 0, 'user', 62, 'user', 62, 'signup', 129),
('everyone', 0, 'user', 63, 'user', 63, 'signup', 132),
('everyone', 0, 'user', 64, 'user', 64, 'signup', 133),
('everyone', 0, 'user', 65, 'user', 65, 'signup', 134),
('everyone', 0, 'user', 66, 'user', 66, 'signup', 135),
('everyone', 0, 'user', 67, 'user', 67, 'signup', 136),
('everyone', 0, 'user', 68, 'user', 68, 'signup', 137),
('members', 1, 'user', 51, 'user', 1, 'friends', 74),
('members', 1, 'user', 55, 'user', 1, 'friends', 98),
('members', 2, 'user', 2, 'user', 2, 'signup', 1),
('members', 3, 'user', 3, 'user', 3, 'signup', 2),
('members', 4, 'user', 4, 'user', 4, 'signup', 3),
('members', 5, 'user', 5, 'user', 5, 'signup', 4),
('members', 6, 'user', 6, 'user', 6, 'signup', 5),
('members', 7, 'user', 7, 'user', 7, 'signup', 6),
('members', 8, 'user', 8, 'user', 8, 'signup', 7),
('members', 9, 'user', 9, 'user', 9, 'signup', 8),
('members', 10, 'user', 10, 'user', 10, 'signup', 9),
('members', 11, 'user', 11, 'user', 11, 'signup', 10),
('members', 12, 'user', 12, 'user', 12, 'signup', 11),
('members', 13, 'user', 13, 'user', 13, 'signup', 12),
('members', 14, 'user', 14, 'user', 14, 'signup', 13),
('members', 15, 'user', 15, 'user', 15, 'signup', 14),
('members', 16, 'user', 16, 'user', 16, 'signup', 15),
('members', 17, 'user', 17, 'user', 17, 'signup', 16),
('members', 18, 'user', 18, 'user', 18, 'signup', 17),
('members', 19, 'user', 19, 'user', 19, 'signup', 18),
('members', 20, 'user', 20, 'user', 20, 'signup', 19),
('members', 21, 'user', 21, 'user', 21, 'signup', 20),
('members', 22, 'user', 22, 'user', 22, 'signup', 21),
('members', 23, 'user', 23, 'user', 23, 'signup', 22),
('members', 25, 'user', 25, 'user', 25, 'signup', 24),
('members', 26, 'user', 26, 'user', 26, 'signup', 25),
('members', 27, 'user', 27, 'user', 27, 'signup', 26),
('members', 28, 'user', 28, 'user', 28, 'signup', 27),
('members', 29, 'user', 29, 'user', 29, 'signup', 28),
('members', 30, 'user', 30, 'user', 30, 'signup', 29),
('members', 31, 'user', 31, 'user', 31, 'signup', 30),
('members', 32, 'user', 32, 'user', 32, 'signup', 31),
('members', 33, 'user', 33, 'user', 33, 'signup', 32),
('members', 35, 'user', 35, 'user', 35, 'signup', 33),
('members', 37, 'user', 37, 'user', 37, 'signup', 34),
('members', 38, 'user', 38, 'user', 38, 'signup', 35),
('members', 39, 'user', 39, 'user', 39, 'signup', 37),
('members', 40, 'user', 40, 'user', 40, 'signup', 38),
('members', 41, 'user', 41, 'user', 41, 'signup', 39),
('members', 42, 'user', 42, 'user', 42, 'signup', 40),
('members', 43, 'user', 43, 'user', 43, 'signup', 41),
('members', 44, 'user', 44, 'user', 44, 'signup', 42),
('members', 45, 'user', 45, 'user', 45, 'signup', 43),
('members', 46, 'user', 46, 'user', 46, 'signup', 44),
('members', 47, 'user', 47, 'user', 47, 'signup', 45),
('members', 48, 'user', 48, 'user', 48, 'signup', 46),
('members', 49, 'user', 49, 'user', 49, 'signup', 58),
('members', 50, 'user', 50, 'user', 50, 'signup', 59),
('members', 51, 'user', 51, 'user', 51, 'signup', 72),
('members', 51, 'user', 1, 'user', 51, 'friends', 73),
('members', 52, 'user', 52, 'user', 52, 'signup', 78),
('members', 53, 'user', 53, 'user', 53, 'signup', 88),
('members', 54, 'user', 54, 'user', 54, 'signup', 91),
('members', 55, 'user', 55, 'user', 55, 'signup', 94),
('members', 55, 'user', 1, 'user', 55, 'friends', 99),
('members', 55, 'user', 55, 'user', 55, 'profile_photo_update', 117),
('members', 56, 'user', 56, 'user', 56, 'signup', 97),
('members', 57, 'user', 57, 'user', 57, 'signup', 100),
('members', 58, 'user', 58, 'user', 58, 'signup', 101),
('members', 59, 'user', 59, 'user', 59, 'signup', 102),
('members', 59, 'user', 59, 'user', 59, 'profile_photo_update', 122),
('members', 60, 'user', 60, 'user', 60, 'signup', 119),
('members', 61, 'user', 61, 'user', 61, 'signup', 128),
('members', 62, 'user', 62, 'user', 62, 'signup', 129),
('members', 63, 'user', 63, 'user', 63, 'signup', 132),
('members', 64, 'user', 64, 'user', 64, 'signup', 133),
('members', 65, 'user', 65, 'user', 65, 'signup', 134),
('members', 66, 'user', 66, 'user', 66, 'signup', 135),
('members', 67, 'user', 67, 'user', 67, 'signup', 136),
('members', 68, 'user', 68, 'user', 68, 'signup', 137),
('owner', 1, 'user', 1, 'groupbuy_deal', 1, 'groupbuy_new', 23),
('owner', 1, 'user', 1, 'groupbuy_deal', 6, 'groupbuy_new', 36),
('owner', 1, 'user', 1, 'groupbuy_deal', 207, 'groupbuy_new', 47),
('owner', 1, 'user', 1, 'groupbuy_deal', 208, 'groupbuy_new', 48),
('owner', 1, 'user', 1, 'groupbuy_deal', 213, 'groupbuy_new', 53),
('owner', 1, 'user', 1, 'groupbuy_deal', 214, 'groupbuy_new', 54),
('owner', 1, 'user', 1, 'groupbuy_deal', 215, 'groupbuy_new', 55),
('owner', 1, 'user', 1, 'groupbuy_deal', 220, 'groupbuy_new', 62),
('owner', 1, 'user', 1, 'groupbuy_deal', 221, 'groupbuy_new', 63),
('owner', 1, 'user', 1, 'groupbuy_deal', 224, 'groupbuy_new', 66),
('owner', 1, 'user', 1, 'groupbuy_deal', 226, 'groupbuy_new', 68),
('owner', 1, 'user', 1, 'groupbuy_deal', 228, 'groupbuy_new', 70),
('owner', 1, 'user', 1, 'user', 51, 'friends', 73),
('owner', 1, 'user', 1, 'groupbuy_deal', 231, 'groupbuy_new', 76),
('owner', 1, 'user', 1, 'groupbuy_deal', 232, 'groupbuy_new', 77),
('owner', 1, 'user', 1, 'groupbuy_deal', 236, 'groupbuy_new', 82),
('owner', 1, 'user', 1, 'groupbuy_deal', 239, 'groupbuy_new', 85),
('owner', 1, 'user', 1, 'groupbuy_deal', 240, 'groupbuy_new', 86),
('owner', 1, 'user', 1, 'groupbuy_deal', 242, 'groupbuy_new', 89),
('owner', 1, 'user', 1, 'groupbuy_deal', 245, 'groupbuy_new', 93),
('owner', 1, 'user', 1, 'user', 55, 'friends', 99),
('owner', 1, 'user', 1, 'groupbuy_deal', 226, 'groupbuy_new', 103),
('owner', 1, 'user', 1, 'groupbuy_deal', 273, 'groupbuy_new', 111),
('owner', 1, 'user', 1, 'groupbuy_deal', 277, 'groupbuy_new', 113),
('owner', 1, 'user', 1, 'groupbuy_deal', 279, 'groupbuy_new', 115),
('owner', 1, 'user', 1, 'groupbuy_deal', 288, 'groupbuy_new', 116),
('owner', 2, 'user', 2, 'user', 2, 'signup', 1),
('owner', 3, 'user', 3, 'user', 3, 'signup', 2),
('owner', 4, 'user', 4, 'user', 4, 'signup', 3),
('owner', 5, 'user', 5, 'user', 5, 'signup', 4),
('owner', 6, 'user', 6, 'user', 6, 'signup', 5),
('owner', 7, 'user', 7, 'user', 7, 'signup', 6),
('owner', 8, 'user', 8, 'user', 8, 'signup', 7),
('owner', 9, 'user', 9, 'user', 9, 'signup', 8),
('owner', 10, 'user', 10, 'user', 10, 'signup', 9),
('owner', 11, 'user', 11, 'user', 11, 'signup', 10),
('owner', 12, 'user', 12, 'user', 12, 'signup', 11),
('owner', 13, 'user', 13, 'user', 13, 'signup', 12),
('owner', 14, 'user', 14, 'user', 14, 'signup', 13),
('owner', 15, 'user', 15, 'user', 15, 'signup', 14),
('owner', 16, 'user', 16, 'user', 16, 'signup', 15),
('owner', 17, 'user', 17, 'user', 17, 'signup', 16),
('owner', 18, 'user', 18, 'user', 18, 'signup', 17),
('owner', 19, 'user', 19, 'user', 19, 'signup', 18),
('owner', 20, 'user', 20, 'user', 20, 'signup', 19),
('owner', 21, 'user', 21, 'user', 21, 'signup', 20),
('owner', 22, 'user', 22, 'user', 22, 'signup', 21),
('owner', 23, 'user', 23, 'user', 23, 'signup', 22),
('owner', 25, 'user', 25, 'user', 25, 'signup', 24),
('owner', 26, 'user', 26, 'user', 26, 'signup', 25),
('owner', 27, 'user', 27, 'user', 27, 'signup', 26),
('owner', 28, 'user', 28, 'user', 28, 'signup', 27),
('owner', 29, 'user', 29, 'user', 29, 'signup', 28),
('owner', 30, 'user', 30, 'user', 30, 'signup', 29),
('owner', 31, 'user', 31, 'user', 31, 'signup', 30),
('owner', 32, 'user', 32, 'user', 32, 'signup', 31),
('owner', 33, 'user', 33, 'user', 33, 'signup', 32),
('owner', 35, 'user', 35, 'user', 35, 'signup', 33),
('owner', 37, 'user', 37, 'user', 37, 'signup', 34),
('owner', 38, 'user', 38, 'user', 38, 'signup', 35),
('owner', 39, 'user', 39, 'user', 39, 'signup', 37),
('owner', 39, 'user', 39, 'groupbuy_deal', 209, 'groupbuy_new', 49),
('owner', 39, 'user', 39, 'groupbuy_deal', 210, 'groupbuy_new', 50),
('owner', 39, 'user', 39, 'groupbuy_deal', 211, 'groupbuy_new', 51),
('owner', 39, 'user', 39, 'groupbuy_deal', 212, 'groupbuy_new', 52),
('owner', 39, 'user', 39, 'groupbuy_deal', 216, 'groupbuy_new', 56),
('owner', 39, 'user', 39, 'groupbuy_deal', 217, 'groupbuy_new', 57),
('owner', 39, 'user', 39, 'groupbuy_deal', 222, 'groupbuy_new', 64),
('owner', 39, 'user', 39, 'groupbuy_deal', 223, 'groupbuy_new', 65),
('owner', 39, 'user', 39, 'groupbuy_deal', 229, 'groupbuy_new', 71),
('owner', 39, 'user', 39, 'groupbuy_deal', 230, 'groupbuy_new', 75),
('owner', 39, 'user', 39, 'groupbuy_deal', 237, 'groupbuy_new', 83),
('owner', 39, 'user', 39, 'groupbuy_deal', 241, 'groupbuy_new', 87),
('owner', 39, 'user', 39, 'groupbuy_deal', 243, 'groupbuy_new', 90),
('owner', 39, 'user', 39, 'groupbuy_deal', 237, 'groupbuy_new', 106),
('owner', 39, 'user', 39, 'groupbuy_deal', 274, 'groupbuy_new', 110),
('owner', 39, 'user', 39, 'groupbuy_deal', 276, 'groupbuy_new', 112),
('owner', 40, 'user', 40, 'user', 40, 'signup', 38),
('owner', 41, 'user', 41, 'user', 41, 'signup', 39),
('owner', 42, 'user', 42, 'user', 42, 'signup', 40),
('owner', 43, 'user', 43, 'user', 43, 'signup', 41),
('owner', 44, 'user', 44, 'user', 44, 'signup', 42),
('owner', 45, 'user', 45, 'user', 45, 'signup', 43),
('owner', 46, 'user', 46, 'user', 46, 'signup', 44),
('owner', 47, 'user', 47, 'user', 47, 'signup', 45),
('owner', 47, 'user', 47, 'groupbuy_deal', 219, 'groupbuy_new', 61),
('owner', 47, 'user', 47, 'groupbuy_deal', 225, 'groupbuy_new', 67),
('owner', 48, 'user', 48, 'user', 48, 'signup', 46),
('owner', 48, 'user', 48, 'groupbuy_deal', 238, 'groupbuy_new', 84),
('owner', 49, 'user', 49, 'user', 49, 'signup', 58),
('owner', 49, 'user', 49, 'groupbuy_deal', 227, 'groupbuy_new', 69),
('owner', 50, 'user', 50, 'user', 50, 'signup', 59),
('owner', 50, 'user', 50, 'groupbuy_deal', 218, 'groupbuy_new', 60),
('owner', 50, 'user', 50, 'groupbuy_deal', 246, 'groupbuy_new', 95),
('owner', 51, 'user', 51, 'user', 51, 'signup', 72),
('owner', 51, 'user', 51, 'user', 1, 'friends', 74),
('owner', 52, 'user', 52, 'user', 52, 'signup', 78),
('owner', 52, 'user', 52, 'groupbuy_deal', 233, 'groupbuy_new', 79),
('owner', 52, 'user', 52, 'groupbuy_deal', 234, 'groupbuy_new', 80),
('owner', 52, 'user', 52, 'groupbuy_deal', 235, 'groupbuy_new', 81),
('owner', 53, 'user', 53, 'user', 53, 'signup', 88),
('owner', 54, 'user', 54, 'user', 54, 'signup', 91),
('owner', 54, 'user', 54, 'groupbuy_deal', 244, 'groupbuy_new', 92),
('owner', 54, 'user', 54, 'groupbuy_deal', 247, 'groupbuy_new', 96),
('owner', 54, 'user', 54, 'groupbuy_deal', 267, 'groupbuy_new', 104),
('owner', 54, 'user', 54, 'groupbuy_deal', 270, 'groupbuy_new', 105),
('owner', 54, 'user', 54, 'groupbuy_deal', 271, 'groupbuy_new', 107),
('owner', 54, 'user', 54, 'groupbuy_deal', 272, 'groupbuy_new', 108),
('owner', 54, 'user', 54, 'groupbuy_deal', 275, 'groupbuy_new', 109),
('owner', 54, 'user', 54, 'groupbuy_deal', 278, 'groupbuy_new', 114),
('owner', 54, 'user', 54, 'groupbuy_deal', 1, 'groupbuy_new', 118),
('owner', 54, 'user', 54, 'groupbuy_deal', 6, 'groupbuy_new', 120),
('owner', 54, 'user', 54, 'groupbuy_deal', 5, 'groupbuy_new', 121),
('owner', 54, 'user', 54, 'groupbuy_deal', 9, 'groupbuy_new', 131),
('owner', 55, 'user', 55, 'user', 55, 'signup', 94),
('owner', 55, 'user', 55, 'user', 1, 'friends', 98),
('owner', 55, 'user', 55, 'user', 55, 'profile_photo_update', 117),
('owner', 56, 'user', 56, 'user', 56, 'signup', 97),
('owner', 57, 'user', 57, 'user', 57, 'signup', 100),
('owner', 58, 'user', 58, 'user', 58, 'signup', 101),
('owner', 59, 'user', 59, 'user', 59, 'signup', 102),
('owner', 59, 'user', 59, 'user', 59, 'profile_photo_update', 122),
('owner', 59, 'user', 59, 'groupbuy_deal', 8, 'groupbuy_new', 123),
('owner', 59, 'user', 59, 'groupbuy_deal', 4, 'groupbuy_new', 124),
('owner', 59, 'user', 59, 'groupbuy_deal', 10, 'groupbuy_new', 126),
('owner', 59, 'user', 59, 'groupbuy_deal', 13, 'groupbuy_new', 127),
('owner', 60, 'user', 60, 'user', 60, 'signup', 119),
('owner', 60, 'user', 60, 'groupbuy_deal', 7, 'groupbuy_new', 125),
('owner', 61, 'user', 61, 'user', 61, 'signup', 128),
('owner', 61, 'user', 61, 'groupbuy_deal', 14, 'groupbuy_new', 130),
('owner', 62, 'user', 62, 'user', 62, 'signup', 129),
('owner', 63, 'user', 63, 'user', 63, 'signup', 132),
('owner', 64, 'user', 64, 'user', 64, 'signup', 133),
('owner', 65, 'user', 65, 'user', 65, 'signup', 134),
('owner', 66, 'user', 66, 'user', 66, 'signup', 135),
('owner', 67, 'user', 67, 'user', 67, 'signup', 136),
('owner', 68, 'user', 68, 'user', 68, 'signup', 137),
('parent', 1, 'user', 51, 'user', 1, 'friends', 74),
('parent', 1, 'user', 55, 'user', 1, 'friends', 98),
('parent', 2, 'user', 2, 'user', 2, 'signup', 1),
('parent', 3, 'user', 3, 'user', 3, 'signup', 2),
('parent', 4, 'user', 4, 'user', 4, 'signup', 3),
('parent', 5, 'user', 5, 'user', 5, 'signup', 4),
('parent', 6, 'user', 6, 'user', 6, 'signup', 5),
('parent', 7, 'user', 7, 'user', 7, 'signup', 6),
('parent', 8, 'user', 8, 'user', 8, 'signup', 7),
('parent', 9, 'user', 9, 'user', 9, 'signup', 8),
('parent', 10, 'user', 10, 'user', 10, 'signup', 9),
('parent', 11, 'user', 11, 'user', 11, 'signup', 10),
('parent', 12, 'user', 12, 'user', 12, 'signup', 11),
('parent', 13, 'user', 13, 'user', 13, 'signup', 12),
('parent', 14, 'user', 14, 'user', 14, 'signup', 13),
('parent', 15, 'user', 15, 'user', 15, 'signup', 14),
('parent', 16, 'user', 16, 'user', 16, 'signup', 15),
('parent', 17, 'user', 17, 'user', 17, 'signup', 16),
('parent', 18, 'user', 18, 'user', 18, 'signup', 17),
('parent', 19, 'user', 19, 'user', 19, 'signup', 18),
('parent', 20, 'user', 20, 'user', 20, 'signup', 19),
('parent', 21, 'user', 21, 'user', 21, 'signup', 20),
('parent', 22, 'user', 22, 'user', 22, 'signup', 21),
('parent', 23, 'user', 23, 'user', 23, 'signup', 22),
('parent', 25, 'user', 25, 'user', 25, 'signup', 24),
('parent', 26, 'user', 26, 'user', 26, 'signup', 25),
('parent', 27, 'user', 27, 'user', 27, 'signup', 26),
('parent', 28, 'user', 28, 'user', 28, 'signup', 27),
('parent', 29, 'user', 29, 'user', 29, 'signup', 28),
('parent', 30, 'user', 30, 'user', 30, 'signup', 29),
('parent', 31, 'user', 31, 'user', 31, 'signup', 30),
('parent', 32, 'user', 32, 'user', 32, 'signup', 31),
('parent', 33, 'user', 33, 'user', 33, 'signup', 32),
('parent', 35, 'user', 35, 'user', 35, 'signup', 33),
('parent', 37, 'user', 37, 'user', 37, 'signup', 34),
('parent', 38, 'user', 38, 'user', 38, 'signup', 35),
('parent', 39, 'user', 39, 'user', 39, 'signup', 37),
('parent', 40, 'user', 40, 'user', 40, 'signup', 38),
('parent', 41, 'user', 41, 'user', 41, 'signup', 39),
('parent', 42, 'user', 42, 'user', 42, 'signup', 40),
('parent', 43, 'user', 43, 'user', 43, 'signup', 41),
('parent', 44, 'user', 44, 'user', 44, 'signup', 42),
('parent', 45, 'user', 45, 'user', 45, 'signup', 43),
('parent', 46, 'user', 46, 'user', 46, 'signup', 44),
('parent', 47, 'user', 47, 'user', 47, 'signup', 45),
('parent', 48, 'user', 48, 'user', 48, 'signup', 46),
('parent', 49, 'user', 49, 'user', 49, 'signup', 58),
('parent', 50, 'user', 50, 'user', 50, 'signup', 59),
('parent', 51, 'user', 51, 'user', 51, 'signup', 72),
('parent', 51, 'user', 1, 'user', 51, 'friends', 73),
('parent', 52, 'user', 52, 'user', 52, 'signup', 78),
('parent', 53, 'user', 53, 'user', 53, 'signup', 88),
('parent', 54, 'user', 54, 'user', 54, 'signup', 91),
('parent', 55, 'user', 55, 'user', 55, 'signup', 94),
('parent', 55, 'user', 1, 'user', 55, 'friends', 99),
('parent', 55, 'user', 55, 'user', 55, 'profile_photo_update', 117),
('parent', 56, 'user', 56, 'user', 56, 'signup', 97),
('parent', 57, 'user', 57, 'user', 57, 'signup', 100),
('parent', 58, 'user', 58, 'user', 58, 'signup', 101),
('parent', 59, 'user', 59, 'user', 59, 'signup', 102),
('parent', 59, 'user', 59, 'user', 59, 'profile_photo_update', 122),
('parent', 60, 'user', 60, 'user', 60, 'signup', 119),
('parent', 61, 'user', 61, 'user', 61, 'signup', 128),
('parent', 62, 'user', 62, 'user', 62, 'signup', 129),
('parent', 63, 'user', 63, 'user', 63, 'signup', 132),
('parent', 64, 'user', 64, 'user', 64, 'signup', 133),
('parent', 65, 'user', 65, 'user', 65, 'signup', 134),
('parent', 66, 'user', 66, 'user', 66, 'signup', 135),
('parent', 67, 'user', 67, 'user', 67, 'signup', 136),
('parent', 68, 'user', 68, 'user', 68, 'signup', 137),
('registered', 0, 'user', 2, 'user', 2, 'signup', 1),
('registered', 0, 'user', 3, 'user', 3, 'signup', 2),
('registered', 0, 'user', 4, 'user', 4, 'signup', 3),
('registered', 0, 'user', 5, 'user', 5, 'signup', 4),
('registered', 0, 'user', 6, 'user', 6, 'signup', 5),
('registered', 0, 'user', 7, 'user', 7, 'signup', 6),
('registered', 0, 'user', 8, 'user', 8, 'signup', 7),
('registered', 0, 'user', 9, 'user', 9, 'signup', 8),
('registered', 0, 'user', 10, 'user', 10, 'signup', 9),
('registered', 0, 'user', 11, 'user', 11, 'signup', 10),
('registered', 0, 'user', 12, 'user', 12, 'signup', 11),
('registered', 0, 'user', 13, 'user', 13, 'signup', 12),
('registered', 0, 'user', 14, 'user', 14, 'signup', 13),
('registered', 0, 'user', 15, 'user', 15, 'signup', 14),
('registered', 0, 'user', 16, 'user', 16, 'signup', 15),
('registered', 0, 'user', 17, 'user', 17, 'signup', 16),
('registered', 0, 'user', 18, 'user', 18, 'signup', 17),
('registered', 0, 'user', 19, 'user', 19, 'signup', 18),
('registered', 0, 'user', 20, 'user', 20, 'signup', 19),
('registered', 0, 'user', 21, 'user', 21, 'signup', 20),
('registered', 0, 'user', 22, 'user', 22, 'signup', 21),
('registered', 0, 'user', 23, 'user', 23, 'signup', 22),
('registered', 0, 'user', 1, 'groupbuy_deal', 1, 'groupbuy_new', 23),
('registered', 0, 'user', 25, 'user', 25, 'signup', 24),
('registered', 0, 'user', 26, 'user', 26, 'signup', 25),
('registered', 0, 'user', 27, 'user', 27, 'signup', 26),
('registered', 0, 'user', 28, 'user', 28, 'signup', 27),
('registered', 0, 'user', 29, 'user', 29, 'signup', 28),
('registered', 0, 'user', 30, 'user', 30, 'signup', 29),
('registered', 0, 'user', 31, 'user', 31, 'signup', 30),
('registered', 0, 'user', 32, 'user', 32, 'signup', 31),
('registered', 0, 'user', 33, 'user', 33, 'signup', 32),
('registered', 0, 'user', 35, 'user', 35, 'signup', 33),
('registered', 0, 'user', 37, 'user', 37, 'signup', 34),
('registered', 0, 'user', 38, 'user', 38, 'signup', 35),
('registered', 0, 'user', 1, 'groupbuy_deal', 6, 'groupbuy_new', 36),
('registered', 0, 'user', 39, 'user', 39, 'signup', 37),
('registered', 0, 'user', 40, 'user', 40, 'signup', 38),
('registered', 0, 'user', 41, 'user', 41, 'signup', 39),
('registered', 0, 'user', 42, 'user', 42, 'signup', 40),
('registered', 0, 'user', 43, 'user', 43, 'signup', 41),
('registered', 0, 'user', 44, 'user', 44, 'signup', 42),
('registered', 0, 'user', 45, 'user', 45, 'signup', 43),
('registered', 0, 'user', 46, 'user', 46, 'signup', 44),
('registered', 0, 'user', 47, 'user', 47, 'signup', 45),
('registered', 0, 'user', 48, 'user', 48, 'signup', 46),
('registered', 0, 'user', 1, 'groupbuy_deal', 207, 'groupbuy_new', 47),
('registered', 0, 'user', 1, 'groupbuy_deal', 208, 'groupbuy_new', 48),
('registered', 0, 'user', 39, 'groupbuy_deal', 209, 'groupbuy_new', 49),
('registered', 0, 'user', 39, 'groupbuy_deal', 210, 'groupbuy_new', 50),
('registered', 0, 'user', 39, 'groupbuy_deal', 211, 'groupbuy_new', 51),
('registered', 0, 'user', 39, 'groupbuy_deal', 212, 'groupbuy_new', 52),
('registered', 0, 'user', 1, 'groupbuy_deal', 213, 'groupbuy_new', 53),
('registered', 0, 'user', 1, 'groupbuy_deal', 214, 'groupbuy_new', 54),
('registered', 0, 'user', 1, 'groupbuy_deal', 215, 'groupbuy_new', 55),
('registered', 0, 'user', 39, 'groupbuy_deal', 216, 'groupbuy_new', 56),
('registered', 0, 'user', 39, 'groupbuy_deal', 217, 'groupbuy_new', 57),
('registered', 0, 'user', 49, 'user', 49, 'signup', 58),
('registered', 0, 'user', 50, 'user', 50, 'signup', 59),
('registered', 0, 'user', 50, 'groupbuy_deal', 218, 'groupbuy_new', 60),
('registered', 0, 'user', 47, 'groupbuy_deal', 219, 'groupbuy_new', 61),
('registered', 0, 'user', 1, 'groupbuy_deal', 220, 'groupbuy_new', 62),
('registered', 0, 'user', 1, 'groupbuy_deal', 221, 'groupbuy_new', 63),
('registered', 0, 'user', 39, 'groupbuy_deal', 222, 'groupbuy_new', 64),
('registered', 0, 'user', 39, 'groupbuy_deal', 223, 'groupbuy_new', 65),
('registered', 0, 'user', 1, 'groupbuy_deal', 224, 'groupbuy_new', 66),
('registered', 0, 'user', 47, 'groupbuy_deal', 225, 'groupbuy_new', 67),
('registered', 0, 'user', 1, 'groupbuy_deal', 226, 'groupbuy_new', 68),
('registered', 0, 'user', 49, 'groupbuy_deal', 227, 'groupbuy_new', 69),
('registered', 0, 'user', 1, 'groupbuy_deal', 228, 'groupbuy_new', 70),
('registered', 0, 'user', 39, 'groupbuy_deal', 229, 'groupbuy_new', 71),
('registered', 0, 'user', 51, 'user', 51, 'signup', 72),
('registered', 0, 'user', 1, 'user', 51, 'friends', 73),
('registered', 0, 'user', 51, 'user', 1, 'friends', 74),
('registered', 0, 'user', 39, 'groupbuy_deal', 230, 'groupbuy_new', 75),
('registered', 0, 'user', 1, 'groupbuy_deal', 231, 'groupbuy_new', 76),
('registered', 0, 'user', 1, 'groupbuy_deal', 232, 'groupbuy_new', 77),
('registered', 0, 'user', 52, 'user', 52, 'signup', 78),
('registered', 0, 'user', 52, 'groupbuy_deal', 233, 'groupbuy_new', 79),
('registered', 0, 'user', 52, 'groupbuy_deal', 234, 'groupbuy_new', 80),
('registered', 0, 'user', 52, 'groupbuy_deal', 235, 'groupbuy_new', 81),
('registered', 0, 'user', 1, 'groupbuy_deal', 236, 'groupbuy_new', 82),
('registered', 0, 'user', 39, 'groupbuy_deal', 237, 'groupbuy_new', 83),
('registered', 0, 'user', 48, 'groupbuy_deal', 238, 'groupbuy_new', 84),
('registered', 0, 'user', 1, 'groupbuy_deal', 239, 'groupbuy_new', 85),
('registered', 0, 'user', 1, 'groupbuy_deal', 240, 'groupbuy_new', 86),
('registered', 0, 'user', 39, 'groupbuy_deal', 241, 'groupbuy_new', 87),
('registered', 0, 'user', 53, 'user', 53, 'signup', 88),
('registered', 0, 'user', 39, 'groupbuy_deal', 243, 'groupbuy_new', 90),
('registered', 0, 'user', 54, 'user', 54, 'signup', 91),
('registered', 0, 'user', 54, 'groupbuy_deal', 244, 'groupbuy_new', 92),
('registered', 0, 'user', 1, 'groupbuy_deal', 245, 'groupbuy_new', 93),
('registered', 0, 'user', 55, 'user', 55, 'signup', 94),
('registered', 0, 'user', 50, 'groupbuy_deal', 246, 'groupbuy_new', 95),
('registered', 0, 'user', 54, 'groupbuy_deal', 247, 'groupbuy_new', 96),
('registered', 0, 'user', 56, 'user', 56, 'signup', 97),
('registered', 0, 'user', 55, 'user', 1, 'friends', 98),
('registered', 0, 'user', 1, 'user', 55, 'friends', 99),
('registered', 0, 'user', 57, 'user', 57, 'signup', 100),
('registered', 0, 'user', 58, 'user', 58, 'signup', 101),
('registered', 0, 'user', 59, 'user', 59, 'signup', 102),
('registered', 0, 'user', 1, 'groupbuy_deal', 226, 'groupbuy_new', 103),
('registered', 0, 'user', 39, 'groupbuy_deal', 237, 'groupbuy_new', 106),
('registered', 0, 'user', 55, 'user', 55, 'profile_photo_update', 117),
('registered', 0, 'user', 54, 'groupbuy_deal', 1, 'groupbuy_new', 118),
('registered', 0, 'user', 60, 'user', 60, 'signup', 119),
('registered', 0, 'user', 54, 'groupbuy_deal', 6, 'groupbuy_new', 120),
('registered', 0, 'user', 59, 'user', 59, 'profile_photo_update', 122),
('registered', 0, 'user', 61, 'user', 61, 'signup', 128),
('registered', 0, 'user', 62, 'user', 62, 'signup', 129),
('registered', 0, 'user', 63, 'user', 63, 'signup', 132),
('registered', 0, 'user', 64, 'user', 64, 'signup', 133),
('registered', 0, 'user', 65, 'user', 65, 'signup', 134),
('registered', 0, 'user', 66, 'user', 66, 'signup', 135),
('registered', 0, 'user', 67, 'user', 67, 'signup', 136),
('registered', 0, 'user', 68, 'user', 68, 'signup', 137);

-- --------------------------------------------------------

--
-- Table structure for table `engine4_announcement_announcements`
--

CREATE TABLE IF NOT EXISTS `engine4_announcement_announcements` (
  `announcement_id` int(11) unsigned NOT NULL auto_increment,
  `user_id` int(11) unsigned NOT NULL,
  `title` varchar(255) collate utf8_unicode_ci NOT NULL,
  `body` text collate utf8_unicode_ci NOT NULL,
  `creation_date` datetime NOT NULL,
  `modified_date` datetime default NULL,
  PRIMARY KEY  (`announcement_id`),
  KEY `user_id` (`user_id`)
) ENGINE=InnoDB DEFAULT CHARSET=utf8 COLLATE=utf8_unicode_ci AUTO_INCREMENT=1 ;

-- --------------------------------------------------------

--
-- Table structure for table `engine4_authorization_allow`
--

CREATE TABLE IF NOT EXISTS `engine4_authorization_allow` (
  `resource_type` varchar(24) character set latin1 collate latin1_general_ci NOT NULL,
  `resource_id` int(11) unsigned NOT NULL,
  `action` varchar(16) character set latin1 collate latin1_general_ci NOT NULL,
  `role` varchar(24) character set latin1 collate latin1_general_ci NOT NULL,
  `role_id` int(11) unsigned NOT NULL default '0',
  `value` tinyint(1) NOT NULL default '0',
  `params` text collate utf8_unicode_ci,
  PRIMARY KEY  (`resource_type`,`resource_id`,`action`,`role`,`role_id`)
) ENGINE=InnoDB DEFAULT CHARSET=utf8 COLLATE=utf8_unicode_ci;

--
-- Dumping data for table `engine4_authorization_allow`
--

INSERT INTO `engine4_authorization_allow` (`resource_type`, `resource_id`, `action`, `role`, `role_id`, `value`, `params`) VALUES
('groupbuy_deal', 1, 'comment', 'everyone', 0, 1, NULL),
('groupbuy_deal', 1, 'comment', 'owner_member', 0, 1, NULL),
('groupbuy_deal', 1, 'comment', 'owner_member_member', 0, 1, NULL),
('groupbuy_deal', 1, 'comment', 'owner_network', 0, 1, NULL),
('groupbuy_deal', 1, 'comment', 'registered', 0, 1, NULL),
('groupbuy_deal', 1, 'view', 'everyone', 0, 1, NULL),
('groupbuy_deal', 1, 'view', 'owner_member', 0, 1, NULL),
('groupbuy_deal', 1, 'view', 'owner_member_member', 0, 1, NULL),
('groupbuy_deal', 1, 'view', 'owner_network', 0, 1, NULL),
('groupbuy_deal', 1, 'view', 'registered', 0, 1, NULL),
('groupbuy_deal', 2, 'comment', 'everyone', 0, 1, NULL),
('groupbuy_deal', 2, 'comment', 'owner_member', 0, 1, NULL),
('groupbuy_deal', 2, 'comment', 'owner_member_member', 0, 1, NULL),
('groupbuy_deal', 2, 'comment', 'owner_network', 0, 1, NULL),
('groupbuy_deal', 2, 'comment', 'registered', 0, 1, NULL),
('groupbuy_deal', 3, 'comment', 'everyone', 0, 1, NULL),
('groupbuy_deal', 3, 'comment', 'owner_member', 0, 1, NULL),
('groupbuy_deal', 3, 'comment', 'owner_member_member', 0, 1, NULL),
('groupbuy_deal', 3, 'comment', 'owner_network', 0, 1, NULL),
('groupbuy_deal', 3, 'comment', 'registered', 0, 1, NULL),
('groupbuy_deal', 4, 'comment', 'everyone', 0, 1, NULL),
('groupbuy_deal', 4, 'comment', 'owner_member', 0, 1, NULL),
('groupbuy_deal', 4, 'comment', 'owner_member_member', 0, 1, NULL),
('groupbuy_deal', 4, 'comment', 'owner_network', 0, 1, NULL),
('groupbuy_deal', 4, 'comment', 'registered', 0, 1, NULL),
('groupbuy_deal', 5, 'comment', 'everyone', 0, 1, NULL),
('groupbuy_deal', 5, 'comment', 'owner_member', 0, 1, NULL),
('groupbuy_deal', 5, 'comment', 'owner_member_member', 0, 1, NULL),
('groupbuy_deal', 5, 'comment', 'owner_network', 0, 1, NULL),
('groupbuy_deal', 5, 'comment', 'registered', 0, 1, NULL),
('groupbuy_deal', 6, 'comment', 'everyone', 0, 1, NULL),
('groupbuy_deal', 6, 'comment', 'owner_member', 0, 1, NULL),
('groupbuy_deal', 6, 'comment', 'owner_member_member', 0, 1, NULL),
('groupbuy_deal', 6, 'comment', 'owner_network', 0, 1, NULL),
('groupbuy_deal', 6, 'comment', 'registered', 0, 1, NULL),
('groupbuy_deal', 6, 'view', 'everyone', 0, 1, NULL),
('groupbuy_deal', 6, 'view', 'owner_member', 0, 1, NULL),
('groupbuy_deal', 6, 'view', 'owner_member_member', 0, 1, NULL),
('groupbuy_deal', 6, 'view', 'owner_network', 0, 1, NULL),
('groupbuy_deal', 6, 'view', 'registered', 0, 1, NULL),
('groupbuy_deal', 7, 'comment', 'everyone', 0, 1, NULL),
('groupbuy_deal', 7, 'comment', 'owner_member', 0, 1, NULL),
('groupbuy_deal', 7, 'comment', 'owner_member_member', 0, 1, NULL),
('groupbuy_deal', 7, 'comment', 'owner_network', 0, 1, NULL),
('groupbuy_deal', 7, 'comment', 'registered', 0, 1, NULL),
('groupbuy_deal', 8, 'comment', 'everyone', 0, 1, NULL),
('groupbuy_deal', 8, 'comment', 'owner_member', 0, 1, NULL),
('groupbuy_deal', 8, 'comment', 'owner_member_member', 0, 1, NULL),
('groupbuy_deal', 8, 'comment', 'owner_network', 0, 1, NULL),
('groupbuy_deal', 8, 'comment', 'registered', 0, 1, NULL),
('groupbuy_deal', 9, 'comment', 'everyone', 0, 1, NULL),
('groupbuy_deal', 9, 'comment', 'owner_member', 0, 1, NULL),
('groupbuy_deal', 9, 'comment', 'owner_member_member', 0, 1, NULL),
('groupbuy_deal', 9, 'comment', 'owner_network', 0, 1, NULL),
('groupbuy_deal', 9, 'comment', 'registered', 0, 1, NULL),
('groupbuy_deal', 10, 'comment', 'everyone', 0, 1, NULL),
('groupbuy_deal', 10, 'comment', 'owner_member', 0, 1, NULL),
('groupbuy_deal', 10, 'comment', 'owner_member_member', 0, 1, NULL),
('groupbuy_deal', 10, 'comment', 'owner_network', 0, 1, NULL),
('groupbuy_deal', 10, 'comment', 'registered', 0, 1, NULL),
('groupbuy_deal', 11, 'comment', 'everyone', 0, 1, NULL),
('groupbuy_deal', 11, 'comment', 'owner_member', 0, 1, NULL),
('groupbuy_deal', 11, 'comment', 'owner_member_member', 0, 1, NULL),
('groupbuy_deal', 11, 'comment', 'owner_network', 0, 1, NULL),
('groupbuy_deal', 11, 'comment', 'registered', 0, 1, NULL),
('groupbuy_deal', 12, 'comment', 'everyone', 0, 1, NULL),
('groupbuy_deal', 12, 'comment', 'owner_member', 0, 1, NULL),
('groupbuy_deal', 12, 'comment', 'owner_member_member', 0, 1, NULL),
('groupbuy_deal', 12, 'comment', 'owner_network', 0, 1, NULL),
('groupbuy_deal', 12, 'comment', 'registered', 0, 1, NULL),
('groupbuy_deal', 13, 'comment', 'everyone', 0, 1, NULL),
('groupbuy_deal', 13, 'comment', 'owner_member', 0, 1, NULL),
('groupbuy_deal', 13, 'comment', 'owner_member_member', 0, 1, NULL),
('groupbuy_deal', 13, 'comment', 'owner_network', 0, 1, NULL),
('groupbuy_deal', 13, 'comment', 'registered', 0, 1, NULL),
('groupbuy_deal', 14, 'comment', 'everyone', 0, 1, NULL),
('groupbuy_deal', 14, 'comment', 'owner_member', 0, 1, NULL),
('groupbuy_deal', 14, 'comment', 'owner_member_member', 0, 1, NULL),
('groupbuy_deal', 14, 'comment', 'owner_network', 0, 1, NULL),
('groupbuy_deal', 14, 'comment', 'registered', 0, 1, NULL),
('groupbuy_deal', 15, 'comment', 'everyone', 0, 1, NULL),
('groupbuy_deal', 15, 'comment', 'owner_member', 0, 1, NULL),
('groupbuy_deal', 15, 'comment', 'owner_member_member', 0, 1, NULL),
('groupbuy_deal', 15, 'comment', 'owner_network', 0, 1, NULL),
('groupbuy_deal', 15, 'comment', 'registered', 0, 1, NULL),
('groupbuy_deal', 15, 'view', 'everyone', 0, 1, NULL),
('groupbuy_deal', 15, 'view', 'owner_member', 0, 1, NULL),
('groupbuy_deal', 15, 'view', 'owner_member_member', 0, 1, NULL),
('groupbuy_deal', 15, 'view', 'owner_network', 0, 1, NULL),
('groupbuy_deal', 16, 'comment', 'everyone', 0, 1, NULL),
('groupbuy_deal', 16, 'comment', 'owner_member', 0, 1, NULL),
('groupbuy_deal', 16, 'comment', 'owner_member_member', 0, 1, NULL),
('groupbuy_deal', 16, 'comment', 'owner_network', 0, 1, NULL),
('groupbuy_deal', 16, 'comment', 'registered', 0, 1, NULL),
('groupbuy_deal', 207, 'comment', 'everyone', 0, 1, NULL),
('groupbuy_deal', 207, 'comment', 'owner_member', 0, 1, NULL),
('groupbuy_deal', 207, 'comment', 'owner_member_member', 0, 1, NULL),
('groupbuy_deal', 207, 'comment', 'owner_network', 0, 1, NULL),
('groupbuy_deal', 207, 'comment', 'registered', 0, 1, NULL),
('groupbuy_deal', 207, 'view', 'everyone', 0, 1, NULL),
('groupbuy_deal', 207, 'view', 'owner_member', 0, 1, NULL),
('groupbuy_deal', 207, 'view', 'owner_member_member', 0, 1, NULL),
('groupbuy_deal', 207, 'view', 'owner_network', 0, 1, NULL),
('groupbuy_deal', 207, 'view', 'registered', 0, 1, NULL),
('groupbuy_deal', 208, 'comment', 'everyone', 0, 1, NULL),
('groupbuy_deal', 208, 'comment', 'owner_member', 0, 1, NULL),
('groupbuy_deal', 208, 'comment', 'owner_member_member', 0, 1, NULL),
('groupbuy_deal', 208, 'comment', 'owner_network', 0, 1, NULL),
('groupbuy_deal', 208, 'comment', 'registered', 0, 1, NULL),
('groupbuy_deal', 208, 'view', 'everyone', 0, 1, NULL),
('groupbuy_deal', 208, 'view', 'owner_member', 0, 1, NULL),
('groupbuy_deal', 208, 'view', 'owner_member_member', 0, 1, NULL),
('groupbuy_deal', 208, 'view', 'owner_network', 0, 1, NULL),
('groupbuy_deal', 208, 'view', 'registered', 0, 1, NULL),
('groupbuy_deal', 209, 'comment', 'everyone', 0, 1, NULL),
('groupbuy_deal', 209, 'comment', 'owner_member', 0, 1, NULL),
('groupbuy_deal', 209, 'comment', 'owner_member_member', 0, 1, NULL),
('groupbuy_deal', 209, 'comment', 'owner_network', 0, 1, NULL),
('groupbuy_deal', 209, 'comment', 'registered', 0, 1, NULL),
('groupbuy_deal', 209, 'view', 'everyone', 0, 1, NULL),
('groupbuy_deal', 209, 'view', 'owner_member', 0, 1, NULL),
('groupbuy_deal', 209, 'view', 'owner_member_member', 0, 1, NULL),
('groupbuy_deal', 209, 'view', 'owner_network', 0, 1, NULL),
('groupbuy_deal', 209, 'view', 'registered', 0, 1, NULL),
('groupbuy_deal', 210, 'comment', 'everyone', 0, 1, NULL),
('groupbuy_deal', 210, 'comment', 'owner_member', 0, 1, NULL),
('groupbuy_deal', 210, 'comment', 'owner_member_member', 0, 1, NULL),
('groupbuy_deal', 210, 'comment', 'owner_network', 0, 1, NULL),
('groupbuy_deal', 210, 'comment', 'registered', 0, 1, NULL),
('groupbuy_deal', 210, 'view', 'everyone', 0, 1, NULL),
('groupbuy_deal', 210, 'view', 'owner_member', 0, 1, NULL),
('groupbuy_deal', 210, 'view', 'owner_member_member', 0, 1, NULL),
('groupbuy_deal', 210, 'view', 'owner_network', 0, 1, NULL),
('groupbuy_deal', 210, 'view', 'registered', 0, 1, NULL),
('groupbuy_deal', 211, 'comment', 'everyone', 0, 1, NULL),
('groupbuy_deal', 211, 'comment', 'owner_member', 0, 1, NULL),
('groupbuy_deal', 211, 'comment', 'owner_member_member', 0, 1, NULL),
('groupbuy_deal', 211, 'comment', 'owner_network', 0, 1, NULL),
('groupbuy_deal', 211, 'comment', 'registered', 0, 1, NULL),
('groupbuy_deal', 211, 'view', 'everyone', 0, 1, NULL),
('groupbuy_deal', 211, 'view', 'owner_member', 0, 1, NULL),
('groupbuy_deal', 211, 'view', 'owner_member_member', 0, 1, NULL),
('groupbuy_deal', 211, 'view', 'owner_network', 0, 1, NULL),
('groupbuy_deal', 211, 'view', 'registered', 0, 1, NULL),
('groupbuy_deal', 212, 'comment', 'everyone', 0, 1, NULL),
('groupbuy_deal', 212, 'comment', 'owner_member', 0, 1, NULL),
('groupbuy_deal', 212, 'comment', 'owner_member_member', 0, 1, NULL),
('groupbuy_deal', 212, 'comment', 'owner_network', 0, 1, NULL),
('groupbuy_deal', 212, 'comment', 'registered', 0, 1, NULL),
('groupbuy_deal', 212, 'view', 'everyone', 0, 1, NULL),
('groupbuy_deal', 212, 'view', 'owner_member', 0, 1, NULL),
('groupbuy_deal', 212, 'view', 'owner_member_member', 0, 1, NULL),
('groupbuy_deal', 212, 'view', 'owner_network', 0, 1, NULL),
('groupbuy_deal', 212, 'view', 'registered', 0, 1, NULL),
('groupbuy_deal', 213, 'comment', 'everyone', 0, 1, NULL),
('groupbuy_deal', 213, 'comment', 'owner_member', 0, 1, NULL),
('groupbuy_deal', 213, 'comment', 'owner_member_member', 0, 1, NULL),
('groupbuy_deal', 213, 'comment', 'owner_network', 0, 1, NULL),
('groupbuy_deal', 213, 'comment', 'registered', 0, 1, NULL),
('groupbuy_deal', 213, 'view', 'everyone', 0, 1, NULL),
('groupbuy_deal', 213, 'view', 'owner_member', 0, 1, NULL),
('groupbuy_deal', 213, 'view', 'owner_member_member', 0, 1, NULL),
('groupbuy_deal', 213, 'view', 'owner_network', 0, 1, NULL),
('groupbuy_deal', 213, 'view', 'registered', 0, 1, NULL),
('groupbuy_deal', 214, 'comment', 'everyone', 0, 1, NULL),
('groupbuy_deal', 214, 'comment', 'owner_member', 0, 1, NULL),
('groupbuy_deal', 214, 'comment', 'owner_member_member', 0, 1, NULL),
('groupbuy_deal', 214, 'comment', 'owner_network', 0, 1, NULL),
('groupbuy_deal', 214, 'comment', 'registered', 0, 1, NULL),
('groupbuy_deal', 214, 'view', 'everyone', 0, 1, NULL),
('groupbuy_deal', 214, 'view', 'owner_member', 0, 1, NULL),
('groupbuy_deal', 214, 'view', 'owner_member_member', 0, 1, NULL),
('groupbuy_deal', 214, 'view', 'owner_network', 0, 1, NULL),
('groupbuy_deal', 214, 'view', 'registered', 0, 1, NULL),
('groupbuy_deal', 215, 'comment', 'everyone', 0, 1, NULL),
('groupbuy_deal', 215, 'comment', 'owner_member', 0, 1, NULL),
('groupbuy_deal', 215, 'comment', 'owner_member_member', 0, 1, NULL),
('groupbuy_deal', 215, 'comment', 'owner_network', 0, 1, NULL),
('groupbuy_deal', 215, 'comment', 'registered', 0, 1, NULL),
('groupbuy_deal', 215, 'view', 'everyone', 0, 1, NULL),
('groupbuy_deal', 215, 'view', 'owner_member', 0, 1, NULL),
('groupbuy_deal', 215, 'view', 'owner_member_member', 0, 1, NULL),
('groupbuy_deal', 215, 'view', 'owner_network', 0, 1, NULL),
('groupbuy_deal', 215, 'view', 'registered', 0, 1, NULL),
('groupbuy_deal', 216, 'comment', 'everyone', 0, 1, NULL),
('groupbuy_deal', 216, 'comment', 'owner_member', 0, 1, NULL),
('groupbuy_deal', 216, 'comment', 'owner_member_member', 0, 1, NULL),
('groupbuy_deal', 216, 'comment', 'owner_network', 0, 1, NULL),
('groupbuy_deal', 216, 'comment', 'registered', 0, 1, NULL),
('groupbuy_deal', 216, 'view', 'everyone', 0, 1, NULL),
('groupbuy_deal', 216, 'view', 'owner_member', 0, 1, NULL),
('groupbuy_deal', 216, 'view', 'owner_member_member', 0, 1, NULL),
('groupbuy_deal', 216, 'view', 'owner_network', 0, 1, NULL),
('groupbuy_deal', 216, 'view', 'registered', 0, 1, NULL),
('groupbuy_deal', 217, 'comment', 'everyone', 0, 1, NULL),
('groupbuy_deal', 217, 'comment', 'owner_member', 0, 1, NULL),
('groupbuy_deal', 217, 'comment', 'owner_member_member', 0, 1, NULL),
('groupbuy_deal', 217, 'comment', 'owner_network', 0, 1, NULL),
('groupbuy_deal', 217, 'comment', 'registered', 0, 1, NULL),
('groupbuy_deal', 217, 'view', 'everyone', 0, 1, NULL),
('groupbuy_deal', 217, 'view', 'owner_member', 0, 1, NULL),
('groupbuy_deal', 217, 'view', 'owner_member_member', 0, 1, NULL),
('groupbuy_deal', 217, 'view', 'owner_network', 0, 1, NULL),
('groupbuy_deal', 217, 'view', 'registered', 0, 1, NULL),
('groupbuy_deal', 218, 'comment', 'everyone', 0, 1, NULL),
('groupbuy_deal', 218, 'comment', 'owner_member', 0, 1, NULL),
('groupbuy_deal', 218, 'comment', 'owner_member_member', 0, 1, NULL),
('groupbuy_deal', 218, 'comment', 'owner_network', 0, 1, NULL),
('groupbuy_deal', 218, 'comment', 'registered', 0, 1, NULL),
('groupbuy_deal', 218, 'view', 'everyone', 0, 1, NULL),
('groupbuy_deal', 218, 'view', 'owner_member', 0, 1, NULL),
('groupbuy_deal', 218, 'view', 'owner_member_member', 0, 1, NULL),
('groupbuy_deal', 218, 'view', 'owner_network', 0, 1, NULL),
('groupbuy_deal', 218, 'view', 'registered', 0, 1, NULL),
('groupbuy_deal', 219, 'comment', 'everyone', 0, 1, NULL),
('groupbuy_deal', 219, 'comment', 'owner_member', 0, 1, NULL),
('groupbuy_deal', 219, 'comment', 'owner_member_member', 0, 1, NULL),
('groupbuy_deal', 219, 'comment', 'owner_network', 0, 1, NULL),
('groupbuy_deal', 219, 'comment', 'registered', 0, 1, NULL),
('groupbuy_deal', 219, 'view', 'everyone', 0, 1, NULL),
('groupbuy_deal', 219, 'view', 'owner_member', 0, 1, NULL),
('groupbuy_deal', 219, 'view', 'owner_member_member', 0, 1, NULL),
('groupbuy_deal', 219, 'view', 'owner_network', 0, 1, NULL),
('groupbuy_deal', 219, 'view', 'registered', 0, 1, NULL),
('groupbuy_deal', 220, 'comment', 'everyone', 0, 1, NULL),
('groupbuy_deal', 220, 'comment', 'owner_member', 0, 1, NULL),
('groupbuy_deal', 220, 'comment', 'owner_member_member', 0, 1, NULL),
('groupbuy_deal', 220, 'comment', 'owner_network', 0, 1, NULL),
('groupbuy_deal', 220, 'comment', 'registered', 0, 1, NULL),
('groupbuy_deal', 220, 'view', 'everyone', 0, 1, NULL),
('groupbuy_deal', 220, 'view', 'owner_member', 0, 1, NULL),
('groupbuy_deal', 220, 'view', 'owner_member_member', 0, 1, NULL),
('groupbuy_deal', 220, 'view', 'owner_network', 0, 1, NULL),
('groupbuy_deal', 220, 'view', 'registered', 0, 1, NULL),
('groupbuy_deal', 221, 'comment', 'everyone', 0, 1, NULL),
('groupbuy_deal', 221, 'comment', 'owner_member', 0, 1, NULL),
('groupbuy_deal', 221, 'comment', 'owner_member_member', 0, 1, NULL),
('groupbuy_deal', 221, 'comment', 'owner_network', 0, 1, NULL),
('groupbuy_deal', 221, 'comment', 'registered', 0, 1, NULL),
('groupbuy_deal', 221, 'view', 'everyone', 0, 1, NULL),
('groupbuy_deal', 221, 'view', 'owner_member', 0, 1, NULL),
('groupbuy_deal', 221, 'view', 'owner_member_member', 0, 1, NULL),
('groupbuy_deal', 221, 'view', 'owner_network', 0, 1, NULL),
('groupbuy_deal', 221, 'view', 'registered', 0, 1, NULL),
('groupbuy_deal', 222, 'comment', 'everyone', 0, 1, NULL),
('groupbuy_deal', 222, 'comment', 'owner_member', 0, 1, NULL),
('groupbuy_deal', 222, 'comment', 'owner_member_member', 0, 1, NULL),
('groupbuy_deal', 222, 'comment', 'owner_network', 0, 1, NULL),
('groupbuy_deal', 222, 'comment', 'registered', 0, 1, NULL),
('groupbuy_deal', 222, 'view', 'everyone', 0, 1, NULL),
('groupbuy_deal', 222, 'view', 'owner_member', 0, 1, NULL),
('groupbuy_deal', 222, 'view', 'owner_member_member', 0, 1, NULL),
('groupbuy_deal', 222, 'view', 'owner_network', 0, 1, NULL),
('groupbuy_deal', 222, 'view', 'registered', 0, 1, NULL),
('groupbuy_deal', 223, 'comment', 'everyone', 0, 1, NULL),
('groupbuy_deal', 223, 'comment', 'owner_member', 0, 1, NULL),
('groupbuy_deal', 223, 'comment', 'owner_member_member', 0, 1, NULL),
('groupbuy_deal', 223, 'comment', 'owner_network', 0, 1, NULL),
('groupbuy_deal', 223, 'comment', 'registered', 0, 1, NULL),
('groupbuy_deal', 223, 'view', 'everyone', 0, 1, NULL),
('groupbuy_deal', 223, 'view', 'owner_member', 0, 1, NULL),
('groupbuy_deal', 223, 'view', 'owner_member_member', 0, 1, NULL),
('groupbuy_deal', 223, 'view', 'owner_network', 0, 1, NULL),
('groupbuy_deal', 223, 'view', 'registered', 0, 1, NULL),
('groupbuy_deal', 224, 'comment', 'everyone', 0, 1, NULL),
('groupbuy_deal', 224, 'comment', 'owner_member', 0, 1, NULL),
('groupbuy_deal', 224, 'comment', 'owner_member_member', 0, 1, NULL),
('groupbuy_deal', 224, 'comment', 'owner_network', 0, 1, NULL),
('groupbuy_deal', 224, 'comment', 'registered', 0, 1, NULL),
('groupbuy_deal', 224, 'view', 'everyone', 0, 1, NULL),
('groupbuy_deal', 224, 'view', 'owner_member', 0, 1, NULL),
('groupbuy_deal', 224, 'view', 'owner_member_member', 0, 1, NULL),
('groupbuy_deal', 224, 'view', 'owner_network', 0, 1, NULL),
('groupbuy_deal', 224, 'view', 'registered', 0, 1, NULL),
('groupbuy_deal', 225, 'comment', 'everyone', 0, 1, NULL),
('groupbuy_deal', 225, 'comment', 'owner_member', 0, 1, NULL),
('groupbuy_deal', 225, 'comment', 'owner_member_member', 0, 1, NULL),
('groupbuy_deal', 225, 'comment', 'owner_network', 0, 1, NULL),
('groupbuy_deal', 225, 'comment', 'registered', 0, 1, NULL),
('groupbuy_deal', 225, 'view', 'everyone', 0, 1, NULL),
('groupbuy_deal', 225, 'view', 'owner_member', 0, 1, NULL),
('groupbuy_deal', 225, 'view', 'owner_member_member', 0, 1, NULL),
('groupbuy_deal', 225, 'view', 'owner_network', 0, 1, NULL),
('groupbuy_deal', 225, 'view', 'registered', 0, 1, NULL),
('groupbuy_deal', 226, 'comment', 'everyone', 0, 1, NULL),
('groupbuy_deal', 226, 'comment', 'owner_member', 0, 1, NULL),
('groupbuy_deal', 226, 'comment', 'owner_member_member', 0, 1, NULL),
('groupbuy_deal', 226, 'comment', 'owner_network', 0, 1, NULL),
('groupbuy_deal', 226, 'comment', 'registered', 0, 1, NULL),
('groupbuy_deal', 226, 'view', 'everyone', 0, 1, NULL),
('groupbuy_deal', 226, 'view', 'owner_member', 0, 1, NULL),
('groupbuy_deal', 226, 'view', 'owner_member_member', 0, 1, NULL),
('groupbuy_deal', 226, 'view', 'owner_network', 0, 1, NULL),
('groupbuy_deal', 226, 'view', 'registered', 0, 1, NULL),
('groupbuy_deal', 227, 'comment', 'everyone', 0, 1, NULL),
('groupbuy_deal', 227, 'comment', 'owner_member', 0, 1, NULL),
('groupbuy_deal', 227, 'comment', 'owner_member_member', 0, 1, NULL),
('groupbuy_deal', 227, 'comment', 'owner_network', 0, 1, NULL),
('groupbuy_deal', 227, 'comment', 'registered', 0, 1, NULL),
('groupbuy_deal', 227, 'view', 'everyone', 0, 1, NULL),
('groupbuy_deal', 227, 'view', 'owner_member', 0, 1, NULL),
('groupbuy_deal', 227, 'view', 'owner_member_member', 0, 1, NULL),
('groupbuy_deal', 227, 'view', 'owner_network', 0, 1, NULL),
('groupbuy_deal', 227, 'view', 'registered', 0, 1, NULL),
('groupbuy_deal', 228, 'comment', 'everyone', 0, 1, NULL),
('groupbuy_deal', 228, 'comment', 'owner_member', 0, 1, NULL),
('groupbuy_deal', 228, 'comment', 'owner_member_member', 0, 1, NULL),
('groupbuy_deal', 228, 'comment', 'owner_network', 0, 1, NULL),
('groupbuy_deal', 228, 'comment', 'registered', 0, 1, NULL),
('groupbuy_deal', 228, 'view', 'everyone', 0, 1, NULL),
('groupbuy_deal', 228, 'view', 'owner_member', 0, 1, NULL),
('groupbuy_deal', 228, 'view', 'owner_member_member', 0, 1, NULL),
('groupbuy_deal', 228, 'view', 'owner_network', 0, 1, NULL),
('groupbuy_deal', 228, 'view', 'registered', 0, 1, NULL),
('groupbuy_deal', 229, 'comment', 'everyone', 0, 1, NULL),
('groupbuy_deal', 229, 'comment', 'owner_member', 0, 1, NULL),
('groupbuy_deal', 229, 'comment', 'owner_member_member', 0, 1, NULL),
('groupbuy_deal', 229, 'comment', 'owner_network', 0, 1, NULL),
('groupbuy_deal', 229, 'comment', 'registered', 0, 1, NULL),
('groupbuy_deal', 229, 'view', 'everyone', 0, 1, NULL),
('groupbuy_deal', 229, 'view', 'owner_member', 0, 1, NULL),
('groupbuy_deal', 229, 'view', 'owner_member_member', 0, 1, NULL),
('groupbuy_deal', 229, 'view', 'owner_network', 0, 1, NULL),
('groupbuy_deal', 229, 'view', 'registered', 0, 1, NULL),
('groupbuy_deal', 230, 'comment', 'everyone', 0, 1, NULL),
('groupbuy_deal', 230, 'comment', 'owner_member', 0, 1, NULL),
('groupbuy_deal', 230, 'comment', 'owner_member_member', 0, 1, NULL),
('groupbuy_deal', 230, 'comment', 'owner_network', 0, 1, NULL),
('groupbuy_deal', 230, 'comment', 'registered', 0, 1, NULL),
('groupbuy_deal', 230, 'view', 'everyone', 0, 1, NULL),
('groupbuy_deal', 230, 'view', 'owner_member', 0, 1, NULL),
('groupbuy_deal', 230, 'view', 'owner_member_member', 0, 1, NULL),
('groupbuy_deal', 230, 'view', 'owner_network', 0, 1, NULL),
('groupbuy_deal', 230, 'view', 'registered', 0, 1, NULL),
('groupbuy_deal', 231, 'comment', 'everyone', 0, 1, NULL),
('groupbuy_deal', 231, 'comment', 'owner_member', 0, 1, NULL),
('groupbuy_deal', 231, 'comment', 'owner_member_member', 0, 1, NULL),
('groupbuy_deal', 231, 'comment', 'owner_network', 0, 1, NULL),
('groupbuy_deal', 231, 'comment', 'registered', 0, 1, NULL),
('groupbuy_deal', 231, 'view', 'everyone', 0, 1, NULL),
('groupbuy_deal', 231, 'view', 'owner_member', 0, 1, NULL),
('groupbuy_deal', 231, 'view', 'owner_member_member', 0, 1, NULL),
('groupbuy_deal', 231, 'view', 'owner_network', 0, 1, NULL),
('groupbuy_deal', 231, 'view', 'registered', 0, 1, NULL),
('groupbuy_deal', 232, 'comment', 'everyone', 0, 1, NULL),
('groupbuy_deal', 232, 'comment', 'owner_member', 0, 1, NULL),
('groupbuy_deal', 232, 'comment', 'owner_member_member', 0, 1, NULL),
('groupbuy_deal', 232, 'comment', 'owner_network', 0, 1, NULL),
('groupbuy_deal', 232, 'comment', 'registered', 0, 1, NULL),
('groupbuy_deal', 232, 'view', 'everyone', 0, 1, NULL),
('groupbuy_deal', 232, 'view', 'owner_member', 0, 1, NULL),
('groupbuy_deal', 232, 'view', 'owner_member_member', 0, 1, NULL),
('groupbuy_deal', 232, 'view', 'owner_network', 0, 1, NULL),
('groupbuy_deal', 232, 'view', 'registered', 0, 1, NULL),
('groupbuy_deal', 233, 'comment', 'everyone', 0, 1, NULL),
('groupbuy_deal', 233, 'comment', 'owner_member', 0, 1, NULL),
('groupbuy_deal', 233, 'comment', 'owner_member_member', 0, 1, NULL),
('groupbuy_deal', 233, 'comment', 'owner_network', 0, 1, NULL),
('groupbuy_deal', 233, 'comment', 'registered', 0, 1, NULL),
('groupbuy_deal', 233, 'view', 'everyone', 0, 1, NULL),
('groupbuy_deal', 233, 'view', 'owner_member', 0, 1, NULL),
('groupbuy_deal', 233, 'view', 'owner_member_member', 0, 1, NULL),
('groupbuy_deal', 233, 'view', 'owner_network', 0, 1, NULL),
('groupbuy_deal', 233, 'view', 'registered', 0, 1, NULL),
('groupbuy_deal', 234, 'comment', 'everyone', 0, 1, NULL),
('groupbuy_deal', 234, 'comment', 'owner_member', 0, 1, NULL),
('groupbuy_deal', 234, 'comment', 'owner_member_member', 0, 1, NULL),
('groupbuy_deal', 234, 'comment', 'owner_network', 0, 1, NULL),
('groupbuy_deal', 234, 'comment', 'registered', 0, 1, NULL),
('groupbuy_deal', 234, 'view', 'everyone', 0, 1, NULL),
('groupbuy_deal', 234, 'view', 'owner_member', 0, 1, NULL),
('groupbuy_deal', 234, 'view', 'owner_member_member', 0, 1, NULL),
('groupbuy_deal', 234, 'view', 'owner_network', 0, 1, NULL),
('groupbuy_deal', 234, 'view', 'registered', 0, 1, NULL),
('groupbuy_deal', 235, 'comment', 'everyone', 0, 1, NULL),
('groupbuy_deal', 235, 'comment', 'owner_member', 0, 1, NULL),
('groupbuy_deal', 235, 'comment', 'owner_member_member', 0, 1, NULL),
('groupbuy_deal', 235, 'comment', 'owner_network', 0, 1, NULL),
('groupbuy_deal', 235, 'comment', 'registered', 0, 1, NULL),
('groupbuy_deal', 235, 'view', 'everyone', 0, 1, NULL),
('groupbuy_deal', 235, 'view', 'owner_member', 0, 1, NULL),
('groupbuy_deal', 235, 'view', 'owner_member_member', 0, 1, NULL),
('groupbuy_deal', 235, 'view', 'owner_network', 0, 1, NULL),
('groupbuy_deal', 235, 'view', 'registered', 0, 1, NULL),
('groupbuy_deal', 236, 'comment', 'everyone', 0, 1, NULL),
('groupbuy_deal', 236, 'comment', 'owner_member', 0, 1, NULL),
('groupbuy_deal', 236, 'comment', 'owner_member_member', 0, 1, NULL),
('groupbuy_deal', 236, 'comment', 'owner_network', 0, 1, NULL),
('groupbuy_deal', 236, 'comment', 'registered', 0, 1, NULL),
('groupbuy_deal', 236, 'view', 'everyone', 0, 1, NULL),
('groupbuy_deal', 236, 'view', 'owner_member', 0, 1, NULL),
('groupbuy_deal', 236, 'view', 'owner_member_member', 0, 1, NULL),
('groupbuy_deal', 236, 'view', 'owner_network', 0, 1, NULL),
('groupbuy_deal', 236, 'view', 'registered', 0, 1, NULL),
('groupbuy_deal', 237, 'comment', 'everyone', 0, 1, NULL),
('groupbuy_deal', 237, 'comment', 'owner_member', 0, 1, NULL),
('groupbuy_deal', 237, 'comment', 'owner_member_member', 0, 1, NULL),
('groupbuy_deal', 237, 'comment', 'owner_network', 0, 1, NULL),
('groupbuy_deal', 237, 'comment', 'registered', 0, 1, NULL),
('groupbuy_deal', 237, 'view', 'everyone', 0, 1, NULL),
('groupbuy_deal', 237, 'view', 'owner_member', 0, 1, NULL),
('groupbuy_deal', 237, 'view', 'owner_member_member', 0, 1, NULL),
('groupbuy_deal', 237, 'view', 'owner_network', 0, 1, NULL),
('groupbuy_deal', 237, 'view', 'registered', 0, 1, NULL),
('groupbuy_deal', 238, 'comment', 'everyone', 0, 1, NULL),
('groupbuy_deal', 238, 'comment', 'owner_member', 0, 1, NULL),
('groupbuy_deal', 238, 'comment', 'owner_member_member', 0, 1, NULL),
('groupbuy_deal', 238, 'comment', 'owner_network', 0, 1, NULL),
('groupbuy_deal', 238, 'comment', 'registered', 0, 1, NULL),
('groupbuy_deal', 238, 'view', 'everyone', 0, 1, NULL),
('groupbuy_deal', 238, 'view', 'owner_member', 0, 1, NULL),
('groupbuy_deal', 238, 'view', 'owner_member_member', 0, 1, NULL),
('groupbuy_deal', 238, 'view', 'owner_network', 0, 1, NULL),
('groupbuy_deal', 238, 'view', 'registered', 0, 1, NULL),
('groupbuy_deal', 239, 'comment', 'everyone', 0, 1, NULL),
('groupbuy_deal', 239, 'comment', 'owner_member', 0, 1, NULL),
('groupbuy_deal', 239, 'comment', 'owner_member_member', 0, 1, NULL),
('groupbuy_deal', 239, 'comment', 'owner_network', 0, 1, NULL),
('groupbuy_deal', 239, 'comment', 'registered', 0, 1, NULL),
('groupbuy_deal', 239, 'view', 'everyone', 0, 1, NULL),
('groupbuy_deal', 239, 'view', 'owner_member', 0, 1, NULL),
('groupbuy_deal', 239, 'view', 'owner_member_member', 0, 1, NULL),
('groupbuy_deal', 239, 'view', 'owner_network', 0, 1, NULL),
('groupbuy_deal', 239, 'view', 'registered', 0, 1, NULL),
('groupbuy_deal', 240, 'comment', 'everyone', 0, 1, NULL),
('groupbuy_deal', 240, 'comment', 'owner_member', 0, 1, NULL),
('groupbuy_deal', 240, 'comment', 'owner_member_member', 0, 1, NULL),
('groupbuy_deal', 240, 'comment', 'owner_network', 0, 1, NULL),
('groupbuy_deal', 240, 'comment', 'registered', 0, 1, NULL),
('groupbuy_deal', 240, 'view', 'everyone', 0, 1, NULL),
('groupbuy_deal', 240, 'view', 'owner_member', 0, 1, NULL),
('groupbuy_deal', 240, 'view', 'owner_member_member', 0, 1, NULL),
('groupbuy_deal', 240, 'view', 'owner_network', 0, 1, NULL),
('groupbuy_deal', 240, 'view', 'registered', 0, 1, NULL),
('groupbuy_deal', 241, 'comment', 'everyone', 0, 1, NULL),
('groupbuy_deal', 241, 'comment', 'owner_member', 0, 1, NULL),
('groupbuy_deal', 241, 'comment', 'owner_member_member', 0, 1, NULL),
('groupbuy_deal', 241, 'comment', 'owner_network', 0, 1, NULL),
('groupbuy_deal', 241, 'comment', 'registered', 0, 1, NULL),
('groupbuy_deal', 241, 'view', 'everyone', 0, 1, NULL),
('groupbuy_deal', 241, 'view', 'owner_member', 0, 1, NULL),
('groupbuy_deal', 241, 'view', 'owner_member_member', 0, 1, NULL),
('groupbuy_deal', 241, 'view', 'owner_network', 0, 1, NULL),
('groupbuy_deal', 241, 'view', 'registered', 0, 1, NULL),
('groupbuy_deal', 243, 'comment', 'everyone', 0, 1, NULL),
('groupbuy_deal', 243, 'comment', 'owner_member', 0, 1, NULL),
('groupbuy_deal', 243, 'comment', 'owner_member_member', 0, 1, NULL),
('groupbuy_deal', 243, 'comment', 'owner_network', 0, 1, NULL),
('groupbuy_deal', 243, 'comment', 'registered', 0, 1, NULL),
('groupbuy_deal', 243, 'view', 'everyone', 0, 1, NULL),
('groupbuy_deal', 243, 'view', 'owner_member', 0, 1, NULL),
('groupbuy_deal', 243, 'view', 'owner_member_member', 0, 1, NULL),
('groupbuy_deal', 243, 'view', 'owner_network', 0, 1, NULL),
('groupbuy_deal', 243, 'view', 'registered', 0, 1, NULL),
('groupbuy_deal', 244, 'comment', 'registered', 0, 1, NULL),
('groupbuy_deal', 244, 'view', 'registered', 0, 1, NULL),
('groupbuy_deal', 245, 'comment', 'everyone', 0, 1, NULL),
('groupbuy_deal', 245, 'comment', 'owner_member', 0, 1, NULL),
('groupbuy_deal', 245, 'comment', 'owner_member_member', 0, 1, NULL),
('groupbuy_deal', 245, 'comment', 'owner_network', 0, 1, NULL),
('groupbuy_deal', 245, 'comment', 'registered', 0, 1, NULL),
('groupbuy_deal', 245, 'view', 'everyone', 0, 1, NULL),
('groupbuy_deal', 245, 'view', 'owner_member', 0, 1, NULL),
('groupbuy_deal', 245, 'view', 'owner_member_member', 0, 1, NULL),
('groupbuy_deal', 245, 'view', 'owner_network', 0, 1, NULL),
('groupbuy_deal', 245, 'view', 'registered', 0, 1, NULL),
('groupbuy_deal', 246, 'comment', 'everyone', 0, 1, NULL),
('groupbuy_deal', 246, 'comment', 'owner_member', 0, 1, NULL),
('groupbuy_deal', 246, 'comment', 'owner_member_member', 0, 1, NULL),
('groupbuy_deal', 246, 'comment', 'owner_network', 0, 1, NULL),
('groupbuy_deal', 246, 'comment', 'registered', 0, 1, NULL),
('groupbuy_deal', 246, 'view', 'everyone', 0, 1, NULL),
('groupbuy_deal', 246, 'view', 'owner_member', 0, 1, NULL),
('groupbuy_deal', 246, 'view', 'owner_member_member', 0, 1, NULL),
('groupbuy_deal', 246, 'view', 'owner_network', 0, 1, NULL),
('groupbuy_deal', 246, 'view', 'registered', 0, 1, NULL),
('groupbuy_deal', 247, 'comment', 'everyone', 0, 1, NULL),
('groupbuy_deal', 247, 'comment', 'owner_member', 0, 1, NULL),
('groupbuy_deal', 247, 'comment', 'owner_member_member', 0, 1, NULL),
('groupbuy_deal', 247, 'comment', 'owner_network', 0, 1, NULL),
('groupbuy_deal', 247, 'comment', 'registered', 0, 1, NULL),
('groupbuy_deal', 247, 'view', 'everyone', 0, 1, NULL),
('groupbuy_deal', 247, 'view', 'owner_member', 0, 1, NULL),
('groupbuy_deal', 247, 'view', 'owner_member_member', 0, 1, NULL),
('groupbuy_deal', 247, 'view', 'owner_network', 0, 1, NULL),
('groupbuy_deal', 247, 'view', 'registered', 0, 1, NULL),
('groupbuy_deal', 248, 'comment', 'everyone', 0, 1, NULL),
('groupbuy_deal', 248, 'comment', 'owner_member', 0, 1, NULL),
('groupbuy_deal', 248, 'comment', 'owner_member_member', 0, 1, NULL),
('groupbuy_deal', 248, 'comment', 'owner_network', 0, 1, NULL),
('groupbuy_deal', 248, 'comment', 'registered', 0, 1, NULL),
('groupbuy_deal', 248, 'view', 'everyone', 0, 1, NULL),
('groupbuy_deal', 248, 'view', 'owner_member', 0, 1, NULL),
('groupbuy_deal', 248, 'view', 'owner_member_member', 0, 1, NULL),
('groupbuy_deal', 248, 'view', 'owner_network', 0, 1, NULL),
('groupbuy_deal', 248, 'view', 'registered', 0, 1, NULL),
('groupbuy_deal', 249, 'comment', 'registered', 0, 1, NULL),
('groupbuy_deal', 249, 'view', 'registered', 0, 1, NULL),
('groupbuy_deal', 250, 'comment', 'everyone', 0, 1, NULL),
('groupbuy_deal', 250, 'comment', 'owner_member', 0, 1, NULL),
('groupbuy_deal', 250, 'comment', 'owner_member_member', 0, 1, NULL),
('groupbuy_deal', 250, 'comment', 'owner_network', 0, 1, NULL),
('groupbuy_deal', 250, 'comment', 'registered', 0, 1, NULL),
('groupbuy_deal', 251, 'comment', 'everyone', 0, 1, NULL),
('groupbuy_deal', 251, 'comment', 'owner_member', 0, 1, NULL),
('groupbuy_deal', 251, 'comment', 'owner_member_member', 0, 1, NULL),
('groupbuy_deal', 251, 'comment', 'owner_network', 0, 1, NULL),
('groupbuy_deal', 251, 'comment', 'registered', 0, 1, NULL),
('groupbuy_deal', 252, 'comment', 'everyone', 0, 1, NULL),
('groupbuy_deal', 252, 'comment', 'owner_member', 0, 1, NULL),
('groupbuy_deal', 252, 'comment', 'owner_member_member', 0, 1, NULL),
('groupbuy_deal', 252, 'comment', 'owner_network', 0, 1, NULL),
('groupbuy_deal', 252, 'comment', 'registered', 0, 1, NULL),
('groupbuy_deal', 253, 'comment', 'everyone', 0, 1, NULL),
('groupbuy_deal', 253, 'comment', 'owner_member', 0, 1, NULL),
('groupbuy_deal', 253, 'comment', 'owner_member_member', 0, 1, NULL),
('groupbuy_deal', 253, 'comment', 'owner_network', 0, 1, NULL),
('groupbuy_deal', 253, 'comment', 'registered', 0, 1, NULL),
('groupbuy_deal', 254, 'comment', 'everyone', 0, 1, NULL),
('groupbuy_deal', 254, 'comment', 'owner_member', 0, 1, NULL),
('groupbuy_deal', 254, 'comment', 'owner_member_member', 0, 1, NULL),
('groupbuy_deal', 254, 'comment', 'owner_network', 0, 1, NULL),
('groupbuy_deal', 254, 'comment', 'registered', 0, 1, NULL),
('groupbuy_deal', 255, 'comment', 'everyone', 0, 1, NULL),
('groupbuy_deal', 255, 'comment', 'owner_member', 0, 1, NULL),
('groupbuy_deal', 255, 'comment', 'owner_member_member', 0, 1, NULL),
('groupbuy_deal', 255, 'comment', 'owner_network', 0, 1, NULL),
('groupbuy_deal', 255, 'comment', 'registered', 0, 1, NULL),
('groupbuy_deal', 256, 'comment', 'everyone', 0, 1, NULL),
('groupbuy_deal', 256, 'comment', 'owner_member', 0, 1, NULL),
('groupbuy_deal', 256, 'comment', 'owner_member_member', 0, 1, NULL),
('groupbuy_deal', 256, 'comment', 'owner_network', 0, 1, NULL),
('groupbuy_deal', 256, 'comment', 'registered', 0, 1, NULL),
('groupbuy_deal', 257, 'comment', 'everyone', 0, 1, NULL),
('groupbuy_deal', 257, 'comment', 'owner_member', 0, 1, NULL),
('groupbuy_deal', 257, 'comment', 'owner_member_member', 0, 1, NULL),
('groupbuy_deal', 257, 'comment', 'owner_network', 0, 1, NULL),
('groupbuy_deal', 257, 'comment', 'registered', 0, 1, NULL),
('groupbuy_deal', 258, 'comment', 'everyone', 0, 1, NULL),
('groupbuy_deal', 258, 'comment', 'owner_member', 0, 1, NULL),
('groupbuy_deal', 258, 'comment', 'owner_member_member', 0, 1, NULL),
('groupbuy_deal', 258, 'comment', 'owner_network', 0, 1, NULL),
('groupbuy_deal', 258, 'comment', 'registered', 0, 1, NULL),
('groupbuy_deal', 259, 'comment', 'everyone', 0, 1, NULL),
('groupbuy_deal', 259, 'comment', 'owner_member', 0, 1, NULL),
('groupbuy_deal', 259, 'comment', 'owner_member_member', 0, 1, NULL),
('groupbuy_deal', 259, 'comment', 'owner_network', 0, 1, NULL),
('groupbuy_deal', 259, 'comment', 'registered', 0, 1, NULL),
('groupbuy_deal', 260, 'comment', 'everyone', 0, 1, NULL),
('groupbuy_deal', 260, 'comment', 'owner_member', 0, 1, NULL),
('groupbuy_deal', 260, 'comment', 'owner_member_member', 0, 1, NULL),
('groupbuy_deal', 260, 'comment', 'owner_network', 0, 1, NULL),
('groupbuy_deal', 260, 'comment', 'registered', 0, 1, NULL),
('groupbuy_deal', 261, 'comment', 'everyone', 0, 1, NULL),
('groupbuy_deal', 261, 'comment', 'owner_member', 0, 1, NULL),
('groupbuy_deal', 261, 'comment', 'owner_member_member', 0, 1, NULL),
('groupbuy_deal', 261, 'comment', 'owner_network', 0, 1, NULL),
('groupbuy_deal', 261, 'comment', 'registered', 0, 1, NULL),
('groupbuy_deal', 262, 'comment', 'everyone', 0, 1, NULL),
('groupbuy_deal', 262, 'comment', 'owner_member', 0, 1, NULL),
('groupbuy_deal', 262, 'comment', 'owner_member_member', 0, 1, NULL),
('groupbuy_deal', 262, 'comment', 'owner_network', 0, 1, NULL),
('groupbuy_deal', 262, 'comment', 'registered', 0, 1, NULL),
('groupbuy_deal', 263, 'comment', 'everyone', 0, 1, NULL),
('groupbuy_deal', 263, 'comment', 'owner_member', 0, 1, NULL),
('groupbuy_deal', 263, 'comment', 'owner_member_member', 0, 1, NULL),
('groupbuy_deal', 263, 'comment', 'owner_network', 0, 1, NULL),
('groupbuy_deal', 263, 'comment', 'registered', 0, 1, NULL),
('groupbuy_deal', 264, 'comment', 'everyone', 0, 1, NULL),
('groupbuy_deal', 264, 'comment', 'owner_member', 0, 1, NULL),
('groupbuy_deal', 264, 'comment', 'owner_member_member', 0, 1, NULL),
('groupbuy_deal', 264, 'comment', 'owner_network', 0, 1, NULL),
('groupbuy_deal', 264, 'comment', 'registered', 0, 1, NULL),
('groupbuy_deal', 265, 'comment', 'everyone', 0, 1, NULL),
('groupbuy_deal', 265, 'comment', 'owner_member', 0, 1, NULL),
('groupbuy_deal', 265, 'comment', 'owner_member_member', 0, 1, NULL),
('groupbuy_deal', 265, 'comment', 'owner_network', 0, 1, NULL),
('groupbuy_deal', 265, 'comment', 'registered', 0, 1, NULL),
('groupbuy_deal', 266, 'comment', 'everyone', 0, 1, NULL),
('groupbuy_deal', 266, 'comment', 'owner_member', 0, 1, NULL),
('groupbuy_deal', 266, 'comment', 'owner_member_member', 0, 1, NULL),
('groupbuy_deal', 266, 'comment', 'owner_network', 0, 1, NULL),
('groupbuy_deal', 266, 'comment', 'registered', 0, 1, NULL),
('groupbuy_deal', 267, 'comment', 'everyone', 0, 1, NULL),
('groupbuy_deal', 267, 'comment', 'owner_member', 0, 1, NULL),
('groupbuy_deal', 267, 'comment', 'owner_member_member', 0, 1, NULL),
('groupbuy_deal', 267, 'comment', 'owner_network', 0, 1, NULL),
('groupbuy_deal', 267, 'comment', 'registered', 0, 1, NULL),
('groupbuy_deal', 268, 'comment', 'everyone', 0, 1, NULL),
('groupbuy_deal', 268, 'comment', 'owner_member', 0, 1, NULL),
('groupbuy_deal', 268, 'comment', 'owner_member_member', 0, 1, NULL),
('groupbuy_deal', 268, 'comment', 'owner_network', 0, 1, NULL),
('groupbuy_deal', 268, 'comment', 'registered', 0, 1, NULL),
('groupbuy_deal', 269, 'comment', 'everyone', 0, 1, NULL),
('groupbuy_deal', 269, 'comment', 'owner_member', 0, 1, NULL),
('groupbuy_deal', 269, 'comment', 'owner_member_member', 0, 1, NULL),
('groupbuy_deal', 269, 'comment', 'owner_network', 0, 1, NULL),
('groupbuy_deal', 269, 'comment', 'registered', 0, 1, NULL),
('groupbuy_deal', 270, 'comment', 'everyone', 0, 1, NULL),
('groupbuy_deal', 270, 'comment', 'owner_member', 0, 1, NULL),
('groupbuy_deal', 270, 'comment', 'owner_member_member', 0, 1, NULL),
('groupbuy_deal', 270, 'comment', 'owner_network', 0, 1, NULL),
('groupbuy_deal', 270, 'comment', 'registered', 0, 1, NULL),
('groupbuy_deal', 271, 'comment', 'everyone', 0, 1, NULL),
('groupbuy_deal', 271, 'comment', 'owner_member', 0, 1, NULL),
('groupbuy_deal', 271, 'comment', 'owner_member_member', 0, 1, NULL),
('groupbuy_deal', 271, 'comment', 'owner_network', 0, 1, NULL),
('groupbuy_deal', 271, 'comment', 'registered', 0, 1, NULL),
('groupbuy_deal', 272, 'comment', 'everyone', 0, 1, NULL),
('groupbuy_deal', 272, 'comment', 'owner_member', 0, 1, NULL),
('groupbuy_deal', 272, 'comment', 'owner_member_member', 0, 1, NULL),
('groupbuy_deal', 272, 'comment', 'owner_network', 0, 1, NULL),
('groupbuy_deal', 272, 'comment', 'registered', 0, 1, NULL),
('groupbuy_deal', 273, 'comment', 'everyone', 0, 1, NULL),
('groupbuy_deal', 273, 'comment', 'owner_member', 0, 1, NULL),
('groupbuy_deal', 273, 'comment', 'owner_member_member', 0, 1, NULL),
('groupbuy_deal', 273, 'comment', 'owner_network', 0, 1, NULL),
('groupbuy_deal', 273, 'comment', 'registered', 0, 1, NULL),
('groupbuy_deal', 274, 'comment', 'everyone', 0, 1, NULL),
('groupbuy_deal', 274, 'comment', 'owner_member', 0, 1, NULL),
('groupbuy_deal', 274, 'comment', 'owner_member_member', 0, 1, NULL),
('groupbuy_deal', 274, 'comment', 'owner_network', 0, 1, NULL),
('groupbuy_deal', 274, 'comment', 'registered', 0, 1, NULL),
('groupbuy_deal', 275, 'comment', 'everyone', 0, 1, NULL),
('groupbuy_deal', 275, 'comment', 'owner_member', 0, 1, NULL),
('groupbuy_deal', 275, 'comment', 'owner_member_member', 0, 1, NULL),
('groupbuy_deal', 275, 'comment', 'owner_network', 0, 1, NULL),
('groupbuy_deal', 275, 'comment', 'registered', 0, 1, NULL),
('groupbuy_deal', 276, 'comment', 'everyone', 0, 1, NULL),
('groupbuy_deal', 276, 'comment', 'owner_member', 0, 1, NULL),
('groupbuy_deal', 276, 'comment', 'owner_member_member', 0, 1, NULL),
('groupbuy_deal', 276, 'comment', 'owner_network', 0, 1, NULL),
('groupbuy_deal', 276, 'comment', 'registered', 0, 1, NULL),
('groupbuy_deal', 277, 'comment', 'everyone', 0, 1, NULL),
('groupbuy_deal', 277, 'comment', 'owner_member', 0, 1, NULL),
('groupbuy_deal', 277, 'comment', 'owner_member_member', 0, 1, NULL),
('groupbuy_deal', 277, 'comment', 'owner_network', 0, 1, NULL),
('groupbuy_deal', 277, 'comment', 'registered', 0, 1, NULL),
('groupbuy_deal', 278, 'comment', 'everyone', 0, 1, NULL),
('groupbuy_deal', 278, 'comment', 'owner_member', 0, 1, NULL),
('groupbuy_deal', 278, 'comment', 'owner_member_member', 0, 1, NULL),
('groupbuy_deal', 278, 'comment', 'owner_network', 0, 1, NULL),
('groupbuy_deal', 278, 'comment', 'registered', 0, 1, NULL),
('groupbuy_deal', 279, 'comment', 'everyone', 0, 1, NULL),
('groupbuy_deal', 279, 'comment', 'owner_member', 0, 1, NULL),
('groupbuy_deal', 279, 'comment', 'owner_member_member', 0, 1, NULL),
('groupbuy_deal', 279, 'comment', 'owner_network', 0, 1, NULL),
('groupbuy_deal', 279, 'comment', 'registered', 0, 1, NULL),
('groupbuy_deal', 280, 'comment', 'everyone', 0, 1, NULL),
('groupbuy_deal', 280, 'comment', 'owner_member', 0, 1, NULL),
('groupbuy_deal', 280, 'comment', 'owner_member_member', 0, 1, NULL),
('groupbuy_deal', 280, 'comment', 'owner_network', 0, 1, NULL),
('groupbuy_deal', 280, 'comment', 'registered', 0, 1, NULL),
('groupbuy_deal', 281, 'comment', 'everyone', 0, 1, NULL),
('groupbuy_deal', 281, 'comment', 'owner_member', 0, 1, NULL),
('groupbuy_deal', 281, 'comment', 'owner_member_member', 0, 1, NULL),
('groupbuy_deal', 281, 'comment', 'owner_network', 0, 1, NULL),
('groupbuy_deal', 281, 'comment', 'registered', 0, 1, NULL),
('groupbuy_deal', 282, 'comment', 'everyone', 0, 1, NULL),
('groupbuy_deal', 282, 'comment', 'owner_member', 0, 1, NULL),
('groupbuy_deal', 282, 'comment', 'owner_member_member', 0, 1, NULL),
('groupbuy_deal', 282, 'comment', 'owner_network', 0, 1, NULL),
('groupbuy_deal', 282, 'comment', 'registered', 0, 1, NULL),
('groupbuy_deal', 283, 'comment', 'everyone', 0, 1, NULL),
('groupbuy_deal', 283, 'comment', 'owner_member', 0, 1, NULL),
('groupbuy_deal', 283, 'comment', 'owner_member_member', 0, 1, NULL),
('groupbuy_deal', 283, 'comment', 'owner_network', 0, 1, NULL),
('groupbuy_deal', 283, 'comment', 'registered', 0, 1, NULL),
('groupbuy_deal', 284, 'comment', 'everyone', 0, 1, NULL),
('groupbuy_deal', 284, 'comment', 'owner_member', 0, 1, NULL),
('groupbuy_deal', 284, 'comment', 'owner_member_member', 0, 1, NULL),
('groupbuy_deal', 284, 'comment', 'owner_network', 0, 1, NULL),
('groupbuy_deal', 284, 'comment', 'registered', 0, 1, NULL),
('groupbuy_deal', 285, 'comment', 'everyone', 0, 1, NULL),
('groupbuy_deal', 285, 'comment', 'owner_member', 0, 1, NULL),
('groupbuy_deal', 285, 'comment', 'owner_member_member', 0, 1, NULL),
('groupbuy_deal', 285, 'comment', 'owner_network', 0, 1, NULL),
('groupbuy_deal', 285, 'comment', 'registered', 0, 1, NULL),
('groupbuy_deal', 286, 'comment', 'everyone', 0, 1, NULL),
('groupbuy_deal', 286, 'comment', 'owner_member', 0, 1, NULL),
('groupbuy_deal', 286, 'comment', 'owner_member_member', 0, 1, NULL),
('groupbuy_deal', 286, 'comment', 'owner_network', 0, 1, NULL),
('groupbuy_deal', 286, 'comment', 'registered', 0, 1, NULL),
('groupbuy_deal', 287, 'comment', 'everyone', 0, 1, NULL),
('groupbuy_deal', 287, 'comment', 'owner_member', 0, 1, NULL),
('groupbuy_deal', 287, 'comment', 'owner_member_member', 0, 1, NULL),
('groupbuy_deal', 287, 'comment', 'owner_network', 0, 1, NULL),
('groupbuy_deal', 287, 'comment', 'registered', 0, 1, NULL),
('groupbuy_deal', 288, 'comment', 'everyone', 0, 1, NULL),
('groupbuy_deal', 288, 'comment', 'owner_member', 0, 1, NULL),
('groupbuy_deal', 288, 'comment', 'owner_member_member', 0, 1, NULL),
('groupbuy_deal', 288, 'comment', 'owner_network', 0, 1, NULL),
('groupbuy_deal', 288, 'comment', 'registered', 0, 1, NULL),
('groupbuy_deal', 289, 'comment', 'everyone', 0, 1, NULL),
('groupbuy_deal', 289, 'comment', 'owner_member', 0, 1, NULL),
('groupbuy_deal', 289, 'comment', 'owner_member_member', 0, 1, NULL),
('groupbuy_deal', 289, 'comment', 'owner_network', 0, 1, NULL),
('groupbuy_deal', 289, 'comment', 'registered', 0, 1, NULL),
('groupbuy_deal', 290, 'comment', 'everyone', 0, 1, NULL),
('groupbuy_deal', 290, 'comment', 'owner_member', 0, 1, NULL),
('groupbuy_deal', 290, 'comment', 'owner_member_member', 0, 1, NULL),
('groupbuy_deal', 290, 'comment', 'owner_network', 0, 1, NULL),
('groupbuy_deal', 290, 'comment', 'registered', 0, 1, NULL),
('user', 1, 'comment', 'everyone', 0, 1, NULL),
('user', 1, 'comment', 'member', 0, 1, NULL),
('user', 1, 'comment', 'network', 0, 1, NULL),
('user', 1, 'comment', 'registered', 0, 1, NULL),
('user', 1, 'view', 'everyone', 0, 1, NULL),
('user', 1, 'view', 'member', 0, 1, NULL),
('user', 1, 'view', 'network', 0, 1, NULL),
('user', 1, 'view', 'registered', 0, 1, NULL),
('user', 2, 'comment', 'everyone', 0, 1, NULL),
('user', 2, 'comment', 'member', 0, 1, NULL),
('user', 2, 'comment', 'network', 0, 1, NULL),
('user', 2, 'comment', 'registered', 0, 1, NULL),
('user', 2, 'view', 'everyone', 0, 1, NULL),
('user', 2, 'view', 'member', 0, 1, NULL),
('user', 2, 'view', 'network', 0, 1, NULL),
('user', 2, 'view', 'registered', 0, 1, NULL),
('user', 3, 'comment', 'everyone', 0, 1, NULL),
('user', 3, 'comment', 'member', 0, 1, NULL),
('user', 3, 'comment', 'network', 0, 1, NULL),
('user', 3, 'comment', 'registered', 0, 1, NULL),
('user', 3, 'view', 'everyone', 0, 1, NULL),
('user', 3, 'view', 'member', 0, 1, NULL),
('user', 3, 'view', 'network', 0, 1, NULL),
('user', 3, 'view', 'registered', 0, 1, NULL),
('user', 4, 'comment', 'everyone', 0, 1, NULL),
('user', 4, 'comment', 'member', 0, 1, NULL),
('user', 4, 'comment', 'network', 0, 1, NULL),
('user', 4, 'comment', 'registered', 0, 1, NULL),
('user', 4, 'view', 'everyone', 0, 1, NULL),
('user', 4, 'view', 'member', 0, 1, NULL),
('user', 4, 'view', 'network', 0, 1, NULL),
('user', 4, 'view', 'registered', 0, 1, NULL),
('user', 5, 'comment', 'everyone', 0, 1, NULL),
('user', 5, 'comment', 'member', 0, 1, NULL),
('user', 5, 'comment', 'network', 0, 1, NULL),
('user', 5, 'comment', 'registered', 0, 1, NULL),
('user', 5, 'view', 'everyone', 0, 1, NULL),
('user', 5, 'view', 'member', 0, 1, NULL),
('user', 5, 'view', 'network', 0, 1, NULL),
('user', 5, 'view', 'registered', 0, 1, NULL),
('user', 6, 'comment', 'everyone', 0, 1, NULL),
('user', 6, 'comment', 'member', 0, 1, NULL),
('user', 6, 'comment', 'network', 0, 1, NULL),
('user', 6, 'comment', 'registered', 0, 1, NULL),
('user', 6, 'view', 'everyone', 0, 1, NULL),
('user', 6, 'view', 'member', 0, 1, NULL),
('user', 6, 'view', 'network', 0, 1, NULL),
('user', 6, 'view', 'registered', 0, 1, NULL),
('user', 7, 'comment', 'everyone', 0, 1, NULL),
('user', 7, 'comment', 'member', 0, 1, NULL),
('user', 7, 'comment', 'network', 0, 1, NULL),
('user', 7, 'comment', 'registered', 0, 1, NULL),
('user', 7, 'view', 'everyone', 0, 1, NULL),
('user', 7, 'view', 'member', 0, 1, NULL),
('user', 7, 'view', 'network', 0, 1, NULL),
('user', 7, 'view', 'registered', 0, 1, NULL),
('user', 8, 'comment', 'everyone', 0, 1, NULL),
('user', 8, 'comment', 'member', 0, 1, NULL),
('user', 8, 'comment', 'network', 0, 1, NULL),
('user', 8, 'comment', 'registered', 0, 1, NULL),
('user', 8, 'view', 'everyone', 0, 1, NULL),
('user', 8, 'view', 'member', 0, 1, NULL),
('user', 8, 'view', 'network', 0, 1, NULL),
('user', 8, 'view', 'registered', 0, 1, NULL),
('user', 9, 'comment', 'everyone', 0, 1, NULL),
('user', 9, 'comment', 'member', 0, 1, NULL),
('user', 9, 'comment', 'network', 0, 1, NULL),
('user', 9, 'comment', 'registered', 0, 1, NULL),
('user', 9, 'view', 'everyone', 0, 1, NULL),
('user', 9, 'view', 'member', 0, 1, NULL),
('user', 9, 'view', 'network', 0, 1, NULL),
('user', 9, 'view', 'registered', 0, 1, NULL),
('user', 10, 'comment', 'everyone', 0, 1, NULL),
('user', 10, 'comment', 'member', 0, 1, NULL),
('user', 10, 'comment', 'network', 0, 1, NULL),
('user', 10, 'comment', 'registered', 0, 1, NULL),
('user', 10, 'view', 'everyone', 0, 1, NULL),
('user', 10, 'view', 'member', 0, 1, NULL),
('user', 10, 'view', 'network', 0, 1, NULL),
('user', 10, 'view', 'registered', 0, 1, NULL),
('user', 11, 'comment', 'everyone', 0, 1, NULL),
('user', 11, 'comment', 'member', 0, 1, NULL),
('user', 11, 'comment', 'network', 0, 1, NULL),
('user', 11, 'comment', 'registered', 0, 1, NULL),
('user', 11, 'view', 'everyone', 0, 1, NULL),
('user', 11, 'view', 'member', 0, 1, NULL),
('user', 11, 'view', 'network', 0, 1, NULL),
('user', 11, 'view', 'registered', 0, 1, NULL),
('user', 12, 'comment', 'everyone', 0, 1, NULL),
('user', 12, 'comment', 'member', 0, 1, NULL),
('user', 12, 'comment', 'network', 0, 1, NULL),
('user', 12, 'comment', 'registered', 0, 1, NULL),
('user', 12, 'view', 'everyone', 0, 1, NULL),
('user', 12, 'view', 'member', 0, 1, NULL),
('user', 12, 'view', 'network', 0, 1, NULL),
('user', 12, 'view', 'registered', 0, 1, NULL),
('user', 13, 'comment', 'everyone', 0, 1, NULL),
('user', 13, 'comment', 'member', 0, 1, NULL),
('user', 13, 'comment', 'network', 0, 1, NULL),
('user', 13, 'comment', 'registered', 0, 1, NULL),
('user', 13, 'view', 'everyone', 0, 1, NULL),
('user', 13, 'view', 'member', 0, 1, NULL),
('user', 13, 'view', 'network', 0, 1, NULL),
('user', 13, 'view', 'registered', 0, 1, NULL),
('user', 14, 'comment', 'everyone', 0, 1, NULL),
('user', 14, 'comment', 'member', 0, 1, NULL),
('user', 14, 'comment', 'network', 0, 1, NULL),
('user', 14, 'comment', 'registered', 0, 1, NULL),
('user', 14, 'view', 'everyone', 0, 1, NULL),
('user', 14, 'view', 'member', 0, 1, NULL),
('user', 14, 'view', 'network', 0, 1, NULL),
('user', 14, 'view', 'registered', 0, 1, NULL),
('user', 15, 'comment', 'everyone', 0, 1, NULL),
('user', 15, 'comment', 'member', 0, 1, NULL),
('user', 15, 'comment', 'network', 0, 1, NULL),
('user', 15, 'comment', 'registered', 0, 1, NULL),
('user', 15, 'view', 'everyone', 0, 1, NULL),
('user', 15, 'view', 'member', 0, 1, NULL),
('user', 15, 'view', 'network', 0, 1, NULL),
('user', 15, 'view', 'registered', 0, 1, NULL),
('user', 16, 'comment', 'everyone', 0, 1, NULL),
('user', 16, 'comment', 'member', 0, 1, NULL),
('user', 16, 'comment', 'network', 0, 1, NULL),
('user', 16, 'comment', 'registered', 0, 1, NULL),
('user', 16, 'view', 'everyone', 0, 1, NULL),
('user', 16, 'view', 'member', 0, 1, NULL),
('user', 16, 'view', 'network', 0, 1, NULL),
('user', 16, 'view', 'registered', 0, 1, NULL),
('user', 17, 'comment', 'everyone', 0, 1, NULL),
('user', 17, 'comment', 'member', 0, 1, NULL),
('user', 17, 'comment', 'network', 0, 1, NULL),
('user', 17, 'comment', 'registered', 0, 1, NULL),
('user', 17, 'view', 'everyone', 0, 1, NULL),
('user', 17, 'view', 'member', 0, 1, NULL),
('user', 17, 'view', 'network', 0, 1, NULL),
('user', 17, 'view', 'registered', 0, 1, NULL),
('user', 18, 'comment', 'everyone', 0, 1, NULL),
('user', 18, 'comment', 'member', 0, 1, NULL),
('user', 18, 'comment', 'network', 0, 1, NULL),
('user', 18, 'comment', 'registered', 0, 1, NULL),
('user', 18, 'view', 'everyone', 0, 1, NULL),
('user', 18, 'view', 'member', 0, 1, NULL),
('user', 18, 'view', 'network', 0, 1, NULL),
('user', 18, 'view', 'registered', 0, 1, NULL),
('user', 19, 'comment', 'everyone', 0, 1, NULL),
('user', 19, 'comment', 'member', 0, 1, NULL),
('user', 19, 'comment', 'network', 0, 1, NULL),
('user', 19, 'comment', 'registered', 0, 1, NULL),
('user', 19, 'view', 'everyone', 0, 1, NULL),
('user', 19, 'view', 'member', 0, 1, NULL),
('user', 19, 'view', 'network', 0, 1, NULL),
('user', 19, 'view', 'registered', 0, 1, NULL),
('user', 20, 'comment', 'everyone', 0, 1, NULL),
('user', 20, 'comment', 'member', 0, 1, NULL),
('user', 20, 'comment', 'network', 0, 1, NULL),
('user', 20, 'comment', 'registered', 0, 1, NULL),
('user', 20, 'view', 'everyone', 0, 1, NULL),
('user', 20, 'view', 'member', 0, 1, NULL),
('user', 20, 'view', 'network', 0, 1, NULL),
('user', 20, 'view', 'registered', 0, 1, NULL),
('user', 21, 'comment', 'everyone', 0, 1, NULL),
('user', 21, 'comment', 'member', 0, 1, NULL),
('user', 21, 'comment', 'network', 0, 1, NULL),
('user', 21, 'comment', 'registered', 0, 1, NULL),
('user', 21, 'view', 'everyone', 0, 1, NULL),
('user', 21, 'view', 'member', 0, 1, NULL),
('user', 21, 'view', 'network', 0, 1, NULL);
INSERT INTO `engine4_authorization_allow` (`resource_type`, `resource_id`, `action`, `role`, `role_id`, `value`, `params`) VALUES
('user', 21, 'view', 'registered', 0, 1, NULL),
('user', 22, 'comment', 'everyone', 0, 1, NULL),
('user', 22, 'comment', 'member', 0, 1, NULL),
('user', 22, 'comment', 'network', 0, 1, NULL),
('user', 22, 'comment', 'registered', 0, 1, NULL),
('user', 22, 'view', 'everyone', 0, 1, NULL),
('user', 22, 'view', 'member', 0, 1, NULL),
('user', 22, 'view', 'network', 0, 1, NULL),
('user', 22, 'view', 'registered', 0, 1, NULL),
('user', 23, 'comment', 'everyone', 0, 1, NULL),
('user', 23, 'comment', 'member', 0, 1, NULL),
('user', 23, 'comment', 'network', 0, 1, NULL),
('user', 23, 'comment', 'registered', 0, 1, NULL),
('user', 23, 'view', 'everyone', 0, 1, NULL),
('user', 23, 'view', 'member', 0, 1, NULL),
('user', 23, 'view', 'network', 0, 1, NULL),
('user', 23, 'view', 'registered', 0, 1, NULL),
('user', 24, 'comment', 'everyone', 0, 1, NULL),
('user', 24, 'comment', 'member', 0, 1, NULL),
('user', 24, 'comment', 'network', 0, 1, NULL),
('user', 24, 'comment', 'registered', 0, 1, NULL),
('user', 24, 'view', 'everyone', 0, 1, NULL),
('user', 24, 'view', 'member', 0, 1, NULL),
('user', 24, 'view', 'network', 0, 1, NULL),
('user', 24, 'view', 'registered', 0, 1, NULL),
('user', 25, 'comment', 'everyone', 0, 1, NULL),
('user', 25, 'comment', 'member', 0, 1, NULL),
('user', 25, 'comment', 'network', 0, 1, NULL),
('user', 25, 'comment', 'registered', 0, 1, NULL),
('user', 25, 'view', 'everyone', 0, 1, NULL),
('user', 25, 'view', 'member', 0, 1, NULL),
('user', 25, 'view', 'network', 0, 1, NULL),
('user', 25, 'view', 'registered', 0, 1, NULL),
('user', 26, 'comment', 'everyone', 0, 1, NULL),
('user', 26, 'comment', 'member', 0, 1, NULL),
('user', 26, 'comment', 'network', 0, 1, NULL),
('user', 26, 'comment', 'registered', 0, 1, NULL),
('user', 26, 'view', 'everyone', 0, 1, NULL),
('user', 26, 'view', 'member', 0, 1, NULL),
('user', 26, 'view', 'network', 0, 1, NULL),
('user', 26, 'view', 'registered', 0, 1, NULL),
('user', 27, 'comment', 'everyone', 0, 1, NULL),
('user', 27, 'comment', 'member', 0, 1, NULL),
('user', 27, 'comment', 'network', 0, 1, NULL),
('user', 27, 'comment', 'registered', 0, 1, NULL),
('user', 27, 'view', 'everyone', 0, 1, NULL),
('user', 27, 'view', 'member', 0, 1, NULL),
('user', 27, 'view', 'network', 0, 1, NULL),
('user', 27, 'view', 'registered', 0, 1, NULL),
('user', 28, 'comment', 'everyone', 0, 1, NULL),
('user', 28, 'comment', 'member', 0, 1, NULL),
('user', 28, 'comment', 'network', 0, 1, NULL),
('user', 28, 'comment', 'registered', 0, 1, NULL),
('user', 28, 'view', 'everyone', 0, 1, NULL),
('user', 28, 'view', 'member', 0, 1, NULL),
('user', 28, 'view', 'network', 0, 1, NULL),
('user', 28, 'view', 'registered', 0, 1, NULL),
('user', 29, 'comment', 'everyone', 0, 1, NULL),
('user', 29, 'comment', 'member', 0, 1, NULL),
('user', 29, 'comment', 'network', 0, 1, NULL),
('user', 29, 'comment', 'registered', 0, 1, NULL),
('user', 29, 'view', 'everyone', 0, 1, NULL),
('user', 29, 'view', 'member', 0, 1, NULL),
('user', 29, 'view', 'network', 0, 1, NULL),
('user', 29, 'view', 'registered', 0, 1, NULL),
('user', 30, 'comment', 'everyone', 0, 1, NULL),
('user', 30, 'comment', 'member', 0, 1, NULL),
('user', 30, 'comment', 'network', 0, 1, NULL),
('user', 30, 'comment', 'registered', 0, 1, NULL),
('user', 30, 'view', 'everyone', 0, 1, NULL),
('user', 30, 'view', 'member', 0, 1, NULL),
('user', 30, 'view', 'network', 0, 1, NULL),
('user', 30, 'view', 'registered', 0, 1, NULL),
('user', 31, 'comment', 'everyone', 0, 1, NULL),
('user', 31, 'comment', 'member', 0, 1, NULL),
('user', 31, 'comment', 'network', 0, 1, NULL),
('user', 31, 'comment', 'registered', 0, 1, NULL),
('user', 31, 'view', 'everyone', 0, 1, NULL),
('user', 31, 'view', 'member', 0, 1, NULL),
('user', 31, 'view', 'network', 0, 1, NULL),
('user', 31, 'view', 'registered', 0, 1, NULL),
('user', 32, 'comment', 'everyone', 0, 1, NULL),
('user', 32, 'comment', 'member', 0, 1, NULL),
('user', 32, 'comment', 'network', 0, 1, NULL),
('user', 32, 'comment', 'registered', 0, 1, NULL),
('user', 32, 'view', 'everyone', 0, 1, NULL),
('user', 32, 'view', 'member', 0, 1, NULL),
('user', 32, 'view', 'network', 0, 1, NULL),
('user', 32, 'view', 'registered', 0, 1, NULL),
('user', 33, 'comment', 'everyone', 0, 1, NULL),
('user', 33, 'comment', 'member', 0, 1, NULL),
('user', 33, 'comment', 'network', 0, 1, NULL),
('user', 33, 'comment', 'registered', 0, 1, NULL),
('user', 33, 'view', 'everyone', 0, 1, NULL),
('user', 33, 'view', 'member', 0, 1, NULL),
('user', 33, 'view', 'network', 0, 1, NULL),
('user', 33, 'view', 'registered', 0, 1, NULL),
('user', 34, 'comment', 'everyone', 0, 1, NULL),
('user', 34, 'comment', 'member', 0, 1, NULL),
('user', 34, 'comment', 'network', 0, 1, NULL),
('user', 34, 'comment', 'registered', 0, 1, NULL),
('user', 34, 'view', 'everyone', 0, 1, NULL),
('user', 34, 'view', 'member', 0, 1, NULL),
('user', 34, 'view', 'network', 0, 1, NULL),
('user', 34, 'view', 'registered', 0, 1, NULL),
('user', 35, 'comment', 'everyone', 0, 1, NULL),
('user', 35, 'comment', 'member', 0, 1, NULL),
('user', 35, 'comment', 'network', 0, 1, NULL),
('user', 35, 'comment', 'registered', 0, 1, NULL),
('user', 35, 'view', 'everyone', 0, 1, NULL),
('user', 35, 'view', 'member', 0, 1, NULL),
('user', 35, 'view', 'network', 0, 1, NULL),
('user', 35, 'view', 'registered', 0, 1, NULL),
('user', 36, 'comment', 'everyone', 0, 1, NULL),
('user', 36, 'comment', 'member', 0, 1, NULL),
('user', 36, 'comment', 'network', 0, 1, NULL),
('user', 36, 'comment', 'registered', 0, 1, NULL),
('user', 36, 'view', 'everyone', 0, 1, NULL),
('user', 36, 'view', 'member', 0, 1, NULL),
('user', 36, 'view', 'network', 0, 1, NULL),
('user', 36, 'view', 'registered', 0, 1, NULL),
('user', 37, 'comment', 'everyone', 0, 1, NULL),
('user', 37, 'comment', 'member', 0, 1, NULL),
('user', 37, 'comment', 'network', 0, 1, NULL),
('user', 37, 'comment', 'registered', 0, 1, NULL),
('user', 37, 'view', 'everyone', 0, 1, NULL),
('user', 37, 'view', 'member', 0, 1, NULL),
('user', 37, 'view', 'network', 0, 1, NULL),
('user', 37, 'view', 'registered', 0, 1, NULL),
('user', 38, 'comment', 'everyone', 0, 1, NULL),
('user', 38, 'comment', 'member', 0, 1, NULL),
('user', 38, 'comment', 'network', 0, 1, NULL),
('user', 38, 'comment', 'registered', 0, 1, NULL),
('user', 38, 'view', 'everyone', 0, 1, NULL),
('user', 38, 'view', 'member', 0, 1, NULL),
('user', 38, 'view', 'network', 0, 1, NULL),
('user', 38, 'view', 'registered', 0, 1, NULL),
('user', 39, 'comment', 'everyone', 0, 1, NULL),
('user', 39, 'comment', 'member', 0, 1, NULL),
('user', 39, 'comment', 'network', 0, 1, NULL),
('user', 39, 'comment', 'registered', 0, 1, NULL),
('user', 39, 'view', 'everyone', 0, 1, NULL),
('user', 39, 'view', 'member', 0, 1, NULL),
('user', 39, 'view', 'network', 0, 1, NULL),
('user', 39, 'view', 'registered', 0, 1, NULL),
('user', 40, 'comment', 'everyone', 0, 1, NULL),
('user', 40, 'comment', 'member', 0, 1, NULL),
('user', 40, 'comment', 'network', 0, 1, NULL),
('user', 40, 'comment', 'registered', 0, 1, NULL),
('user', 40, 'view', 'everyone', 0, 1, NULL),
('user', 40, 'view', 'member', 0, 1, NULL),
('user', 40, 'view', 'network', 0, 1, NULL),
('user', 40, 'view', 'registered', 0, 1, NULL),
('user', 41, 'comment', 'everyone', 0, 1, NULL),
('user', 41, 'comment', 'member', 0, 1, NULL),
('user', 41, 'comment', 'network', 0, 1, NULL),
('user', 41, 'comment', 'registered', 0, 1, NULL),
('user', 41, 'view', 'everyone', 0, 1, NULL),
('user', 41, 'view', 'member', 0, 1, NULL),
('user', 41, 'view', 'network', 0, 1, NULL),
('user', 41, 'view', 'registered', 0, 1, NULL),
('user', 42, 'comment', 'everyone', 0, 1, NULL),
('user', 42, 'comment', 'member', 0, 1, NULL),
('user', 42, 'comment', 'network', 0, 1, NULL),
('user', 42, 'comment', 'registered', 0, 1, NULL),
('user', 42, 'view', 'everyone', 0, 1, NULL),
('user', 42, 'view', 'member', 0, 1, NULL),
('user', 42, 'view', 'network', 0, 1, NULL),
('user', 42, 'view', 'registered', 0, 1, NULL),
('user', 43, 'comment', 'everyone', 0, 1, NULL),
('user', 43, 'comment', 'member', 0, 1, NULL),
('user', 43, 'comment', 'network', 0, 1, NULL),
('user', 43, 'comment', 'registered', 0, 1, NULL),
('user', 43, 'view', 'everyone', 0, 1, NULL),
('user', 43, 'view', 'member', 0, 1, NULL),
('user', 43, 'view', 'network', 0, 1, NULL),
('user', 43, 'view', 'registered', 0, 1, NULL),
('user', 44, 'comment', 'everyone', 0, 1, NULL),
('user', 44, 'comment', 'member', 0, 1, NULL),
('user', 44, 'comment', 'network', 0, 1, NULL),
('user', 44, 'comment', 'registered', 0, 1, NULL),
('user', 44, 'view', 'everyone', 0, 1, NULL),
('user', 44, 'view', 'member', 0, 1, NULL),
('user', 44, 'view', 'network', 0, 1, NULL),
('user', 44, 'view', 'registered', 0, 1, NULL),
('user', 45, 'comment', 'everyone', 0, 1, NULL),
('user', 45, 'comment', 'member', 0, 1, NULL),
('user', 45, 'comment', 'network', 0, 1, NULL),
('user', 45, 'comment', 'registered', 0, 1, NULL),
('user', 45, 'view', 'everyone', 0, 1, NULL),
('user', 45, 'view', 'member', 0, 1, NULL),
('user', 45, 'view', 'network', 0, 1, NULL),
('user', 45, 'view', 'registered', 0, 1, NULL),
('user', 46, 'comment', 'everyone', 0, 1, NULL),
('user', 46, 'comment', 'member', 0, 1, NULL),
('user', 46, 'comment', 'network', 0, 1, NULL),
('user', 46, 'comment', 'registered', 0, 1, NULL),
('user', 46, 'view', 'everyone', 0, 1, NULL),
('user', 46, 'view', 'member', 0, 1, NULL),
('user', 46, 'view', 'network', 0, 1, NULL),
('user', 46, 'view', 'registered', 0, 1, NULL),
('user', 47, 'comment', 'everyone', 0, 1, NULL),
('user', 47, 'comment', 'member', 0, 1, NULL),
('user', 47, 'comment', 'network', 0, 1, NULL),
('user', 47, 'comment', 'registered', 0, 1, NULL),
('user', 47, 'view', 'everyone', 0, 1, NULL),
('user', 47, 'view', 'member', 0, 1, NULL),
('user', 47, 'view', 'network', 0, 1, NULL),
('user', 47, 'view', 'registered', 0, 1, NULL),
('user', 48, 'comment', 'everyone', 0, 1, NULL),
('user', 48, 'comment', 'member', 0, 1, NULL),
('user', 48, 'comment', 'network', 0, 1, NULL),
('user', 48, 'comment', 'registered', 0, 1, NULL),
('user', 48, 'view', 'everyone', 0, 1, NULL),
('user', 48, 'view', 'member', 0, 1, NULL),
('user', 48, 'view', 'network', 0, 1, NULL),
('user', 48, 'view', 'registered', 0, 1, NULL),
('user', 49, 'comment', 'everyone', 0, 1, NULL),
('user', 49, 'comment', 'member', 0, 1, NULL),
('user', 49, 'comment', 'network', 0, 1, NULL),
('user', 49, 'comment', 'registered', 0, 1, NULL),
('user', 49, 'view', 'everyone', 0, 1, NULL),
('user', 49, 'view', 'member', 0, 1, NULL),
('user', 49, 'view', 'network', 0, 1, NULL),
('user', 49, 'view', 'registered', 0, 1, NULL),
('user', 50, 'comment', 'everyone', 0, 1, NULL),
('user', 50, 'comment', 'member', 0, 1, NULL),
('user', 50, 'comment', 'network', 0, 1, NULL),
('user', 50, 'comment', 'registered', 0, 1, NULL),
('user', 50, 'view', 'everyone', 0, 1, NULL),
('user', 50, 'view', 'member', 0, 1, NULL),
('user', 50, 'view', 'network', 0, 1, NULL),
('user', 50, 'view', 'registered', 0, 1, NULL),
('user', 51, 'comment', 'everyone', 0, 1, NULL),
('user', 51, 'comment', 'member', 0, 1, NULL),
('user', 51, 'comment', 'network', 0, 1, NULL),
('user', 51, 'comment', 'registered', 0, 1, NULL),
('user', 51, 'view', 'everyone', 0, 1, NULL),
('user', 51, 'view', 'member', 0, 1, NULL),
('user', 51, 'view', 'network', 0, 1, NULL),
('user', 51, 'view', 'registered', 0, 1, NULL),
('user', 52, 'comment', 'everyone', 0, 1, NULL),
('user', 52, 'comment', 'member', 0, 1, NULL),
('user', 52, 'comment', 'network', 0, 1, NULL),
('user', 52, 'comment', 'registered', 0, 1, NULL),
('user', 52, 'view', 'everyone', 0, 1, NULL),
('user', 52, 'view', 'member', 0, 1, NULL),
('user', 52, 'view', 'network', 0, 1, NULL),
('user', 52, 'view', 'registered', 0, 1, NULL),
('user', 53, 'comment', 'everyone', 0, 1, NULL),
('user', 53, 'comment', 'member', 0, 1, NULL),
('user', 53, 'comment', 'network', 0, 1, NULL),
('user', 53, 'comment', 'registered', 0, 1, NULL),
('user', 53, 'view', 'everyone', 0, 1, NULL),
('user', 53, 'view', 'member', 0, 1, NULL),
('user', 53, 'view', 'network', 0, 1, NULL),
('user', 53, 'view', 'registered', 0, 1, NULL),
('user', 54, 'comment', 'everyone', 0, 1, NULL),
('user', 54, 'comment', 'member', 0, 1, NULL),
('user', 54, 'comment', 'network', 0, 1, NULL),
('user', 54, 'comment', 'registered', 0, 1, NULL),
('user', 54, 'view', 'everyone', 0, 1, NULL),
('user', 54, 'view', 'member', 0, 1, NULL),
('user', 54, 'view', 'network', 0, 1, NULL),
('user', 54, 'view', 'registered', 0, 1, NULL),
('user', 55, 'comment', 'everyone', 0, 1, NULL),
('user', 55, 'comment', 'member', 0, 1, NULL),
('user', 55, 'comment', 'network', 0, 1, NULL),
('user', 55, 'comment', 'registered', 0, 1, NULL),
('user', 55, 'view', 'everyone', 0, 1, NULL),
('user', 55, 'view', 'member', 0, 1, NULL),
('user', 55, 'view', 'network', 0, 1, NULL),
('user', 55, 'view', 'registered', 0, 1, NULL),
('user', 56, 'comment', 'everyone', 0, 1, NULL),
('user', 56, 'comment', 'member', 0, 1, NULL),
('user', 56, 'comment', 'network', 0, 1, NULL),
('user', 56, 'comment', 'registered', 0, 1, NULL),
('user', 56, 'view', 'everyone', 0, 1, NULL),
('user', 56, 'view', 'member', 0, 1, NULL),
('user', 56, 'view', 'network', 0, 1, NULL),
('user', 56, 'view', 'registered', 0, 1, NULL),
('user', 57, 'comment', 'everyone', 0, 1, NULL),
('user', 57, 'comment', 'member', 0, 1, NULL),
('user', 57, 'comment', 'network', 0, 1, NULL),
('user', 57, 'comment', 'registered', 0, 1, NULL),
('user', 57, 'view', 'everyone', 0, 1, NULL),
('user', 57, 'view', 'member', 0, 1, NULL),
('user', 57, 'view', 'network', 0, 1, NULL),
('user', 57, 'view', 'registered', 0, 1, NULL),
('user', 58, 'comment', 'everyone', 0, 1, NULL),
('user', 58, 'comment', 'member', 0, 1, NULL),
('user', 58, 'comment', 'network', 0, 1, NULL),
('user', 58, 'comment', 'registered', 0, 1, NULL),
('user', 58, 'view', 'everyone', 0, 1, NULL),
('user', 58, 'view', 'member', 0, 1, NULL),
('user', 58, 'view', 'network', 0, 1, NULL),
('user', 58, 'view', 'registered', 0, 1, NULL),
('user', 59, 'comment', 'everyone', 0, 1, NULL),
('user', 59, 'comment', 'member', 0, 1, NULL),
('user', 59, 'comment', 'network', 0, 1, NULL),
('user', 59, 'comment', 'registered', 0, 1, NULL),
('user', 59, 'view', 'everyone', 0, 1, NULL),
('user', 59, 'view', 'member', 0, 1, NULL),
('user', 59, 'view', 'network', 0, 1, NULL),
('user', 59, 'view', 'registered', 0, 1, NULL),
('user', 60, 'comment', 'everyone', 0, 1, NULL),
('user', 60, 'comment', 'member', 0, 1, NULL),
('user', 60, 'comment', 'network', 0, 1, NULL),
('user', 60, 'comment', 'registered', 0, 1, NULL),
('user', 60, 'view', 'everyone', 0, 1, NULL),
('user', 60, 'view', 'member', 0, 1, NULL),
('user', 60, 'view', 'network', 0, 1, NULL),
('user', 60, 'view', 'registered', 0, 1, NULL),
('user', 61, 'comment', 'everyone', 0, 1, NULL),
('user', 61, 'comment', 'member', 0, 1, NULL),
('user', 61, 'comment', 'network', 0, 1, NULL),
('user', 61, 'comment', 'registered', 0, 1, NULL),
('user', 61, 'view', 'everyone', 0, 1, NULL),
('user', 61, 'view', 'member', 0, 1, NULL),
('user', 61, 'view', 'network', 0, 1, NULL),
('user', 61, 'view', 'registered', 0, 1, NULL),
('user', 62, 'comment', 'everyone', 0, 1, NULL),
('user', 62, 'comment', 'member', 0, 1, NULL),
('user', 62, 'comment', 'network', 0, 1, NULL),
('user', 62, 'comment', 'registered', 0, 1, NULL),
('user', 62, 'view', 'everyone', 0, 1, NULL),
('user', 62, 'view', 'member', 0, 1, NULL),
('user', 62, 'view', 'network', 0, 1, NULL),
('user', 62, 'view', 'registered', 0, 1, NULL),
('user', 63, 'comment', 'everyone', 0, 1, NULL),
('user', 63, 'comment', 'member', 0, 1, NULL),
('user', 63, 'comment', 'network', 0, 1, NULL),
('user', 63, 'comment', 'registered', 0, 1, NULL),
('user', 63, 'view', 'everyone', 0, 1, NULL),
('user', 63, 'view', 'member', 0, 1, NULL),
('user', 63, 'view', 'network', 0, 1, NULL),
('user', 63, 'view', 'registered', 0, 1, NULL),
('user', 64, 'comment', 'everyone', 0, 1, NULL),
('user', 64, 'comment', 'member', 0, 1, NULL),
('user', 64, 'comment', 'network', 0, 1, NULL),
('user', 64, 'comment', 'registered', 0, 1, NULL),
('user', 64, 'view', 'everyone', 0, 1, NULL),
('user', 64, 'view', 'member', 0, 1, NULL),
('user', 64, 'view', 'network', 0, 1, NULL),
('user', 64, 'view', 'registered', 0, 1, NULL),
('user', 65, 'comment', 'everyone', 0, 1, NULL),
('user', 65, 'comment', 'member', 0, 1, NULL),
('user', 65, 'comment', 'network', 0, 1, NULL),
('user', 65, 'comment', 'registered', 0, 1, NULL),
('user', 65, 'view', 'everyone', 0, 1, NULL),
('user', 65, 'view', 'member', 0, 1, NULL),
('user', 65, 'view', 'network', 0, 1, NULL),
('user', 65, 'view', 'registered', 0, 1, NULL),
('user', 66, 'comment', 'everyone', 0, 1, NULL),
('user', 66, 'comment', 'member', 0, 1, NULL),
('user', 66, 'comment', 'network', 0, 1, NULL),
('user', 66, 'comment', 'registered', 0, 1, NULL),
('user', 66, 'view', 'everyone', 0, 1, NULL),
('user', 66, 'view', 'member', 0, 1, NULL),
('user', 66, 'view', 'network', 0, 1, NULL),
('user', 66, 'view', 'registered', 0, 1, NULL),
('user', 67, 'comment', 'everyone', 0, 1, NULL),
('user', 67, 'comment', 'member', 0, 1, NULL),
('user', 67, 'comment', 'network', 0, 1, NULL),
('user', 67, 'comment', 'registered', 0, 1, NULL),
('user', 67, 'view', 'everyone', 0, 1, NULL),
('user', 67, 'view', 'member', 0, 1, NULL),
('user', 67, 'view', 'network', 0, 1, NULL),
('user', 67, 'view', 'registered', 0, 1, NULL),
('user', 68, 'comment', 'everyone', 0, 1, NULL),
('user', 68, 'comment', 'member', 0, 1, NULL),
('user', 68, 'comment', 'network', 0, 1, NULL),
('user', 68, 'comment', 'registered', 0, 1, NULL),
('user', 68, 'view', 'everyone', 0, 1, NULL),
('user', 68, 'view', 'member', 0, 1, NULL),
('user', 68, 'view', 'network', 0, 1, NULL),
('user', 68, 'view', 'registered', 0, 1, NULL);

-- --------------------------------------------------------

--
-- Table structure for table `engine4_authorization_levels`
--

CREATE TABLE IF NOT EXISTS `engine4_authorization_levels` (
  `level_id` int(11) NOT NULL auto_increment,
  `title` varchar(255) collate utf8_unicode_ci NOT NULL,
  `description` text collate utf8_unicode_ci NOT NULL,
  `type` enum('public','user','moderator','admin') collate utf8_unicode_ci NOT NULL default 'user',
  `flag` enum('default','superadmin','public') collate utf8_unicode_ci default NULL,
  PRIMARY KEY  (`level_id`)
) ENGINE=InnoDB  DEFAULT CHARSET=utf8 COLLATE=utf8_unicode_ci AUTO_INCREMENT=6 ;

--
-- Dumping data for table `engine4_authorization_levels`
--

INSERT INTO `engine4_authorization_levels` (`level_id`, `title`, `description`, `type`, `flag`) VALUES
(1, 'Superadmins', 'Users of this level can modify all of your settings and data.  This level cannot be modified or deleted.', 'admin', 'superadmin'),
(2, 'Admins', 'Users of this level have full access to all of your network settings and data.', 'admin', ''),
(3, 'Moderators', 'Users of this level may edit user-side content.', 'moderator', ''),
(4, 'Default Level', 'This is the default user level.  New users are assigned to it automatically.', 'user', 'default'),
(5, 'Public', 'Settings for this level apply to users who have not logged in.', 'public', 'public');

-- --------------------------------------------------------

--
-- Table structure for table `engine4_authorization_permissions`
--

CREATE TABLE IF NOT EXISTS `engine4_authorization_permissions` (
  `level_id` int(11) unsigned NOT NULL,
  `type` varchar(16) character set latin1 collate latin1_general_ci NOT NULL,
  `name` varchar(16) character set latin1 collate latin1_general_ci NOT NULL,
  `value` tinyint(3) NOT NULL default '0',
  `params` varchar(255) collate utf8_unicode_ci default NULL,
  PRIMARY KEY  (`level_id`,`type`,`name`)
) ENGINE=InnoDB DEFAULT CHARSET=utf8 COLLATE=utf8_unicode_ci;

--
-- Dumping data for table `engine4_authorization_permissions`
--

INSERT INTO `engine4_authorization_permissions` (`level_id`, `type`, `name`, `value`, `params`) VALUES
(1, 'admin', 'view', 1, NULL),
(1, 'announcement', 'create', 1, NULL),
(1, 'announcement', 'delete', 2, NULL),
(1, 'announcement', 'edit', 2, NULL),
(1, 'announcement', 'view', 2, NULL),
(1, 'core_link', 'create', 1, NULL),
(1, 'core_link', 'delete', 2, NULL),
(1, 'core_link', 'view', 2, NULL),
(1, 'general', 'activity', 2, NULL),
(1, 'general', 'style', 2, NULL),
(1, 'groupbuy_deal', 'auth_comment', 5, '["everyone","owner_network","owner_member_member","owner_member","owner"]'),
(1, 'groupbuy_deal', 'auth_html', 3, 'strong, b, em, i, u, strike, sub, sup, p, div, pre, address, h1, h2, h3, h4, h5, h6, span, ol, li, ul, a, img, embed, br, hr'),
(1, 'groupbuy_deal', 'auth_view', 5, '["everyone","owner_network","owner_member_member","owner_member","owner"]'),
(1, 'groupbuy_deal', 'can_buy_deal', 1, NULL),
(1, 'groupbuy_deal', 'can_sell_deal', 1, NULL),
(1, 'groupbuy_deal', 'comment', 2, NULL),
(1, 'groupbuy_deal', 'create', 1, NULL),
(1, 'groupbuy_deal', 'delete', 2, NULL),
(1, 'groupbuy_deal', 'edit', 2, NULL),
(1, 'groupbuy_deal', 'free_display', 0, NULL),
(1, 'groupbuy_deal', 'free_fee', 0, NULL),
(1, 'groupbuy_deal', 'max', 3, '1000'),
(1, 'groupbuy_deal', 'select_currency', 1, NULL),
(1, 'groupbuy_deal', 'view', 2, NULL),
(1, 'messages', 'auth', 3, 'friends'),
(1, 'messages', 'create', 1, NULL),
(1, 'user', 'activity', 1, NULL),
(1, 'user', 'auth_comment', 5, '["everyone","registered","network","member","owner"]'),
(1, 'user', 'auth_view', 5, '["everyone","registered","network","member","owner"]'),
(1, 'user', 'block', 1, NULL),
(1, 'user', 'comment', 2, NULL),
(1, 'user', 'create', 1, NULL),
(1, 'user', 'delete', 2, NULL),
(1, 'user', 'edit', 2, NULL),
(1, 'user', 'search', 1, NULL),
(1, 'user', 'status', 1, NULL),
(1, 'user', 'style', 2, NULL),
(1, 'user', 'username', 2, NULL),
(1, 'user', 'view', 2, NULL),
(2, 'admin', 'view', 1, NULL),
(2, 'announcement', 'create', 1, NULL),
(2, 'announcement', 'delete', 2, NULL),
(2, 'announcement', 'edit', 2, NULL),
(2, 'announcement', 'view', 2, NULL),
(2, 'core_link', 'create', 1, NULL),
(2, 'core_link', 'delete', 2, NULL),
(2, 'core_link', 'view', 2, NULL),
(2, 'general', 'activity', 2, NULL),
(2, 'general', 'style', 2, NULL),
(2, 'groupbuy_deal', 'auth_comment', 5, '["everyone","owner_network","owner_member_member","owner_member","owner"]'),
(2, 'groupbuy_deal', 'auth_html', 3, 'strong, b, em, i, u, strike, sub, sup, p, div, pre, address, h1, h2, h3, h4, h5, h6, span, ol, li, ul, a, img, embed, br, hr'),
(2, 'groupbuy_deal', 'auth_view', 5, '["everyone","owner_network","owner_member_member","owner_member","owner"]'),
(2, 'groupbuy_deal', 'comment', 2, NULL),
(2, 'groupbuy_deal', 'create', 1, NULL),
(2, 'groupbuy_deal', 'delete', 2, NULL),
(2, 'groupbuy_deal', 'edit', 2, NULL),
(2, 'groupbuy_deal', 'max', 3, '1000'),
(2, 'groupbuy_deal', 'select_currency', 1, NULL),
(2, 'groupbuy_deal', 'view', 2, NULL),
(2, 'messages', 'auth', 3, 'friends'),
(2, 'messages', 'create', 1, NULL),
(2, 'user', 'activity', 1, NULL),
(2, 'user', 'auth_comment', 5, '["everyone","registered","network","member","owner"]'),
(2, 'user', 'auth_view', 5, '["everyone","registered","network","member","owner"]'),
(2, 'user', 'block', 1, NULL),
(2, 'user', 'comment', 2, NULL),
(2, 'user', 'create', 1, NULL),
(2, 'user', 'delete', 2, NULL),
(2, 'user', 'edit', 2, NULL),
(2, 'user', 'search', 1, NULL),
(2, 'user', 'status', 1, NULL),
(2, 'user', 'style', 2, NULL),
(2, 'user', 'username', 2, NULL),
(2, 'user', 'view', 2, NULL),
(3, 'announcement', 'view', 1, NULL),
(3, 'core_link', 'create', 1, NULL),
(3, 'core_link', 'delete', 2, NULL),
(3, 'core_link', 'view', 2, NULL),
(3, 'general', 'activity', 2, NULL),
(3, 'general', 'style', 2, NULL),
(3, 'groupbuy_deal', 'auth_comment', 5, '["everyone","owner_network","owner_member_member","owner_member","owner"]'),
(3, 'groupbuy_deal', 'auth_html', 3, 'strong, b, em, i, u, strike, sub, sup, p, div, pre, address, h1, h2, h3, h4, h5, h6, span, ol, li, ul, a, img, embed, br, hr'),
(3, 'groupbuy_deal', 'auth_view', 5, '["everyone","owner_network","owner_member_member","owner_member","owner"]'),
(3, 'groupbuy_deal', 'comment', 2, NULL),
(3, 'groupbuy_deal', 'create', 1, NULL),
(3, 'groupbuy_deal', 'delete', 2, NULL),
(3, 'groupbuy_deal', 'edit', 2, NULL),
(3, 'groupbuy_deal', 'max', 3, '1000'),
(3, 'groupbuy_deal', 'select_currency', 1, NULL),
(3, 'groupbuy_deal', 'view', 2, NULL),
(3, 'messages', 'auth', 3, 'friends'),
(3, 'messages', 'create', 1, NULL),
(3, 'user', 'activity', 1, NULL),
(3, 'user', 'auth_comment', 5, '["everyone","registered","network","member","owner"]'),
(3, 'user', 'auth_view', 5, '["everyone","registered","network","member","owner"]'),
(3, 'user', 'block', 1, NULL),
(3, 'user', 'comment', 2, NULL),
(3, 'user', 'create', 1, NULL),
(3, 'user', 'delete', 2, NULL),
(3, 'user', 'edit', 2, NULL),
(3, 'user', 'search', 1, NULL),
(3, 'user', 'status', 1, NULL),
(3, 'user', 'style', 2, NULL),
(3, 'user', 'username', 2, NULL),
(3, 'user', 'view', 2, NULL),
(4, 'announcement', 'view', 1, NULL),
(4, 'core_link', 'create', 1, NULL),
(4, 'core_link', 'delete', 1, NULL),
(4, 'core_link', 'view', 1, NULL),
(4, 'general', 'style', 1, NULL),
(4, 'groupbuy_deal', 'auth_comment', 5, '["everyone","registered","owner_network","owner_member_member","owner_member","owner"]'),
(4, 'groupbuy_deal', 'auth_html', 3, 'strong, b, em, i, u, strike, sub, sup, p, div, pre, address, h1, h2, h3, h4, h5, h6, span, ol, li, ul, a, img, embed, br, hr'),
(4, 'groupbuy_deal', 'auth_view', 5, '["everyone","registered","owner_network","owner_member_member","owner_member","owner"]'),
(4, 'groupbuy_deal', 'can_buy_deal', 1, NULL),
(4, 'groupbuy_deal', 'can_sell_deal', 1, NULL),
(4, 'groupbuy_deal', 'comment', 1, NULL),
(4, 'groupbuy_deal', 'create', 1, NULL),
(4, 'groupbuy_deal', 'delete', 1, NULL),
(4, 'groupbuy_deal', 'edit', 1, NULL),
(4, 'groupbuy_deal', 'free_display', 1, NULL),
(4, 'groupbuy_deal', 'free_fee', 1, NULL),
(4, 'groupbuy_deal', 'max', 3, '50'),
(4, 'groupbuy_deal', 'view', 1, NULL),
(4, 'messages', 'auth', 3, 'friends'),
(4, 'messages', 'create', 1, NULL),
(4, 'user', 'auth_comment', 5, '["everyone","registered","network","member","owner"]'),
(4, 'user', 'auth_view', 5, '["everyone","registered","network","member","owner"]'),
(4, 'user', 'block', 1, NULL),
(4, 'user', 'comment', 1, NULL),
(4, 'user', 'create', 1, NULL),
(4, 'user', 'delete', 1, NULL),
(4, 'user', 'edit', 1, NULL),
(4, 'user', 'search', 1, NULL),
(4, 'user', 'status', 1, NULL),
(4, 'user', 'style', 1, NULL),
(4, 'user', 'username', 1, NULL),
(4, 'user', 'view', 1, NULL),
(5, 'announcement', 'view', 1, NULL),
(5, 'core_link', 'view', 1, NULL),
(5, 'groupbuy_deal', 'view', 1, NULL),
(5, 'user', 'view', 1, NULL);

-- --------------------------------------------------------

--
-- Table structure for table `engine4_core_adcampaigns`
--

CREATE TABLE IF NOT EXISTS `engine4_core_adcampaigns` (
  `adcampaign_id` int(11) unsigned NOT NULL auto_increment,
  `end_settings` tinyint(4) NOT NULL,
  `name` varchar(255) collate utf8_unicode_ci NOT NULL,
  `start_time` datetime NOT NULL,
  `end_time` datetime NOT NULL,
  `limit_view` int(11) unsigned NOT NULL default '0',
  `limit_click` int(11) unsigned NOT NULL default '0',
  `limit_ctr` varchar(11) collate utf8_unicode_ci NOT NULL default '0',
  `network` varchar(255) collate utf8_unicode_ci NOT NULL,
  `level` varchar(255) collate utf8_unicode_ci NOT NULL,
  `views` int(11) unsigned NOT NULL default '0',
  `clicks` int(11) unsigned NOT NULL default '0',
  `status` tinyint(4) NOT NULL default '0',
  PRIMARY KEY  (`adcampaign_id`)
) ENGINE=InnoDB DEFAULT CHARSET=utf8 COLLATE=utf8_unicode_ci AUTO_INCREMENT=1 ;

-- --------------------------------------------------------

--
-- Table structure for table `engine4_core_adphotos`
--

CREATE TABLE IF NOT EXISTS `engine4_core_adphotos` (
  `adphoto_id` int(11) unsigned NOT NULL auto_increment,
  `ad_id` int(11) unsigned NOT NULL,
  `title` varchar(128) collate utf8_unicode_ci NOT NULL,
  `description` varchar(255) collate utf8_unicode_ci NOT NULL,
  `file_id` int(11) unsigned NOT NULL,
  `creation_date` datetime NOT NULL,
  `modified_date` datetime NOT NULL,
  PRIMARY KEY  (`adphoto_id`),
  KEY `ad_id` (`ad_id`)
) ENGINE=InnoDB DEFAULT CHARSET=utf8 COLLATE=utf8_unicode_ci AUTO_INCREMENT=1 ;

-- --------------------------------------------------------

--
-- Table structure for table `engine4_core_ads`
--

CREATE TABLE IF NOT EXISTS `engine4_core_ads` (
  `ad_id` int(11) unsigned NOT NULL auto_increment,
  `name` varchar(16) collate utf8_unicode_ci NOT NULL,
  `ad_campaign` int(11) unsigned NOT NULL,
  `views` int(11) unsigned NOT NULL default '0',
  `clicks` int(11) unsigned NOT NULL default '0',
  `media_type` varchar(255) collate utf8_unicode_ci NOT NULL,
  `html_code` text collate utf8_unicode_ci NOT NULL,
  `photo_id` int(11) unsigned NOT NULL default '0',
  PRIMARY KEY  (`ad_id`),
  KEY `ad_campaign` (`ad_campaign`)
) ENGINE=InnoDB DEFAULT CHARSET=utf8 COLLATE=utf8_unicode_ci AUTO_INCREMENT=1 ;

-- --------------------------------------------------------

--
-- Table structure for table `engine4_core_auth`
--

CREATE TABLE IF NOT EXISTS `engine4_core_auth` (
  `id` varchar(40) character set latin1 collate latin1_general_ci NOT NULL,
  `user_id` int(11) unsigned NOT NULL,
  `type` varchar(32) character set latin1 collate latin1_general_ci default NULL,
  `expires` int(11) NOT NULL default '0',
  PRIMARY KEY  (`id`,`user_id`),
  KEY `expires` (`expires`)
) ENGINE=InnoDB DEFAULT CHARSET=utf8 COLLATE=utf8_unicode_ci;

-- --------------------------------------------------------

--
-- Table structure for table `engine4_core_bannedemails`
--

CREATE TABLE IF NOT EXISTS `engine4_core_bannedemails` (
  `bannedemail_id` int(10) unsigned NOT NULL auto_increment,
  `email` varchar(255) collate utf8_unicode_ci NOT NULL,
  PRIMARY KEY  (`bannedemail_id`),
  UNIQUE KEY `email` (`email`)
) ENGINE=InnoDB DEFAULT CHARSET=utf8 COLLATE=utf8_unicode_ci AUTO_INCREMENT=1 ;

-- --------------------------------------------------------

--
-- Table structure for table `engine4_core_bannedips`
--

CREATE TABLE IF NOT EXISTS `engine4_core_bannedips` (
  `bannedip_id` int(10) unsigned NOT NULL auto_increment,
  `start` varbinary(16) NOT NULL,
  `stop` varbinary(16) NOT NULL,
  PRIMARY KEY  (`bannedip_id`),
  UNIQUE KEY `start` (`start`,`stop`)
) ENGINE=InnoDB DEFAULT CHARSET=utf8 COLLATE=utf8_unicode_ci AUTO_INCREMENT=1 ;

-- --------------------------------------------------------

--
-- Table structure for table `engine4_core_bannedusernames`
--

CREATE TABLE IF NOT EXISTS `engine4_core_bannedusernames` (
  `bannedusername_id` int(10) unsigned NOT NULL auto_increment,
  `username` varchar(255) collate utf8_unicode_ci NOT NULL,
  PRIMARY KEY  (`bannedusername_id`),
  KEY `username` (`username`)
) ENGINE=InnoDB DEFAULT CHARSET=utf8 COLLATE=utf8_unicode_ci AUTO_INCREMENT=1 ;

-- --------------------------------------------------------

--
-- Table structure for table `engine4_core_bannedwords`
--

CREATE TABLE IF NOT EXISTS `engine4_core_bannedwords` (
  `bannedword_id` int(10) unsigned NOT NULL auto_increment,
  `word` text collate utf8_unicode_ci NOT NULL,
  PRIMARY KEY  (`bannedword_id`)
) ENGINE=InnoDB DEFAULT CHARSET=utf8 COLLATE=utf8_unicode_ci AUTO_INCREMENT=1 ;

-- --------------------------------------------------------

--
-- Table structure for table `engine4_core_comments`
--

CREATE TABLE IF NOT EXISTS `engine4_core_comments` (
  `comment_id` int(11) unsigned NOT NULL auto_increment,
  `resource_type` varchar(32) character set latin1 collate latin1_general_ci NOT NULL,
  `resource_id` int(11) unsigned NOT NULL,
  `poster_type` varchar(32) character set latin1 collate latin1_general_ci NOT NULL,
  `poster_id` int(11) unsigned NOT NULL,
  `body` text collate utf8_unicode_ci NOT NULL,
  `creation_date` datetime NOT NULL,
  `like_count` int(11) unsigned NOT NULL default '0',
  PRIMARY KEY  (`comment_id`),
  KEY `resource_type` (`resource_type`,`resource_id`),
  KEY `poster_type` (`poster_type`,`poster_id`)
) ENGINE=InnoDB  DEFAULT CHARSET=utf8 COLLATE=utf8_unicode_ci AUTO_INCREMENT=13 ;

--
-- Dumping data for table `engine4_core_comments`
--

INSERT INTO `engine4_core_comments` (`comment_id`, `resource_type`, `resource_id`, `poster_type`, `poster_id`, `body`, `creation_date`, `like_count`) VALUES
(1, 'groupbuy_deal', 2, 'user', 1, 'hay', '2011-07-24 21:36:50', 0),
(2, 'groupbuy_deal', 220, 'user', 1, 'kokokokokokoko', '2011-07-25 21:48:07', 0),
(3, 'groupbuy_deal', 235, 'user', 1, ',mmkmjm', '2011-07-26 21:56:57', 0),
(4, 'groupbuy_deal', 235, 'user', 54, 'dsadsa', '2011-07-27 19:36:40', 0),
(5, 'groupbuy_deal', 238, 'user', 54, 'sadadsad wd wqdwfqwfeq', '2011-07-27 20:44:13', 0),
(6, 'groupbuy_deal', 235, 'user', 57, 'sdsdfa', '2011-07-28 13:36:11', 0),
(7, 'groupbuy_deal', 256, 'user', 56, 'Do qua', '2011-07-28 14:53:20', 1),
(8, 'groupbuy_deal', 251, 'user', 58, 'Test', '2011-07-28 18:05:01', 3),
(9, 'groupbuy_deal', 235, 'user', 52, 'cong hoa xa hoi chu nghia viet nam', '2001-01-24 23:00:52', 0),
(10, 'groupbuy_deal', 1, 'user', 1, 'test test', '2011-08-05 18:33:10', 0),
(11, 'groupbuy_deal', 1, 'user', 1, 'test tet 2', '2011-08-05 18:40:50', 0),
(12, 'groupbuy_deal', 10, 'user', 1, 'sadssadas', '2011-08-05 18:46:06', 0);

-- --------------------------------------------------------

--
-- Table structure for table `engine4_core_content`
--

CREATE TABLE IF NOT EXISTS `engine4_core_content` (
  `content_id` int(11) unsigned NOT NULL auto_increment,
  `page_id` int(11) unsigned NOT NULL,
  `type` varchar(32) character set latin1 collate latin1_general_ci NOT NULL default 'widget',
  `name` varchar(64) character set latin1 collate latin1_general_ci NOT NULL,
  `parent_content_id` int(11) unsigned default NULL,
  `order` int(11) NOT NULL default '1',
  `params` text collate utf8_unicode_ci,
  `attribs` text collate utf8_unicode_ci,
  PRIMARY KEY  (`content_id`),
  KEY `page_id` (`page_id`,`order`)
) ENGINE=InnoDB  DEFAULT CHARSET=utf8 COLLATE=utf8_unicode_ci AUTO_INCREMENT=591 ;

--
-- Dumping data for table `engine4_core_content`
--

INSERT INTO `engine4_core_content` (`content_id`, `page_id`, `type`, `name`, `parent_content_id`, `order`, `params`, `attribs`) VALUES
(100, 1, 'container', 'main', NULL, 1, '', NULL),
(110, 1, 'widget', 'core.menu-mini', 100, 1, '', NULL),
(111, 1, 'widget', 'core.menu-logo', 100, 2, '', NULL),
(112, 1, 'widget', 'core.menu-main', 100, 3, '', NULL),
(200, 2, 'container', 'main', NULL, 1, '', NULL),
(210, 2, 'widget', 'core.menu-footer', 200, 2, '', NULL),
(300, 3, 'container', 'main', NULL, 2, '[""]', NULL),
(310, 3, 'container', 'left', 300, 4, '[""]', NULL),
(311, 3, 'container', 'right', 300, 5, '[""]', NULL),
(312, 3, 'container', 'middle', 300, 6, '[""]', NULL),
(320, 3, 'widget', 'user.login-or-signup', 310, 3, '[""]', NULL),
(321, 3, 'widget', 'user.list-online', 310, 4, '{"title":"%s Members Online"}', NULL),
(322, 3, 'widget', 'core.statistics', 310, 5, '{"title":"Network Stats"}', NULL),
(330, 3, 'widget', 'user.list-signups', 311, 10, '{"title":"Newest Members"}', NULL),
(331, 3, 'widget', 'user.list-popular', 311, 11, '{"title":"Popular Members"}', NULL),
(340, 3, 'widget', 'announcement.list-announcements', 312, 7, '{"title":"Announcements"}', NULL),
(341, 3, 'widget', 'activity.feed', 312, 8, '{"title":"What''s New"}', NULL),
(400, 4, 'container', 'main', NULL, 2, '[""]', NULL),
(410, 4, 'container', 'left', 400, 4, '[""]', NULL),
(411, 4, 'container', 'right', 400, 5, '[""]', NULL),
(412, 4, 'container', 'middle', 400, 6, '[""]', NULL),
(420, 4, 'widget', 'user.home-photo', 410, 3, '[""]', NULL),
(421, 4, 'widget', 'user.home-links', 410, 4, '[""]', NULL),
(422, 4, 'widget', 'user.list-online', 410, 5, '{"title":"%s Members Online"}', NULL),
(423, 4, 'widget', 'core.statistics', 410, 6, '{"title":"Network Stats"}', NULL),
(430, 4, 'widget', 'activity.list-requests', 411, 11, '{"title":"Requests"}', NULL),
(431, 4, 'widget', 'user.list-signups', 411, 12, '{"title":"Newest Members"}', NULL),
(432, 4, 'widget', 'user.list-popular', 411, 13, '{"title":"Popular Members"}', NULL),
(440, 4, 'widget', 'announcement.list-announcements', 412, 8, '{"title":"Announcements"}', NULL),
(441, 4, 'widget', 'activity.feed', 412, 9, '{"title":"What''s New"}', NULL),
(500, 5, 'container', 'main', NULL, 2, '[""]', NULL),
(510, 5, 'container', 'left', 500, 4, '[""]', NULL),
(511, 5, 'container', 'middle', 500, 6, '[""]', NULL),
(520, 5, 'widget', 'user.profile-photo', 510, 3, '[""]', NULL),
(521, 5, 'widget', 'user.profile-options', 510, 4, '[""]', NULL),
(522, 5, 'widget', 'user.profile-friends-common', 510, 5, '{"title":"Mutual Friends"}', NULL),
(523, 5, 'widget', 'user.profile-info', 510, 6, '{"title":"Member Info"}', NULL),
(530, 5, 'widget', 'user.profile-status', 511, 8, '[""]', NULL),
(531, 5, 'widget', 'core.container-tabs', 511, 9, '{"max":"6"}', NULL),
(540, 5, 'widget', 'activity.feed', 531, 10, '{"title":"Updates"}', NULL),
(541, 5, 'widget', 'user.profile-fields', 531, 13, '{"title":"Info"}', NULL),
(542, 5, 'widget', 'user.profile-friends', 531, 14, '{"title":"Friends","titleCount":true}', NULL),
(546, 5, 'widget', 'core.profile-links', 531, 15, '{"title":"Links","titleCount":true}', NULL),
(547, 6, 'container', 'top', NULL, 1, '[""]', NULL),
(548, 6, 'container', 'middle', 547, 6, '[""]', NULL),
(549, 6, 'widget', 'groupbuy.menu-deals', 548, 3, '["[]"]', NULL),
(550, 6, 'container', 'main', NULL, 2, '[""]', NULL),
(552, 6, 'container', 'middle', 550, 6, '[""]', NULL),
(553, 6, 'container', 'right', 550, 5, '[""]', NULL),
(559, 7, 'container', 'main', NULL, 2, '["[]"]', NULL),
(560, 7, 'container', 'middle', 559, 6, '["[]"]', NULL),
(561, 7, 'container', 'top', NULL, 1, '["[]"]', NULL),
(562, 7, 'container', 'middle', 561, 6, '["[]"]', NULL),
(563, 7, 'widget', 'groupbuy.menu-deals', 562, 3, '["[]"]', NULL),
(567, 6, 'widget', 'groupbuy.most-great-deals', 553, 11, '{"title":"Most Great Deals"}', NULL),
(572, 5, 'widget', 'groupbuy.profile-buy-deals', 531, 11, '{"title":"Buy Deals"}', NULL),
(573, 5, 'widget', 'groupbuy.profile-sell-deals', 531, 12, '{"title":"Sell Deals"}', NULL),
(577, 7, 'widget', 'groupbuy.search-deals', 562, 4, '["[]"]', NULL),
(578, 6, 'widget', 'groupbuy.search-deals', 548, 4, '["[]"]', NULL),
(579, 6, 'widget', 'groupbuy.email-form', 553, 10, '["[]"]', NULL),
(580, 4, 'widget', 'clock', 411, 14, '["[]"]', NULL),
(588, 7, 'widget', 'groupbuy.search-listing-deals', 560, 7, '[]', NULL),
(589, 6, 'widget', 'groupbuy.featured-deals', 552, 7, '["[]"]', NULL),
(590, 6, 'widget', 'groupbuy.listing-deals', 552, 8, '["[]"]', NULL);

-- --------------------------------------------------------

--
-- Table structure for table `engine4_core_geotags`
--

CREATE TABLE IF NOT EXISTS `engine4_core_geotags` (
  `geotag_id` int(11) unsigned NOT NULL,
  `latitude` float NOT NULL,
  `longitude` float NOT NULL,
  PRIMARY KEY  (`geotag_id`),
  KEY `latitude` (`latitude`,`longitude`)
) ENGINE=InnoDB DEFAULT CHARSET=utf8 COLLATE=utf8_unicode_ci;

-- --------------------------------------------------------

--
-- Table structure for table `engine4_core_jobs`
--

CREATE TABLE IF NOT EXISTS `engine4_core_jobs` (
  `job_id` bigint(20) unsigned NOT NULL auto_increment,
  `jobtype_id` int(10) unsigned NOT NULL,
  `state` enum('pending','active','sleeping','failed','cancelled','completed') collate utf8_unicode_ci NOT NULL default 'pending',
  `is_complete` tinyint(1) unsigned NOT NULL default '0',
  `progress` decimal(5,4) unsigned NOT NULL default '0.0000',
  `creation_date` datetime NOT NULL,
  `modified_date` datetime default NULL,
  `started_date` datetime default NULL,
  `completion_date` datetime default NULL,
  `priority` mediumint(9) NOT NULL default '100',
  `data` text collate utf8_unicode_ci,
  `messages` text collate utf8_unicode_ci,
  PRIMARY KEY  (`job_id`),
  KEY `jobtype_id` (`jobtype_id`),
  KEY `state` (`state`),
  KEY `is_complete` (`is_complete`,`priority`,`job_id`)
) ENGINE=InnoDB DEFAULT CHARSET=utf8 COLLATE=utf8_unicode_ci AUTO_INCREMENT=1 ;

-- --------------------------------------------------------

--
-- Table structure for table `engine4_core_jobtypes`
--

CREATE TABLE IF NOT EXISTS `engine4_core_jobtypes` (
  `jobtype_id` int(11) unsigned NOT NULL auto_increment,
  `title` varchar(128) collate utf8_unicode_ci NOT NULL,
  `type` varchar(64) character set latin1 collate latin1_general_ci NOT NULL,
  `module` varchar(64) character set latin1 collate latin1_general_ci NOT NULL,
  `plugin` varchar(128) character set latin1 collate latin1_general_ci NOT NULL,
  `form` varchar(128) character set latin1 collate latin1_general_ci default NULL,
  `enabled` tinyint(1) unsigned NOT NULL default '1',
  `priority` mediumint(9) NOT NULL default '100',
  `multi` tinyint(3) unsigned default '1',
  PRIMARY KEY  (`jobtype_id`),
  UNIQUE KEY `type` (`type`)
) ENGINE=InnoDB  DEFAULT CHARSET=utf8 COLLATE=utf8_unicode_ci AUTO_INCREMENT=8 ;

--
-- Dumping data for table `engine4_core_jobtypes`
--

INSERT INTO `engine4_core_jobtypes` (`jobtype_id`, `title`, `type`, `module`, `plugin`, `form`, `enabled`, `priority`, `multi`) VALUES
(1, 'Download File', 'file_download', 'core', 'Core_Plugin_Job_FileDownload', 'Core_Form_Admin_Job_FileDownload', 1, 100, 1),
(2, 'Upload File', 'file_upload', 'core', 'Core_Plugin_Job_FileUpload', 'Core_Form_Admin_Job_FileUpload', 1, 100, 1),
(3, 'Rebuild Activity Privacy', 'activity_maintenance_rebuild_privacy', 'activity', 'Activity_Plugin_Job_Maintenance_RebuildPrivacy', NULL, 1, 50, 1),
(4, 'Rebuild Member Privacy', 'user_maintenance_rebuild_privacy', 'user', 'User_Plugin_Job_Maintenance_RebuildPrivacy', NULL, 1, 50, 1),
(5, 'Rebuild Network Membership', 'network_maintenance_rebuild_membership', 'network', 'Network_Plugin_Job_Maintenance_RebuildMembership', NULL, 1, 50, 1),
(6, 'Storage Transfer', 'storage_transfer', 'core', 'Storage_Plugin_Job_Transfer', 'Core_Form_Admin_Job_Generic', 1, 100, 1),
(7, 'Storage Cleanup', 'storage_cleanup', 'core', 'Storage_Plugin_Job_Cleanup', 'Core_Form_Admin_Job_Generic', 1, 100, 1);

-- --------------------------------------------------------

--
-- Table structure for table `engine4_core_languages`
--

CREATE TABLE IF NOT EXISTS `engine4_core_languages` (
  `language_id` int(11) unsigned NOT NULL auto_increment,
  `code` varchar(8) character set latin1 collate latin1_general_ci NOT NULL,
  `name` varchar(255) collate utf8_unicode_ci NOT NULL,
  `fallback` varchar(8) character set latin1 collate latin1_general_ci default NULL,
  `order` smallint(6) NOT NULL default '1',
  PRIMARY KEY  (`language_id`)
) ENGINE=InnoDB  DEFAULT CHARSET=utf8 COLLATE=utf8_unicode_ci AUTO_INCREMENT=2 ;

--
-- Dumping data for table `engine4_core_languages`
--

INSERT INTO `engine4_core_languages` (`language_id`, `code`, `name`, `fallback`, `order`) VALUES
(1, 'en', 'English', 'en', 1);

-- --------------------------------------------------------

--
-- Table structure for table `engine4_core_likes`
--

CREATE TABLE IF NOT EXISTS `engine4_core_likes` (
  `like_id` int(11) unsigned NOT NULL auto_increment,
  `resource_type` varchar(32) character set latin1 collate latin1_general_ci NOT NULL,
  `resource_id` int(11) unsigned NOT NULL,
  `poster_type` varchar(32) character set latin1 collate latin1_general_ci NOT NULL,
  `poster_id` int(11) unsigned NOT NULL,
  PRIMARY KEY  (`like_id`),
  KEY `resource_type` (`resource_type`,`resource_id`),
  KEY `poster_type` (`poster_type`,`poster_id`)
) ENGINE=InnoDB  DEFAULT CHARSET=utf8 COLLATE=utf8_unicode_ci AUTO_INCREMENT=20 ;

--
-- Dumping data for table `engine4_core_likes`
--

INSERT INTO `engine4_core_likes` (`like_id`, `resource_type`, `resource_id`, `poster_type`, `poster_id`) VALUES
(1, 'groupbuy_deal', 7, 'user', 1),
(2, 'groupbuy_deal', 2, 'user', 1),
(3, 'groupbuy_deal', 214, 'user', 39),
(4, 'groupbuy_deal', 215, 'user', 49),
(5, 'groupbuy_deal', 220, 'user', 49),
(7, 'groupbuy_deal', 235, 'user', 57),
(9, 'groupbuy_deal', 251, 'user', 58),
(10, 'groupbuy_deal', 251, 'user', 1),
(11, 'core_comment', 8, 'user', 1),
(12, 'core_comment', 8, 'user', 58),
(13, 'groupbuy_deal', 251, 'user', 54),
(14, 'core_comment', 8, 'user', 54),
(15, 'core_comment', 7, 'user', 1),
(16, 'groupbuy_deal', 235, 'user', 52),
(17, 'groupbuy_deal', 16, 'user', 63),
(18, 'groupbuy_deal', 1, 'user', 1),
(19, 'groupbuy_deal', 10, 'user', 1);

-- --------------------------------------------------------

--
-- Table structure for table `engine4_core_links`
--

CREATE TABLE IF NOT EXISTS `engine4_core_links` (
  `link_id` int(11) unsigned NOT NULL auto_increment,
  `uri` varchar(255) collate utf8_unicode_ci NOT NULL,
  `title` varchar(255) collate utf8_unicode_ci NOT NULL,
  `description` text collate utf8_unicode_ci NOT NULL,
  `photo_id` int(11) unsigned NOT NULL default '0',
  `parent_type` varchar(24) character set latin1 collate latin1_general_ci NOT NULL,
  `parent_id` int(11) unsigned NOT NULL,
  `owner_type` varchar(24) character set latin1 collate latin1_general_ci NOT NULL,
  `owner_id` int(11) unsigned NOT NULL,
  `view_count` mediumint(6) unsigned NOT NULL default '0',
  `creation_date` datetime NOT NULL,
  `search` tinyint(1) NOT NULL default '1',
  PRIMARY KEY  (`link_id`),
  KEY `owner` (`owner_type`,`owner_id`),
  KEY `parent` (`parent_type`,`parent_id`)
) ENGINE=InnoDB DEFAULT CHARSET=utf8 COLLATE=utf8_unicode_ci AUTO_INCREMENT=1 ;

-- --------------------------------------------------------

--
-- Table structure for table `engine4_core_listitems`
--

CREATE TABLE IF NOT EXISTS `engine4_core_listitems` (
  `listitem_id` int(11) unsigned NOT NULL auto_increment,
  `list_id` int(11) unsigned NOT NULL,
  `child_id` int(11) unsigned NOT NULL,
  PRIMARY KEY  (`listitem_id`),
  KEY `list_id` (`list_id`),
  KEY `child_id` (`child_id`)
) ENGINE=InnoDB DEFAULT CHARSET=utf8 COLLATE=utf8_unicode_ci AUTO_INCREMENT=1 ;

-- --------------------------------------------------------

--
-- Table structure for table `engine4_core_lists`
--

CREATE TABLE IF NOT EXISTS `engine4_core_lists` (
  `list_id` int(11) unsigned NOT NULL auto_increment,
  `title` varchar(64) collate utf8_unicode_ci NOT NULL default '',
  `owner_type` varchar(24) character set latin1 collate latin1_general_ci NOT NULL,
  `owner_id` int(11) unsigned NOT NULL,
  `child_type` varchar(24) character set latin1 collate latin1_general_ci NOT NULL,
  `child_count` int(11) unsigned NOT NULL default '0',
  PRIMARY KEY  (`list_id`),
  KEY `owner_type` (`owner_type`,`owner_id`)
) ENGINE=InnoDB DEFAULT CHARSET=utf8 COLLATE=utf8_unicode_ci AUTO_INCREMENT=1 ;

-- --------------------------------------------------------

--
-- Table structure for table `engine4_core_log`
--

CREATE TABLE IF NOT EXISTS `engine4_core_log` (
  `message_id` bigint(20) unsigned NOT NULL auto_increment,
  `domain` varchar(32) character set latin1 collate latin1_general_ci NOT NULL,
  `user_id` int(10) unsigned default NULL,
  `plugin` varchar(128) collate utf8_unicode_ci default NULL,
  `timestamp` datetime NOT NULL,
  `message` longtext collate utf8_unicode_ci NOT NULL,
  `priority` smallint(2) NOT NULL default '6',
  `priorityName` varchar(16) collate utf8_unicode_ci NOT NULL default 'INFO',
  PRIMARY KEY  (`message_id`),
  KEY `domain` (`domain`,`timestamp`),
  KEY `user_id` (`user_id`)
) ENGINE=InnoDB DEFAULT CHARSET=utf8 COLLATE=utf8_unicode_ci AUTO_INCREMENT=1 ;

-- --------------------------------------------------------

--
-- Table structure for table `engine4_core_mail`
--

CREATE TABLE IF NOT EXISTS `engine4_core_mail` (
  `mail_id` int(11) unsigned NOT NULL auto_increment,
  `type` enum('system','zend') character set latin1 collate latin1_general_ci NOT NULL,
  `body` longtext collate utf8_unicode_ci NOT NULL,
  `priority` smallint(3) default '100',
  `recipient_count` int(11) unsigned default '0',
  `recipient_total` int(10) NOT NULL default '0',
  `creation_time` datetime NOT NULL,
  PRIMARY KEY  (`mail_id`),
  KEY `priority` (`priority`)
) ENGINE=InnoDB DEFAULT CHARSET=utf8 COLLATE=utf8_unicode_ci AUTO_INCREMENT=1 ;

-- --------------------------------------------------------

--
-- Table structure for table `engine4_core_mailrecipients`
--

CREATE TABLE IF NOT EXISTS `engine4_core_mailrecipients` (
  `recipient_id` int(11) unsigned NOT NULL auto_increment,
  `mail_id` int(11) unsigned NOT NULL,
  `user_id` int(11) unsigned default NULL,
  `email` varchar(128) character set latin1 collate latin1_general_ci default NULL,
  PRIMARY KEY  (`recipient_id`)
) ENGINE=InnoDB DEFAULT CHARSET=utf8 COLLATE=utf8_unicode_ci AUTO_INCREMENT=1 ;

-- --------------------------------------------------------

--
-- Table structure for table `engine4_core_mailtemplates`
--

CREATE TABLE IF NOT EXISTS `engine4_core_mailtemplates` (
  `mailtemplate_id` int(11) unsigned NOT NULL auto_increment,
  `type` varchar(255) character set latin1 collate latin1_general_ci NOT NULL,
  `module` varchar(64) collate utf8_unicode_ci NOT NULL default '',
  `vars` varchar(255) collate utf8_unicode_ci NOT NULL,
  PRIMARY KEY  (`mailtemplate_id`),
  UNIQUE KEY `type` (`type`)
) ENGINE=InnoDB  DEFAULT CHARSET=utf8 COLLATE=utf8_unicode_ci AUTO_INCREMENT=33 ;

--
-- Dumping data for table `engine4_core_mailtemplates`
--

INSERT INTO `engine4_core_mailtemplates` (`mailtemplate_id`, `type`, `module`, `vars`) VALUES
(1, 'header', 'core', ''),
(2, 'footer', 'core', ''),
(3, 'header_member', 'core', ''),
(4, 'footer_member', 'core', ''),
(5, 'core_contact', 'core', '[host],[email],[recipient_title],[recipient_link],[recipient_photo],[sender_name],[sender_email],[sender_link],[sender_photo],[message]'),
(6, 'core_verification', 'core', '[host],[email],[recipient_title],[recipient_link],[recipient_photo],[object_link]'),
(7, 'core_verification_password', 'core', '[host],[email],[recipient_title],[recipient_link],[recipient_photo],[object_link],[password]'),
(8, 'core_welcome', 'core', '[host],[email],[recipient_title],[recipient_link],[recipient_photo],[object_link]'),
(9, 'core_welcome_password', 'core', '[host],[email],[recipient_title],[recipient_link],[recipient_photo],[object_link],[password]'),
(10, 'core_lostpassword', 'core', '[host],[email],[recipient_title],[recipient_link],[recipient_photo],[object_link]'),
(11, 'notify_commented', 'activity', '[host],[email],[recipient_title],[recipient_link],[recipient_photo],[sender_title],[sender_link],[sender_photo],[object_title],[object_link],[object_photo],[object_description]'),
(12, 'notify_commented_commented', 'activity', '[host],[email],[recipient_title],[recipient_link],[recipient_photo],[sender_title],[sender_link],[sender_photo],[object_title],[object_link],[object_photo],[object_description]'),
(13, 'notify_liked', 'activity', '[host],[email],[recipient_title],[recipient_link],[recipient_photo],[sender_title],[sender_link],[sender_photo],[object_title],[object_link],[object_photo],[object_description]'),
(14, 'notify_liked_commented', 'activity', '[host],[email],[recipient_title],[recipient_link],[recipient_photo],[sender_title],[sender_link],[sender_photo],[object_title],[object_link],[object_photo],[object_description]'),
(15, 'user_account_approved', 'user', '[host],[email],[recipient_title],[recipient_link],[recipient_photo]'),
(16, 'notify_friend_accepted', 'user', '[host],[email],[recipient_title],[recipient_link],[recipient_photo],[sender_title],[sender_link],[sender_photo],[object_title],[object_link],[object_photo],[object_description]'),
(17, 'notify_friend_request', 'user', '[host],[email],[recipient_title],[recipient_link],[recipient_photo],[sender_title],[sender_link],[sender_photo],[object_title],[object_link],[object_photo],[object_description]'),
(18, 'notify_friend_follow_request', 'user', '[host],[email],[recipient_title],[recipient_link],[recipient_photo],[sender_title],[sender_link],[sender_photo],[object_title],[object_link],[object_photo],[object_description]'),
(19, 'notify_friend_follow_accepted', 'user', '[host],[email],[recipient_title],[recipient_link],[recipient_photo],[sender_title],[sender_link],[sender_photo],[object_title],[object_link],[object_photo],[object_description]'),
(20, 'notify_friend_follow', 'user', '[host],[email],[recipient_title],[recipient_link],[recipient_photo],[sender_title],[sender_link],[sender_photo],[object_title],[object_link],[object_photo],[object_description]'),
(21, 'notify_post_user', 'user', '[host],[email],[recipient_title],[recipient_link],[recipient_photo],[sender_title],[sender_link],[sender_photo],[object_title],[object_link],[object_photo],[object_description]'),
(22, 'notify_tagged', 'user', '[host],[email],[recipient_title],[recipient_link],[recipient_photo],[sender_title],[sender_link],[sender_photo],[object_title],[object_link],[object_photo],[object_description]'),
(23, 'notify_message_new', 'messages', '[host],[email],[recipient_title],[recipient_link],[recipient_photo],[sender_title],[sender_link],[sender_photo],[object_title],[object_link],[object_photo],[object_description]'),
(24, 'invite', 'invite', '[host],[email],[sender_email],[sender_title],[sender_link],[sender_photo],[message],[object_link],[code]'),
(25, 'invite_code', 'invite', '[host],[email],[sender_email],[sender_title],[sender_link],[sender_photo],[message],[object_link],[code]'),
(26, 'payment_subscription_active', 'payment', '[host],[email],[recipient_title],[recipient_link],[recipient_photo],[subscription_title],[subscription_description],[object_link]'),
(27, 'payment_subscription_cancelled', 'payment', '[host],[email],[recipient_title],[recipient_link],[recipient_photo],[subscription_title],[subscription_description],[object_link]'),
(28, 'payment_subscription_expired', 'payment', '[host],[email],[recipient_title],[recipient_link],[recipient_photo],[subscription_title],[subscription_description],[object_link]'),
(29, 'payment_subscription_overdue', 'payment', '[host],[email],[recipient_title],[recipient_link],[recipient_photo],[subscription_title],[subscription_description],[object_link]'),
(30, 'payment_subscription_pending', 'payment', '[host],[email],[recipient_title],[recipient_link],[recipient_photo],[subscription_title],[subscription_description],[object_link]'),
(31, 'payment_subscription_recurrence', 'payment', '[host],[email],[recipient_title],[recipient_link],[recipient_photo],[subscription_title],[subscription_description],[object_link]'),
(32, 'payment_subscription_refunded', 'payment', '[host],[email],[recipient_title],[recipient_link],[recipient_photo],[subscription_title],[subscription_description],[object_link]');

-- --------------------------------------------------------

--
-- Table structure for table `engine4_core_menuitems`
--

CREATE TABLE IF NOT EXISTS `engine4_core_menuitems` (
  `id` int(11) unsigned NOT NULL auto_increment,
  `name` varchar(64) character set latin1 collate latin1_general_ci NOT NULL,
  `module` varchar(32) character set latin1 collate latin1_general_ci NOT NULL,
  `label` varchar(32) collate utf8_unicode_ci NOT NULL,
  `plugin` varchar(128) character set latin1 collate latin1_general_ci default NULL,
  `params` text collate utf8_unicode_ci NOT NULL,
  `menu` varchar(32) character set latin1 collate latin1_general_ci default NULL,
  `submenu` varchar(32) character set latin1 collate latin1_general_ci default NULL,
  `enabled` tinyint(1) NOT NULL default '1',
  `custom` tinyint(1) NOT NULL default '0',
  `order` smallint(6) NOT NULL default '999',
  PRIMARY KEY  (`id`),
  UNIQUE KEY `name` (`name`),
  KEY `LOOKUP` (`name`,`order`)
) ENGINE=InnoDB  DEFAULT CHARSET=utf8 COLLATE=utf8_unicode_ci AUTO_INCREMENT=116 ;

--
-- Dumping data for table `engine4_core_menuitems`
--

INSERT INTO `engine4_core_menuitems` (`id`, `name`, `module`, `label`, `plugin`, `params`, `menu`, `submenu`, `enabled`, `custom`, `order`) VALUES
(1, 'core_main_home', 'core', 'Home', 'User_Plugin_Menus', '', 'core_main', '', 1, 0, 1),
(2, 'core_sitemap_home', 'core', 'Home', '', '{"route":"default"}', 'core_sitemap', '', 1, 0, 1),
(3, 'core_footer_privacy', 'core', 'Privacy', '', '{"route":"default","module":"core","controller":"help","action":"privacy"}', 'core_footer', '', 1, 0, 1),
(4, 'core_footer_terms', 'core', 'Terms of Service', '', '{"route":"default","module":"core","controller":"help","action":"terms"}', 'core_footer', '', 1, 0, 2),
(5, 'core_footer_contact', 'core', 'Contact', '', '{"route":"default","module":"core","controller":"help","action":"contact"}', 'core_footer', '', 1, 0, 3),
(6, 'core_mini_admin', 'core', 'Admin', 'User_Plugin_Menus', '', 'core_mini', '', 1, 0, 6),
(7, 'core_mini_profile', 'user', 'My Profile', 'User_Plugin_Menus', '', 'core_mini', '', 1, 0, 5),
(8, 'core_mini_settings', 'user', 'Settings', 'User_Plugin_Menus', '', 'core_mini', '', 1, 0, 3),
(9, 'core_mini_auth', 'user', 'Auth', 'User_Plugin_Menus', '', 'core_mini', '', 1, 0, 2),
(10, 'core_mini_signup', 'user', 'Signup', 'User_Plugin_Menus', '', 'core_mini', '', 1, 0, 1),
(11, 'core_admin_main_home', 'core', 'Home', '', '{"route":"admin_default"}', 'core_admin_main', '', 1, 0, 1),
(12, 'core_admin_main_manage', 'core', 'Manage', '', '{"uri":"javascript:void(0);this.blur();"}', 'core_admin_main', 'core_admin_main_manage', 1, 0, 2),
(13, 'core_admin_main_settings', 'core', 'Settings', '', '{"uri":"javascript:void(0);this.blur();"}', 'core_admin_main', 'core_admin_main_settings', 1, 0, 3),
(14, 'core_admin_main_plugins', 'core', 'Plugins', '', '{"uri":"javascript:void(0);this.blur();"}', 'core_admin_main', 'core_admin_main_plugins', 1, 0, 4),
(15, 'core_admin_main_layout', 'core', 'Layout', '', '{"uri":"javascript:void(0);this.blur();"}', 'core_admin_main', 'core_admin_main_layout', 1, 0, 5),
(16, 'core_admin_main_ads', 'core', 'Ads', '', '{"uri":"javascript:void(0);this.blur();"}', 'core_admin_main', 'core_admin_main_ads', 1, 0, 6),
(17, 'core_admin_main_stats', 'core', 'Stats', '', '{"uri":"javascript:void(0);this.blur();"}', 'core_admin_main', 'core_admin_main_stats', 1, 0, 8),
(18, 'core_admin_main_manage_levels', 'core', 'Member Levels', '', '{"route":"admin_default","module":"authorization","controller":"level"}', 'core_admin_main_manage', '', 1, 0, 2),
(19, 'core_admin_main_manage_networks', 'network', 'Networks', '', '{"route":"admin_default","module":"network","controller":"manage"}', 'core_admin_main_manage', '', 1, 0, 3),
(20, 'core_admin_main_manage_announcements', 'announcement', 'Announcements', '', '{"route":"admin_default","module":"announcement","controller":"manage"}', 'core_admin_main_manage', '', 1, 0, 4),
(21, 'core_admin_message_mail', 'core', 'Email All Members', '', '{"route":"admin_default","module":"core","controller":"message","action":"mail"}', 'core_admin_main_manage', '', 1, 0, 5),
(22, 'core_admin_main_manage_reports', 'core', 'Abuse Reports', '', '{"route":"admin_default","module":"core","controller":"report"}', 'core_admin_main_manage', '', 1, 0, 6),
(23, 'core_admin_main_manage_packages', 'core', 'Packages & Plugins', '', '{"route":"admin_default","module":"core","controller":"packages"}', 'core_admin_main_manage', '', 1, 0, 7),
(24, 'core_admin_main_settings_general', 'core', 'General Settings', '', '{"route":"core_admin_settings","action":"general"}', 'core_admin_main_settings', '', 1, 0, 1),
(25, 'core_admin_main_settings_locale', 'core', 'Locale Settings', '', '{"route":"core_admin_settings","action":"locale"}', 'core_admin_main_settings', '', 1, 0, 1),
(26, 'core_admin_main_settings_fields', 'fields', 'Profile Questions', '', '{"route":"admin_default","module":"user","controller":"fields"}', 'core_admin_main_settings', '', 1, 0, 2),
(27, 'core_admin_main_settings_spam', 'core', 'Spam & Banning Tools', '', '{"route":"core_admin_settings","action":"spam"}', 'core_admin_main_settings', '', 1, 0, 5),
(28, 'core_admin_main_settings_mailtemplates', 'core', 'Mail Templates', '', '{"route":"admin_default","controller":"mail","action":"templates"}', 'core_admin_main_settings', '', 1, 0, 6),
(29, 'core_admin_main_settings_mailsettings', 'core', 'Mail Settings', '', '{"route":"admin_default","controller":"mail","action":"settings"}', 'core_admin_main_settings', '', 1, 0, 7),
(30, 'core_admin_main_settings_performance', 'core', 'Performance & Caching', '', '{"route":"core_admin_settings","action":"performance"}', 'core_admin_main_settings', '', 1, 0, 8),
(31, 'core_admin_main_settings_password', 'core', 'Admin Password', '', '{"route":"core_admin_settings","action":"password"}', 'core_admin_main_settings', '', 1, 0, 9),
(32, 'core_admin_main_settings_tasks', 'core', 'Task Scheduler', '', '{"route":"admin_default","controller":"tasks"}', 'core_admin_main_settings', '', 1, 0, 10),
(33, 'core_admin_main_layout_content', 'core', 'Layout Editor', '', '{"route":"admin_default","controller":"content"}', 'core_admin_main_layout', '', 1, 0, 1),
(34, 'core_admin_main_layout_themes', 'core', 'Theme Editor', '', '{"route":"admin_default","controller":"themes"}', 'core_admin_main_layout', '', 1, 0, 2),
(35, 'core_admin_main_layout_files', 'core', 'File & Media Manager', '', '{"route":"admin_default","controller":"files"}', 'core_admin_main_layout', '', 1, 0, 3),
(36, 'core_admin_main_layout_language', 'core', 'Language Manager', '', '{"route":"admin_default","controller":"language"}', 'core_admin_main_layout', '', 1, 0, 4),
(37, 'core_admin_main_layout_menus', 'core', 'Menu Editor', '', '{"route":"admin_default","controller":"menus"}', 'core_admin_main_layout', '', 1, 0, 5),
(38, 'core_admin_main_ads_manage', 'core', 'Manage Ad Campaigns', '', '{"route":"admin_default","controller":"ads"}', 'core_admin_main_ads', '', 1, 0, 1),
(39, 'core_admin_main_ads_create', 'core', 'Create New Campaign', '', '{"route":"admin_default","controller":"ads","action":"create"}', 'core_admin_main_ads', '', 1, 0, 2),
(40, 'core_admin_main_stats_statistics', 'core', 'Site-wide Statistics', '', '{"route":"admin_default","controller":"stats"}', 'core_admin_main_stats', '', 1, 0, 1),
(41, 'core_admin_main_stats_url', 'core', 'Referring URLs', '', '{"route":"admin_default","controller":"stats","action":"referrers"}', 'core_admin_main_stats', '', 1, 0, 2),
(42, 'core_admin_main_stats_resources', 'core', 'Server Information', '', '{"route":"admin_default","controller":"system"}', 'core_admin_main_stats', '', 1, 0, 3),
(43, 'core_admin_main_stats_logs', 'core', 'Log Browser', '', '{"route":"admin_default","controller":"log","action":"index"}', 'core_admin_main_stats', '', 1, 0, 3),
(44, 'core_admin_banning_general', 'core', 'Spam & Banning Tools', '', '{"route":"core_admin_settings","action":"spam"}', 'core_admin_banning', '', 1, 0, 1),
(45, 'adcampaign_admin_main_edit', 'core', 'Edit Settings', '', '{"route":"admin_default","module":"core","controller":"ads","action":"edit"}', 'adcampaign_admin_main', '', 1, 0, 1),
(46, 'adcampaign_admin_main_manageads', 'core', 'Manage Advertisements', '', '{"route":"admin_default","module":"core","controller":"ads","action":"manageads"}', 'adcampaign_admin_main', '', 1, 0, 2),
(47, 'core_admin_main_settings_activity', 'activity', 'Activity Feed Settings', '', '{"route":"admin_default","module":"activity","controller":"settings","action":"index"}', 'core_admin_main_settings', '', 1, 0, 4),
(48, 'core_admin_main_settings_notifications', 'activity', 'Default Email Notifications', '', '{"route":"admin_default","module":"activity","controller":"settings","action":"notifications"}', 'core_admin_main_settings', '', 1, 0, 11),
(49, 'authorization_admin_main_manage', 'authorization', 'View Member Levels', '', '{"route":"admin_default","module":"authorization","controller":"level"}', 'authorization_admin_main', '', 1, 0, 1),
(50, 'authorization_admin_main_level', 'authorization', 'Member Level Settings', '', '{"route":"admin_default","module":"authorization","controller":"level","action":"edit"}', 'authorization_admin_main', '', 1, 0, 3),
(51, 'authorization_admin_level_main', 'authorization', 'Level Info', '', '{"route":"admin_default","module":"authorization","controller":"level","action":"edit"}', 'authorization_admin_level', '', 1, 0, 1),
(52, 'core_main_user', 'user', 'Members', '', '{"route":"user_general","action":"browse"}', 'core_main', '', 1, 0, 2),
(53, 'core_sitemap_user', 'user', 'Members', '', '{"route":"user_general","action":"browse"}', 'core_sitemap', '', 1, 0, 2),
(54, 'user_home_updates', 'user', 'View Recent Updates', '', '{"route":"recent_activity","icon":"application/modules/User/externals/images/links/updates.png"}', 'user_home', '', 1, 0, 1),
(55, 'user_home_view', 'user', 'View My Profile', 'User_Plugin_Menus', '{"route":"user_profile_self","icon":"application/modules/User/externals/images/links/profile.png"}', 'user_home', '', 1, 0, 2),
(56, 'user_home_edit', 'user', 'Edit My Profile', 'User_Plugin_Menus', '{"route":"user_extended","module":"user","controller":"edit","action":"profile","icon":"application/modules/User/externals/images/links/edit.png"}', 'user_home', '', 1, 0, 3),
(57, 'user_home_friends', 'user', 'Browse Members', '', '{"route":"user_general","controller":"index","action":"browse","icon":"application/modules/User/externals/images/links/search.png"}', 'user_home', '', 1, 0, 4),
(58, 'user_profile_edit', 'user', 'Edit Profile', 'User_Plugin_Menus', '', 'user_profile', '', 1, 0, 1),
(59, 'user_profile_friend', 'user', 'Friends', 'User_Plugin_Menus', '', 'user_profile', '', 1, 0, 3),
(60, 'user_profile_block', 'user', 'Block', 'User_Plugin_Menus', '', 'user_profile', '', 1, 0, 4),
(61, 'user_profile_report', 'user', 'Report User', 'User_Plugin_Menus', '', 'user_profile', '', 1, 0, 5),
(62, 'user_edit_profile', 'user', 'Personal Info', '', '{"route":"user_extended","module":"user","controller":"edit","action":"profile"}', 'user_edit', '', 1, 0, 1),
(63, 'user_edit_photo', 'user', 'Edit My Photo', '', '{"route":"user_extended","module":"user","controller":"edit","action":"photo"}', 'user_edit', '', 1, 0, 2),
(64, 'user_edit_style', 'user', 'Profile Style', '', '{"route":"user_extended","module":"user","controller":"edit","action":"style"}', 'user_edit', '', 1, 0, 3),
(65, 'user_settings_general', 'user', 'General', '', '{"route":"user_extended","module":"user","controller":"settings","action":"general"}', 'user_settings', '', 1, 0, 1),
(66, 'user_settings_privacy', 'user', 'Privacy', '', '{"route":"user_extended","module":"user","controller":"settings","action":"privacy"}', 'user_settings', '', 1, 0, 2),
(67, 'user_settings_notifications', 'user', 'Notifications', '', '{"route":"user_extended","module":"user","controller":"settings","action":"notifications"}', 'user_settings', '', 1, 0, 3),
(68, 'user_settings_password', 'user', 'Change Password', '', '{"route":"user_extended", "module":"user", "controller":"settings", "action":"password"}', 'user_settings', '', 1, 0, 5),
(69, 'user_settings_delete', 'user', 'Delete Account', 'User_Plugin_Menus::canDelete', '{"route":"user_extended", "module":"user", "controller":"settings", "action":"delete"}', 'user_settings', '', 1, 0, 6),
(70, 'core_admin_main_manage_members', 'user', 'Members', '', '{"route":"admin_default","module":"user","controller":"manage"}', 'core_admin_main_manage', '', 1, 0, 1),
(71, 'core_admin_main_signup', 'user', 'Signup Process', '', '{"route":"admin_default", "controller":"signup", "module":"user"}', 'core_admin_main_settings', '', 1, 0, 3),
(72, 'core_admin_main_facebook', 'user', 'Facebook Integration', '', '{"route":"admin_default", "action":"facebook", "controller":"settings", "module":"user"}', 'core_admin_main_settings', '', 1, 0, 4),
(73, 'core_admin_main_twitter', 'user', 'Twitter Integration', '', '{"route":"admin_default", "action":"twitter", "controller":"settings", "module":"user"}', 'core_admin_main_settings', '', 1, 0, 4),
(74, 'core_admin_main_settings_friends', 'user', 'Friendship Settings', '', '{"route":"admin_default","module":"user","controller":"settings","action":"friends"}', 'core_admin_main_settings', '', 1, 0, 6),
(75, 'user_admin_banning_logins', 'user', 'Login History', '', '{"route":"admin_default","module":"user","controller":"logins","action":"index"}', 'core_admin_banning', '', 1, 0, 2),
(76, 'authorization_admin_level_user', 'user', 'Members', '', '{"route":"admin_default","module":"user","controller":"settings","action":"level"}', 'authorization_admin_level', '', 1, 0, 2),
(77, 'core_mini_messages', 'messages', 'Messages', 'Messages_Plugin_Menus', '', 'core_mini', '', 1, 0, 4),
(78, 'user_profile_message', 'messages', 'Send Message', 'Messages_Plugin_Menus', '', 'user_profile', '', 1, 0, 2),
(79, 'authorization_admin_level_messages', 'messages', 'Messages', '', '{"route":"admin_default","module":"messages","controller":"settings","action":"level"}', 'authorization_admin_level', '', 1, 0, 3),
(80, 'messages_main_inbox', 'messages', 'Inbox', '', '{"route":"messages_general","action":"inbox"}', 'messages_main', '', 1, 0, 1),
(81, 'messages_main_outbox', 'messages', 'Sent Messages', '', '{"route":"messages_general","action":"outbox"}', 'messages_main', '', 1, 0, 2),
(82, 'messages_main_compose', 'messages', 'Compose Message', '', '{"route":"messages_general","action":"compose"}', 'messages_main', '', 1, 0, 3),
(83, 'user_settings_network', 'network', 'Networks', '', '{"route":"user_extended", "module":"user", "controller":"settings", "action":"network"}', 'user_settings', '', 1, 0, 3),
(84, 'core_main_invite', 'invite', 'Invite', 'Invite_Plugin_Menus::canInvite', '{"route":"default","module":"invite"}', 'core_main', '', 1, 0, 1),
(85, 'user_home_invite', 'invite', 'Invite Your Friends', 'Invite_Plugin_Menus::canInvite', '{"route":"default","module":"invite","icon":"application/modules/Invite/externals/images/invite.png"}', 'user_home', '', 1, 0, 5),
(86, 'core_admin_main_settings_storage', 'core', 'Storage System', '', '{"route":"admin_default","module":"storage","controller":"services","action":"index"}', 'core_admin_main_settings', '', 1, 0, 11),
(87, 'user_settings_payment', 'user', 'Subscription', 'Payment_Plugin_Menus', '{"route":"default", "module":"payment", "controller":"settings", "action":"index"}', 'user_settings', '', 1, 0, 4),
(88, 'core_admin_main_payment', 'payment', 'Billing', '', '{"uri":"javascript:void(0);this.blur();"}', 'core_admin_main', 'core_admin_main_payment', 1, 0, 7),
(89, 'core_admin_main_payment_transactions', 'payment', 'Transactions', '', '{"route":"admin_default","module":"payment","controller":"index","action":"index"}', 'core_admin_main_payment', '', 1, 0, 1),
(90, 'core_admin_main_payment_settings', 'payment', 'Settings', '', '{"route":"admin_default","module":"payment","controller":"settings","action":"index"}', 'core_admin_main_payment', '', 1, 0, 2),
(91, 'core_admin_main_payment_gateways', 'payment', 'Gateways', '', '{"route":"admin_default","module":"payment","controller":"gateway","action":"index"}', 'core_admin_main_payment', '', 1, 0, 3),
(92, 'core_admin_main_payment_packages', 'payment', 'Plans', '', '{"route":"admin_default","module":"payment","controller":"package","action":"index"}', 'core_admin_main_payment', '', 1, 0, 4),
(93, 'core_admin_main_payment_subscriptions', 'payment', 'Subscriptions', '', '{"route":"admin_default","module":"payment","controller":"subscription","action":"index"}', 'core_admin_main_payment', '', 1, 0, 5),
(94, 'core_main_groupbuy', 'groupbuy', 'GroupBuy', '', '{"route":"groupbuy_general"}', 'core_main', '', 1, 0, 5),
(95, 'groupbuy_main_browse', 'groupbuy', 'Browse Deals', '', '{"route":"groupbuy_general","action":"browse"}', 'groupbuy_main', '', 1, 0, 1),
(96, 'groupbuy_main_manage-selling', 'groupbuy', 'My Posted Deals', 'Groupbuy_Plugin_Menus::canManageDeals', '{"route":"groupbuy_general","action":"manage-selling"}', 'groupbuy_main', '', 1, 0, 2),
(97, 'groupbuy_main_account', 'groupbuy', 'My Account', 'Groupbuy_Plugin_Menus::canCreateAccounts', '{"route":"groupbuy_account"}', 'groupbuy_main', '', 1, 0, 4),
(98, 'groupbuy_main_create', 'groupbuy', 'Post A New Deal', 'Groupbuy_Plugin_Menus::canCreateDeals', '{"route":"groupbuy_general","action":"create"}', 'groupbuy_main', '', 1, 0, 5),
(99, 'core_admin_main_plugins_groupbuy', 'groupbuy', 'GroupBuy', '', '{"route":"admin_default","module":"groupbuy","controller":"manage"}', 'core_admin_main_plugins', '', 1, 0, 999),
(100, 'groupbuy_admin_main_manage', 'groupbuy', 'View Deals', '', '{"route":"admin_default","module":"groupbuy","controller":"manage"}', 'groupbuy_admin_main', '', 1, 0, 1),
(101, 'groupbuy_admin_main_settings', 'groupbuy', 'Global Settings', '', '{"route":"admin_default","module":"groupbuy","controller":"settings"}', 'groupbuy_admin_main', '', 1, 0, 2),
(102, 'groupbuy_admin_main_level', 'groupbuy', 'Member Level Settings', '', '{"route":"admin_default","module":"groupbuy","controller":"level"}', 'groupbuy_admin_main', '', 1, 0, 3),
(103, 'groupbuy_admin_main_localtions', 'groupbuy', 'Locations', '', '{"route":"admin_default","module":"groupbuy","controller":"location"}', 'groupbuy_admin_main', '', 1, 0, 4),
(104, 'groupbuy_admin_main_categories', 'groupbuy', 'Categories', '', '{"route":"admin_default","module":"groupbuy","controller":"category"}', 'groupbuy_admin_main', '', 1, 0, 5),
(106, 'groupbuy_admin_main_accounts', 'groupbuy', 'Accounts', '', '{"route":"admin_default","module":"groupbuy","controller":"account"}', 'groupbuy_admin_main', '', 1, 0, 7),
(107, 'groupbuy_admin_main_transactions', 'groupbuy', 'Transactions', '', '{"route":"admin_default","module":"groupbuy","controller":"transaction"}', 'groupbuy_admin_main', '', 1, 0, 8),
(108, 'groupbuy_admin_main_requests', 'groupbuy', 'Requests', '', '{"route":"admin_default","module":"groupbuy","controller":"request"}', 'groupbuy_admin_main', '', 1, 0, 9),
(109, 'groupbuy_admin_main_emailtemplates', 'groupbuy', 'Email Templates', '', '{"route":"admin_default","module":"groupbuy","controller":"mail", "action": "templates"}', 'groupbuy_admin_main', '', 1, 0, 10),
(110, 'groupbuy_admin_main_statistics', 'groupbuy', 'Statistics', '', '{"route":"admin_default","module":"groupbuy","controller":"statistic"}', 'groupbuy_admin_main', '', 1, 0, 11),
(111, 'groupbuy_admin_main_paymentsettings', 'groupbuy', 'Gateway', '', '{"route":"admin_default","module":"groupbuy","controller":"payment"}', 'groupbuy_admin_main', '', 1, 0, 12),
(112, 'groupbuy_admin_main_fields', 'groupbuy', 'Questions', '', '{"route":"admin_default","module":"groupbuy","controller":"fields"}', 'groupbuy_admin_main', '', 1, 0, 13),
(113, 'groupbuy_main_manage-buying', 'groupbuy', 'My Bought Deals', 'Groupbuy_Plugin_Menus::canManageDeals', '{"route":"groupbuy_general","action":"manage-buying"}', 'groupbuy_main', '', 1, 0, 3),
(114, 'groupbuy_admin_main_refunds', 'groupbuy', 'Refunds', '', '{"route":"admin_default","module":"groupbuy","controller":"refund"}', 'groupbuy_admin_main', '', 1, 0, 10),
(115, 'groupbuy_admin_main_currency', 'groupbuy', 'Currencies', '', '{"route":"admin_default","module":"groupbuy","controller":"currency"}', 'groupbuy_admin_main', '', 1, 0, 11);

-- --------------------------------------------------------

--
-- Table structure for table `engine4_core_menus`
--

CREATE TABLE IF NOT EXISTS `engine4_core_menus` (
  `id` int(11) unsigned NOT NULL auto_increment,
  `name` varchar(32) character set latin1 collate latin1_general_ci NOT NULL,
  `type` enum('standard','hidden','custom') character set latin1 collate latin1_general_ci NOT NULL default 'standard',
  `title` varchar(64) collate utf8_unicode_ci NOT NULL,
  `order` smallint(3) NOT NULL default '999',
  PRIMARY KEY  (`id`),
  UNIQUE KEY `name` (`name`),
  KEY `order` (`order`)
) ENGINE=InnoDB  DEFAULT CHARSET=utf8 COLLATE=utf8_unicode_ci AUTO_INCREMENT=11 ;

--
-- Dumping data for table `engine4_core_menus`
--

INSERT INTO `engine4_core_menus` (`id`, `name`, `type`, `title`, `order`) VALUES
(1, 'core_main', 'standard', 'Main Navigation Menu', 1),
(2, 'core_mini', 'standard', 'Mini Navigation Menu', 2),
(3, 'core_footer', 'standard', 'Footer Menu', 3),
(4, 'core_sitemap', 'standard', 'Sitemap', 4),
(5, 'user_home', 'standard', 'Member Home Quick Links Menu', 999),
(6, 'user_profile', 'standard', 'Member Profile Options Menu', 999),
(7, 'user_edit', 'standard', 'Member Edit Profile Navigation Menu', 999),
(8, 'user_settings', 'standard', 'Member Settings Navigation Menu', 999),
(9, 'messages_main', 'standard', 'Messages Main Navigation Menu', 999),
(10, 'groupbuy_main', 'standard', 'Group Buy Main Navigation Menu', 999);

-- --------------------------------------------------------

--
-- Table structure for table `engine4_core_modules`
--

CREATE TABLE IF NOT EXISTS `engine4_core_modules` (
  `name` varchar(64) character set latin1 collate latin1_general_ci NOT NULL,
  `title` varchar(64) collate utf8_unicode_ci NOT NULL,
  `description` text collate utf8_unicode_ci,
  `version` varchar(32) character set latin1 collate latin1_general_ci NOT NULL,
  `enabled` tinyint(1) NOT NULL default '0',
  `type` enum('core','standard','extra') character set latin1 collate latin1_general_ci NOT NULL default 'extra',
  PRIMARY KEY  (`name`)
) ENGINE=InnoDB DEFAULT CHARSET=utf8 COLLATE=utf8_unicode_ci;

--
-- Dumping data for table `engine4_core_modules`
--

INSERT INTO `engine4_core_modules` (`name`, `title`, `description`, `version`, `enabled`, `type`) VALUES
('activity', 'Activity', 'Activity', '4.1.6', 1, 'core'),
('announcement', 'Announcements', 'Announcements', '4.1.4', 1, 'standard'),
('authorization', 'Authorization', 'Authorization', '4.1.3', 1, 'core'),
('core', 'Core', 'The Alpha and the Omega.', '4.1.6p3', 1, 'core'),
('fields', 'Fields', 'Fields', '4.1.4', 1, 'core'),
('groupbuy', 'Group Buy', 'This is Group Buy module.', '4.01', 1, 'extra'),
('invite', 'Invites', 'Invites', '4.1.3', 1, 'standard'),
('messages', 'Messages', 'Messages', '4.1.6', 1, 'standard'),
('network', 'Networks', 'Networks', '4.1.4', 1, 'standard'),
('payment', 'Payment', 'Payment', '4.1.6p3', 1, 'standard'),
('storage', 'Storage', 'Storage', '4.1.6p3', 1, 'core'),
('user', 'Members', 'Members', '4.1.6p3', 1, 'core');

-- --------------------------------------------------------

--
-- Table structure for table `engine4_core_nodes`
--

CREATE TABLE IF NOT EXISTS `engine4_core_nodes` (
  `node_id` int(10) unsigned NOT NULL auto_increment,
  `signature` char(40) collate utf8_unicode_ci NOT NULL,
  `host` varchar(255) collate utf8_unicode_ci NOT NULL,
  `ip` varbinary(16) NOT NULL,
  `first_seen` datetime NOT NULL,
  `last_seen` datetime NOT NULL,
  PRIMARY KEY  (`node_id`),
  UNIQUE KEY `signature` (`signature`)
) ENGINE=InnoDB DEFAULT CHARSET=utf8 COLLATE=utf8_unicode_ci AUTO_INCREMENT=1 ;

-- --------------------------------------------------------

--
-- Table structure for table `engine4_core_pages`
--

CREATE TABLE IF NOT EXISTS `engine4_core_pages` (
  `page_id` int(11) unsigned NOT NULL auto_increment,
  `name` varchar(128) character set latin1 collate latin1_general_ci default NULL,
  `displayname` varchar(128) collate utf8_unicode_ci NOT NULL default '',
  `url` varchar(128) collate utf8_unicode_ci default NULL,
  `title` varchar(255) collate utf8_unicode_ci NOT NULL,
  `description` text collate utf8_unicode_ci NOT NULL,
  `keywords` text collate utf8_unicode_ci NOT NULL,
  `custom` tinyint(1) NOT NULL default '1',
  `fragment` tinyint(1) NOT NULL default '0',
  `layout` varchar(32) collate utf8_unicode_ci NOT NULL default '',
  `levels` text collate utf8_unicode_ci,
  `provides` text collate utf8_unicode_ci,
  `view_count` int(11) unsigned NOT NULL default '0',
  PRIMARY KEY  (`page_id`),
  UNIQUE KEY `name` (`name`),
  UNIQUE KEY `url` (`url`)
) ENGINE=InnoDB  DEFAULT CHARSET=utf8 COLLATE=utf8_unicode_ci AUTO_INCREMENT=8 ;

--
-- Dumping data for table `engine4_core_pages`
--

INSERT INTO `engine4_core_pages` (`page_id`, `name`, `displayname`, `url`, `title`, `description`, `keywords`, `custom`, `fragment`, `layout`, `levels`, `provides`, `view_count`) VALUES
(1, 'header', 'Site Header', NULL, '', '', '', 0, 1, '', NULL, 'header-footer', 0),
(2, 'footer', 'Site Footer', NULL, '', '', '', 0, 1, '', NULL, 'header-footer', 0),
(3, 'core_index_index', 'Home Page', NULL, 'Home Page', 'This is the home page.', '', 0, 0, '', NULL, 'no-viewer;no-subject', 0),
(4, 'user_index_home', 'Member Home Page', NULL, 'Member Home Page', 'This is the home page for members.', '', 0, 0, '', NULL, 'viewer;no-subject', 0),
(5, 'user_profile_index', 'Member Profile', NULL, 'Member Profile', 'This is a member''s profile.', '', 0, 0, '', NULL, 'subject=user', 0),
(6, 'groupbuy_index_browse', 'Browse Deals', NULL, 'Browse Deals', 'This is the page deals', '', 0, 0, '', NULL, NULL, 0),
(7, 'groupbuy_index_listing', 'Listing Deal', NULL, '', '', '', 1, 0, '', NULL, 'no-subject', 0);

-- --------------------------------------------------------

--
-- Table structure for table `engine4_core_processes`
--

CREATE TABLE IF NOT EXISTS `engine4_core_processes` (
  `pid` int(10) unsigned NOT NULL,
  `parent_pid` int(10) unsigned NOT NULL default '0',
  `system_pid` int(10) unsigned NOT NULL default '0',
  `started` int(10) unsigned NOT NULL,
  `timeout` mediumint(10) unsigned NOT NULL default '0',
  `name` varchar(128) character set latin1 collate latin1_general_ci NOT NULL,
  PRIMARY KEY  (`pid`),
  KEY `name` (`name`)
) ENGINE=InnoDB DEFAULT CHARSET=utf8 COLLATE=utf8_unicode_ci;

-- --------------------------------------------------------

--
-- Table structure for table `engine4_core_referrers`
--

CREATE TABLE IF NOT EXISTS `engine4_core_referrers` (
  `host` varchar(64) collate utf8_unicode_ci NOT NULL,
  `path` varchar(64) collate utf8_unicode_ci NOT NULL,
  `query` varchar(128) collate utf8_unicode_ci NOT NULL,
  `value` int(11) unsigned NOT NULL,
  PRIMARY KEY  (`host`,`path`,`query`),
  KEY `value` (`value`)
) ENGINE=InnoDB DEFAULT CHARSET=utf8 COLLATE=utf8_unicode_ci;

--
-- Dumping data for table `engine4_core_referrers`
--

INSERT INTO `engine4_core_referrers` (`host`, `path`, `query`, `value`) VALUES
('36ohk6dgmcd1n.yom.mail.yahoo.net', '/om/api/1.0/openmail.app.invoke/36ohk6dgmcd1n/4/1.0.35/us/en-us/', '', 1),
('facebook.com', '/l.php', 'u=http%3a%2f%2fdev.younetco.com%2fproducts%2fse4%2fgroupbuy%2fgroup-buy%2fdetail%2fdeal%2f215&h=2aqaamnyn', 1),
('facebook.com', '/l.php', 'u=http%3a%2f%2fdev.younetco.com%2fproducts%2fse4%2fgroupbuy%2fgroup-buy%2fdetail%2fdeal%2f215&h=daqbwe9r1', 1),
('facebook.com', '/l.php', 'u=http%3a%2f%2fdev.younetco.com%2fproducts%2fse4%2fgroupbuy%2fgroup-buy%2fdetail%2fdeal%2f215&h=jaqdogpmz', 1),
('facebook.com', '/l.php', 'u=http%3a%2f%2fdev.younetco.com%2fproducts%2fse4%2fgroupbuy%2fgroup-buy%2fdetail%2fdeal%2f215&h=paqchsy4_', 1),
('facebook.com', '/l.php', 'u=http%3a%2f%2fdev.younetco.com%2fproducts%2fse4%2fgroupbuy%2fgroup-buy%2fdetail%2fdeal%2f215&h=taqazsdak', 1),
('google.com', '/url', 'sa=d&q=http://demo.modules2buy.com/groupbuy/group-buy/create&usg=afqjcnhhujjl3c9bgtr6hrl9_1kgni-2ha', 1),
('plus.google.com', '/url', 'sa=z&n=1312041481604&url=http%3a%2f%2fdev.younetco.com%2fproducts%2fse4%2fgroupbuy%2fgroup-buy&usg=4cwdau1dbgs_ifvsklnlcgtg_5k.', 1),
('sn128w.snt128.mail.live.com', '/mail/inboxlight.aspx', 'fid=1&n=587328744&mid=7c528b17-bdd1-11e0-9186-00237de4aeca&fv=1', 1),
('jira.younetco.com', '/browse/groupbuy-73', '', 2),
('testiphone.com', '/', '', 2),
('us.mg3.mail.yahoo.com', '/neo/launch', '.rand=1270694634&action=showletter&box=inbox&umid=1_62070158_afvfteqaabgztjogyqpgyindyxy', 3),
('jira.younetco.com', '/browse/groupbuy-25', '', 6),
('socialengine.net', '/customize/mod-page', 'mod_id=680&mod=groupbuy-plugin-like-groupon-living-social', 8),
('socialengine.modules2buy.com', '/2011/07/28/groupbuy.html', '', 41);

-- --------------------------------------------------------

--
-- Table structure for table `engine4_core_reports`
--

CREATE TABLE IF NOT EXISTS `engine4_core_reports` (
  `report_id` int(11) NOT NULL auto_increment,
  `user_id` int(11) NOT NULL,
  `category` varchar(16) collate utf8_unicode_ci NOT NULL,
  `description` text collate utf8_unicode_ci NOT NULL,
  `subject_type` varchar(32) character set latin1 collate latin1_general_ci NOT NULL,
  `subject_id` int(11) NOT NULL,
  `creation_date` datetime NOT NULL,
  `read` tinyint(1) NOT NULL default '0',
  PRIMARY KEY  (`report_id`),
  KEY `category` (`category`),
  KEY `user_id` (`user_id`),
  KEY `read` (`read`)
) ENGINE=InnoDB DEFAULT CHARSET=utf8 COLLATE=utf8_unicode_ci AUTO_INCREMENT=1 ;

-- --------------------------------------------------------

--
-- Table structure for table `engine4_core_routes`
--

CREATE TABLE IF NOT EXISTS `engine4_core_routes` (
  `name` varchar(32) character set latin1 collate latin1_general_ci NOT NULL,
  `config` text collate utf8_unicode_ci NOT NULL,
  `order` smallint(6) NOT NULL default '1',
  PRIMARY KEY  (`name`),
  KEY `order` (`order`)
) ENGINE=InnoDB DEFAULT CHARSET=utf8 COLLATE=utf8_unicode_ci;

-- --------------------------------------------------------

--
-- Table structure for table `engine4_core_search`
--

CREATE TABLE IF NOT EXISTS `engine4_core_search` (
  `type` varchar(32) character set latin1 collate latin1_general_ci NOT NULL,
  `id` int(11) unsigned NOT NULL,
  `title` varchar(255) collate utf8_unicode_ci NOT NULL,
  `description` varchar(255) collate utf8_unicode_ci NOT NULL,
  `keywords` varchar(255) collate utf8_unicode_ci NOT NULL,
  `hidden` varchar(255) collate utf8_unicode_ci NOT NULL,
  PRIMARY KEY  (`type`,`id`),
  FULLTEXT KEY `LOOKUP` (`title`,`description`,`keywords`,`hidden`)
) ENGINE=MyISAM DEFAULT CHARSET=utf8 COLLATE=utf8_unicode_ci;

--
-- Dumping data for table `engine4_core_search`
--

INSERT INTO `engine4_core_search` (`type`, `id`, `title`, `description`, `keywords`, `hidden`) VALUES
('user', 2, 'Joe Beer', '', '', ''),
('user', 3, 'K Abdurahman', '', '', ''),
('user', 4, 'linhvtt', '', '', ''),
('user', 5, 'Nam Nguy?n', '', '', ''),
('user', 6, 'Chris Williams', '', '', ''),
('user', 7, 'Mateusz Dakowski', '', '', ''),
('user', 8, 'Farid Irani', '', '', ''),
('user', 9, 'Dong Truong', '', '', ''),
('user', 10, 'Fidel Guajardo', '', '', ''),
('user', 11, 'bobby bob', '', '', ''),
('user', 12, 'Arey Purnawan', '', '', ''),
('user', 13, 'Alex Brandy', '', '', ''),
('user', 14, 'Achi Stavrulakis', '', '', ''),
('user', 15, 'Kien', '', '', ''),
('user', 16, 'Bruno Do Carmo Martins', '', '', ''),
('user', 17, 'Jonathan Heavyside', '', '', ''),
('user', 18, 'Christian Riebold', '', '', ''),
('user', 19, 'Jose Lopez', '', '', ''),
('user', 20, 'Luis Morales Zambrana', '', '', ''),
('user', 21, 'Miko Valerio', '', '', ''),
('user', 22, 'Danny Florian', '', '', ''),
('user', 23, 'Alexey Nakhimov', '', '', ''),
('user', 24, 'emoney mclaurin', '', '', ''),
('groupbuy_deal', 1, 'Newfoundland Paintball Supply  Multiple Locations', 'If the Hundred Years'' War had been fought with paintballs instead of rifles, it might still be happening, but it''d be so colourful that no one would mind. Experience your own vibrant battlefield with today''s Groupon to Newfoundland Paintball Supply. Cho..', '', ''),
('groupbuy_album', 1, 'Newfoundland Paintball Supply  Multiple Locations', '', '', ''),
('user', 25, 'Anthony Brindley', '', '', ''),
('user', 26, 'Igor Riabov', '', '', ''),
('user', 27, 'hamidou djaber', '', '', ''),
('user', 28, 'allen cox', '', '', ''),
('user', 29, 'in col', '', '', ''),
('user', 30, 'lam thi kien', '', '', ''),
('user', 31, 'Clint Air', '', '', ''),
('user', 32, 'Dorothy Ali', '', '', ''),
('user', 33, 'nguyen nam', '', '', ''),
('user', 34, 'Greg Oberfield', '', '', ''),
('user', 35, 'ludwing hernandez', '', '', ''),
('user', 36, 'huang youguo', '', '', ''),
('user', 37, 'Guillermo Escobar Roca', '', '', ''),
('user', 38, 'loic test', '', '', ''),
('groupbuy_deal', 2, 'Dooly''s  West End', 'Like an Easter egg hunt at a chicken-pox ward, billiards asks you to pocket striped orbs while trying not to scratch. Keep your mind on the game with today''s Groupon: for $18, you get two hours of pool (a $25 value) and a pitcher of beer (an $11.25 valu..', '', ''),
('groupbuy_album', 2, 'Dooly''s  West End', '', '', ''),
('groupbuy_deal', 3, 'Moonrise Hotel  St. Louis, Missouri', 'Fashionably Eccentric Boutique Hotel in One of St. Louis&rsquo;s Most Vibrant Commercial Quarters\r\nEight stories above the vivacious thrum of Delmar Boulevard, a 10-foot-wide, 3,000-pound model of the moon&mdash;the largest such model in the world&mdash;s', '', ''),
('groupbuy_album', 3, 'Moonrise Hotel  St. Louis, Missouri', '', '', ''),
('groupbuy_deal', 4, 'Mlange Restaurant & Gastro Lounge  Downtown', 'Cooking food over an open flame can impart smoky flavor and seal in savoury juices, but cooking food over an eternal flame can get a bobsledding team kicked out of the Olympics. Get your fill of flame-cooked fare with today''s Groupon to M&eacute;lange R..', '', ''),
('groupbuy_deal', 5, 'CrawlSF  Multiple Locations', 'Like spelunking, pub crawling shouldn&rsquo;t be done alone, without shoes, or 10 minutes before a job interview. Gear up for an adventurous descent into suds with today&rsquo;s Groupon: for $35, you get a VIP card and commemorative T-shirt from CrawlSF..', '', ''),
('groupbuy_album', 4, 'Mlange Restaurant & Gastro Lounge  Downtown', '', '', ''),
('groupbuy_deal', 6, 'Palomo Archery  Palomo Archery', 'Archery has been called the sport of kings, whereas being able to successfully dodge arrows has been called treason. Prepare for friendly regal competition with today''s Groupon to Palomo Archery in Palo Alto. Choose between the following options:\r\n\r\nFor..', '', ''),
('groupbuy_album', 5, 'CrawlSF  Multiple Locations', '', '', ''),
('groupbuy_deal', 7, 'Moonrise Hotel  St. Louis, Missouri', 'Fashionably Eccentric Boutique Hotel in One of St. Louis&rsquo;s Most Vibrant Commercial Quarters\r\nEight stories above the vivacious thrum of Delmar Boulevard, a 10-foot-wide, 3,000-pound model of the moon&mdash;the largest such model in the world&mdash;s', '', ''),
('groupbuy_album', 6, 'Palomo Archery  Palomo Archery', '', '', ''),
('user', 39, 'anhdtk dang', '', '', ''),
('groupbuy_category', 1, 'All Categories', '', '', ''),
('groupbuy_category', 2, 'Food and Drink', '', '', ''),
('groupbuy_category', 3, 'Health and Beauty', '', '', ''),
('groupbuy_category', 4, 'Retail and Services', '', '', ''),
('groupbuy_category', 5, 'Activities', '', '', ''),
('groupbuy_location', 1, 'All Locations', '', '', ''),
('groupbuy_location', 2, 'Ho Chi Minh', '', '', ''),
('groupbuy_location', 3, 'Da Nang', '', '', ''),
('groupbuy_location', 4, 'Ha Noi', '', '', ''),
('user', 40, 'Dyenira Dye', '', '', ''),
('user', 41, 'Muhammad Rizwan', '', '', ''),
('user', 42, 'Brandon Lee', '', '', ''),
('user', 43, 'Burak Bingl', '', '', ''),
('user', 44, 'Ganesh J. Salunkhe', '', '', ''),
('user', 45, 'D. Patrick', '', '', ''),
('user', 46, 'badboyhimanshu', '', '', ''),
('groupbuy_deal', 8, 'The Clayground Ceramic Painting Studio  The Clayground', 'Hand-painted pottery has a rich legacy of storytelling, from the Grecian urns that document the perils of Orpheus and Eurydice to modern coffee mugs that foretell epic tales of the world''s greatest grandpa. Paint your own story with today''s Groupon: for..', '', ''),
('groupbuy_deal', 9, 'START Fitness  Pacific Heights', 'Muscle definition is challenging fitness goal, achievable only through months of regimented strength training or one afternoon of bench-pressing a dictionary. Define your fitness goals with today&rsquo;s Groupon: for $40, you get two weeks of boot-camp ..', '', ''),
('groupbuy_deal', 10, 'Opus Hotel Montreal  Montreal, Quebec, Canada', 'Stylish Escape in the Thick of Montreal Nightlife\r\n&nbsp;&nbsp;&nbsp;&nbsp;&nbsp;&nbsp;&nbsp;&nbsp;&nbsp;&nbsp;&nbsp;&nbsp;&nbsp;&nbsp;&nbsp;&nbsp;&nbsp;&nbsp;&nbsp;&nbsp;&nbsp;&nbsp;&nbsp;&nbsp;&nbsp;&nbsp;&nbsp;&nbsp;&nbsp;&nbsp;&nbsp;\r\nSome time after ', '', ''),
('groupbuy_deal', 11, 'Test Deal', 'Compose your new deal below, then click "Post Deal" to publish deal.', '', ''),
('groupbuy_deal', 12, 'Festival Opera  Lesher Center for the Arts', 'The history of theater goes all the way back to the 1970s, when audiences were eager to see "living movies." See how far these unfilmed talkabouts have come in only 40 years with today''s Groupon to The Most Happy Fella, presented by Festival Opera at th..', '', ''),
('groupbuy_deal', 13, 'Artistic Esthetic Spa  Central London', 'Booking your body double a beautifying treatment at a tranquil day spa creates a soundproof alibi for days spent stealing office supplies from the Canadian Forces. Make your stand-in stand out with today&rsquo;s Groupon: for $55, you get a two-visit spa..', '', ''),
('groupbuy_deal', 14, 'Tien Deal 1', 'Highlight 1, Highlight 1, Highlight 1, Highlight 1, Highlight 1\r\nHighlight 2, Highlight 2, Highlight 2, Highlight 2, Highlight 2\r\nHighlight 3, Highlight 3, Highlight 3, Highlight 3, Highlight 3\r\nHighlight 4, Highlight 4, Highlight 4, Highlight 4, Highligh', '', ''),
('groupbuy_deal', 15, 'Sutter Dental  San Francisco', 'In the Elizabethan days, blackened teeth were attractive because they identified their owner as a member of the sugar-crazed nobility. Embrace the sparkling shift in mouth-based desirability with today''s Groupon to Sutter Dental, located in Union Square..', '', ''),
('groupbuy_deal', 16, 'Elements Therapeutic Massage  Multiple Locations', 'The Hamburglar started out as a hand burglar but soon found that unkempt&nbsp;', '', ''),
('user', 64, 'vdfgd gdfgdf', '', '', ''),
('groupbuy_deal', 17, 'New Deals -  1311516697', 'Live theatre tends to be more thrilling than film, largely due to the heightened odds of seeing someone flub a line or deliver a stirring monologue while sitting in your lap. Vicariously live the free-wheeling thespian life with todays Groupon to New W', '', ''),
('groupbuy_deal', 18, 'New Deals -  1311516697', 'Live theatre tends to be more thrilling than film, largely due to the heightened odds of seeing someone flub a line or deliver a stirring monologue while sitting in your lap. Vicariously live the free-wheeling thespian life with todays Groupon to New W', '', ''),
('groupbuy_deal', 19, 'New Deals -  1311516697', 'Live theatre tends to be more thrilling than film, largely due to the heightened odds of seeing someone flub a line or deliver a stirring monologue while sitting in your lap. Vicariously live the free-wheeling thespian life with todays Groupon to New W', '', ''),
('groupbuy_deal', 20, 'New Deals -  1311516697', 'Live theatre tends to be more thrilling than film, largely due to the heightened odds of seeing someone flub a line or deliver a stirring monologue while sitting in your lap. Vicariously live the free-wheeling thespian life with todays Groupon to New W', '', ''),
('groupbuy_deal', 21, 'New Deals -  1311516697', 'Live theatre tends to be more thrilling than film, largely due to the heightened odds of seeing someone flub a line or deliver a stirring monologue while sitting in your lap. Vicariously live the free-wheeling thespian life with todays Groupon to New W', '', ''),
('groupbuy_deal', 22, 'New Deals -  1311516697', 'Live theatre tends to be more thrilling than film, largely due to the heightened odds of seeing someone flub a line or deliver a stirring monologue while sitting in your lap. Vicariously live the free-wheeling thespian life with todays Groupon to New W', '', ''),
('groupbuy_deal', 23, 'New Deals -  1311516697', 'Live theatre tends to be more thrilling than film, largely due to the heightened odds of seeing someone flub a line or deliver a stirring monologue while sitting in your lap. Vicariously live the free-wheeling thespian life with todays Groupon to New W', '', ''),
('groupbuy_deal', 24, 'New Deals -  1311516697', 'Live theatre tends to be more thrilling than film, largely due to the heightened odds of seeing someone flub a line or deliver a stirring monologue while sitting in your lap. Vicariously live the free-wheeling thespian life with todays Groupon to New W', '', ''),
('groupbuy_deal', 25, 'New Deals -  1311516697', 'Live theatre tends to be more thrilling than film, largely due to the heightened odds of seeing someone flub a line or deliver a stirring monologue while sitting in your lap. Vicariously live the free-wheeling thespian life with todays Groupon to New W', '', ''),
('groupbuy_deal', 26, 'New Deals -  1311516698', 'Live theatre tends to be more thrilling than film, largely due to the heightened odds of seeing someone flub a line or deliver a stirring monologue while sitting in your lap. Vicariously live the free-wheeling thespian life with todays Groupon to New W', '', ''),
('groupbuy_deal', 27, 'New Deals -  1311516698', 'Live theatre tends to be more thrilling than film, largely due to the heightened odds of seeing someone flub a line or deliver a stirring monologue while sitting in your lap. Vicariously live the free-wheeling thespian life with todays Groupon to New W', '', ''),
('groupbuy_deal', 28, 'New Deals -  1311516698', 'Live theatre tends to be more thrilling than film, largely due to the heightened odds of seeing someone flub a line or deliver a stirring monologue while sitting in your lap. Vicariously live the free-wheeling thespian life with todays Groupon to New W', '', ''),
('groupbuy_deal', 29, 'New Deals -  1311516698', 'Live theatre tends to be more thrilling than film, largely due to the heightened odds of seeing someone flub a line or deliver a stirring monologue while sitting in your lap. Vicariously live the free-wheeling thespian life with todays Groupon to New W', '', ''),
('groupbuy_deal', 30, 'New Deals -  1311516698', 'Live theatre tends to be more thrilling than film, largely due to the heightened odds of seeing someone flub a line or deliver a stirring monologue while sitting in your lap. Vicariously live the free-wheeling thespian life with todays Groupon to New W', '', ''),
('groupbuy_deal', 31, 'New Deals -  1311516699', 'Live theatre tends to be more thrilling than film, largely due to the heightened odds of seeing someone flub a line or deliver a stirring monologue while sitting in your lap. Vicariously live the free-wheeling thespian life with todays Groupon to New W', '', ''),
('groupbuy_deal', 32, 'New Deals -  1311516699', 'Live theatre tends to be more thrilling than film, largely due to the heightened odds of seeing someone flub a line or deliver a stirring monologue while sitting in your lap. Vicariously live the free-wheeling thespian life with todays Groupon to New W', '', ''),
('groupbuy_deal', 33, 'New Deals -  1311516699', 'Live theatre tends to be more thrilling than film, largely due to the heightened odds of seeing someone flub a line or deliver a stirring monologue while sitting in your lap. Vicariously live the free-wheeling thespian life with todays Groupon to New W', '', ''),
('groupbuy_deal', 34, 'New Deals -  1311516699', 'Live theatre tends to be more thrilling than film, largely due to the heightened odds of seeing someone flub a line or deliver a stirring monologue while sitting in your lap. Vicariously live the free-wheeling thespian life with todays Groupon to New W', '', ''),
('groupbuy_deal', 35, 'New Deals -  1311516699', 'Live theatre tends to be more thrilling than film, largely due to the heightened odds of seeing someone flub a line or deliver a stirring monologue while sitting in your lap. Vicariously live the free-wheeling thespian life with todays Groupon to New W', '', ''),
('groupbuy_deal', 36, 'New Deals -  1311516699', 'Live theatre tends to be more thrilling than film, largely due to the heightened odds of seeing someone flub a line or deliver a stirring monologue while sitting in your lap. Vicariously live the free-wheeling thespian life with todays Groupon to New W', '', ''),
('groupbuy_deal', 37, 'New Deals -  1311516702', 'Live theatre tends to be more thrilling than film, largely due to the heightened odds of seeing someone flub a line or deliver a stirring monologue while sitting in your lap. Vicariously live the free-wheeling thespian life with todays Groupon to New W', '', ''),
('groupbuy_deal', 38, 'New Deals -  1311516702', 'Live theatre tends to be more thrilling than film, largely due to the heightened odds of seeing someone flub a line or deliver a stirring monologue while sitting in your lap. Vicariously live the free-wheeling thespian life with todays Groupon to New W', '', ''),
('groupbuy_deal', 39, 'New Deals -  1311516702', 'Live theatre tends to be more thrilling than film, largely due to the heightened odds of seeing someone flub a line or deliver a stirring monologue while sitting in your lap. Vicariously live the free-wheeling thespian life with todays Groupon to New W', '', ''),
('groupbuy_deal', 40, 'New Deals -  1311516702', 'Live theatre tends to be more thrilling than film, largely due to the heightened odds of seeing someone flub a line or deliver a stirring monologue while sitting in your lap. Vicariously live the free-wheeling thespian life with todays Groupon to New W', '', ''),
('groupbuy_deal', 41, 'New Deals -  1311516702', 'Live theatre tends to be more thrilling than film, largely due to the heightened odds of seeing someone flub a line or deliver a stirring monologue while sitting in your lap. Vicariously live the free-wheeling thespian life with todays Groupon to New W', '', ''),
('groupbuy_deal', 42, 'New Deals -  1311516702', 'Live theatre tends to be more thrilling than film, largely due to the heightened odds of seeing someone flub a line or deliver a stirring monologue while sitting in your lap. Vicariously live the free-wheeling thespian life with todays Groupon to New W', '', ''),
('groupbuy_deal', 43, 'New Deals -  1311516702', 'Live theatre tends to be more thrilling than film, largely due to the heightened odds of seeing someone flub a line or deliver a stirring monologue while sitting in your lap. Vicariously live the free-wheeling thespian life with todays Groupon to New W', '', ''),
('groupbuy_deal', 44, 'New Deals -  1311516702', 'Live theatre tends to be more thrilling than film, largely due to the heightened odds of seeing someone flub a line or deliver a stirring monologue while sitting in your lap. Vicariously live the free-wheeling thespian life with todays Groupon to New W', '', ''),
('groupbuy_deal', 45, 'New Deals -  1311516702', 'Live theatre tends to be more thrilling than film, largely due to the heightened odds of seeing someone flub a line or deliver a stirring monologue while sitting in your lap. Vicariously live the free-wheeling thespian life with todays Groupon to New W', '', ''),
('groupbuy_deal', 46, 'New Deals -  1311516702', 'Live theatre tends to be more thrilling than film, largely due to the heightened odds of seeing someone flub a line or deliver a stirring monologue while sitting in your lap. Vicariously live the free-wheeling thespian life with todays Groupon to New W', '', ''),
('groupbuy_deal', 47, 'New Deals -  1311516745', 'Live theatre tends to be more thrilling than film, largely due to the heightened odds of seeing someone flub a line or deliver a stirring monologue while sitting in your lap. Vicariously live the free-wheeling thespian life with todays Groupon to New W', '', ''),
('groupbuy_deal', 48, 'New Deals -  1311516745', 'Live theatre tends to be more thrilling than film, largely due to the heightened odds of seeing someone flub a line or deliver a stirring monologue while sitting in your lap. Vicariously live the free-wheeling thespian life with todays Groupon to New W', '', ''),
('groupbuy_deal', 49, 'New Deals -  1311516745', 'Live theatre tends to be more thrilling than film, largely due to the heightened odds of seeing someone flub a line or deliver a stirring monologue while sitting in your lap. Vicariously live the free-wheeling thespian life with todays Groupon to New W', '', ''),
('groupbuy_deal', 50, 'New Deals -  1311516745', 'Live theatre tends to be more thrilling than film, largely due to the heightened odds of seeing someone flub a line or deliver a stirring monologue while sitting in your lap. Vicariously live the free-wheeling thespian life with todays Groupon to New W', '', ''),
('groupbuy_deal', 51, 'New Deals -  1311516745', 'Live theatre tends to be more thrilling than film, largely due to the heightened odds of seeing someone flub a line or deliver a stirring monologue while sitting in your lap. Vicariously live the free-wheeling thespian life with todays Groupon to New W', '', ''),
('groupbuy_deal', 52, 'New Deals -  1311516745', 'Live theatre tends to be more thrilling than film, largely due to the heightened odds of seeing someone flub a line or deliver a stirring monologue while sitting in your lap. Vicariously live the free-wheeling thespian life with todays Groupon to New W', '', ''),
('groupbuy_deal', 53, 'New Deals -  1311516745', 'Live theatre tends to be more thrilling than film, largely due to the heightened odds of seeing someone flub a line or deliver a stirring monologue while sitting in your lap. Vicariously live the free-wheeling thespian life with todays Groupon to New W', '', ''),
('groupbuy_deal', 54, 'New Deals -  1311516745', 'Live theatre tends to be more thrilling than film, largely due to the heightened odds of seeing someone flub a line or deliver a stirring monologue while sitting in your lap. Vicariously live the free-wheeling thespian life with todays Groupon to New W', '', ''),
('groupbuy_deal', 55, 'New Deals -  1311516746', 'Live theatre tends to be more thrilling than film, largely due to the heightened odds of seeing someone flub a line or deliver a stirring monologue while sitting in your lap. Vicariously live the free-wheeling thespian life with todays Groupon to New W', '', ''),
('groupbuy_deal', 56, 'New Deals -  1311516746', 'Live theatre tends to be more thrilling than film, largely due to the heightened odds of seeing someone flub a line or deliver a stirring monologue while sitting in your lap. Vicariously live the free-wheeling thespian life with todays Groupon to New W', '', ''),
('groupbuy_deal', 57, 'New Deals -  1311516746', 'Live theatre tends to be more thrilling than film, largely due to the heightened odds of seeing someone flub a line or deliver a stirring monologue while sitting in your lap. Vicariously live the free-wheeling thespian life with todays Groupon to New W', '', ''),
('groupbuy_deal', 58, 'New Deals -  1311516746', 'Live theatre tends to be more thrilling than film, largely due to the heightened odds of seeing someone flub a line or deliver a stirring monologue while sitting in your lap. Vicariously live the free-wheeling thespian life with todays Groupon to New W', '', ''),
('groupbuy_deal', 59, 'New Deals -  1311516746', 'Live theatre tends to be more thrilling than film, largely due to the heightened odds of seeing someone flub a line or deliver a stirring monologue while sitting in your lap. Vicariously live the free-wheeling thespian life with todays Groupon to New W', '', ''),
('groupbuy_deal', 60, 'New Deals -  1311516746', 'Live theatre tends to be more thrilling than film, largely due to the heightened odds of seeing someone flub a line or deliver a stirring monologue while sitting in your lap. Vicariously live the free-wheeling thespian life with todays Groupon to New W', '', ''),
('groupbuy_deal', 61, 'New Deals -  1311516746', 'Live theatre tends to be more thrilling than film, largely due to the heightened odds of seeing someone flub a line or deliver a stirring monologue while sitting in your lap. Vicariously live the free-wheeling thespian life with todays Groupon to New W', '', ''),
('groupbuy_deal', 62, 'New Deals -  1311516746', 'Live theatre tends to be more thrilling than film, largely due to the heightened odds of seeing someone flub a line or deliver a stirring monologue while sitting in your lap. Vicariously live the free-wheeling thespian life with todays Groupon to New W', '', ''),
('groupbuy_deal', 63, 'New Deals -  1311516746', 'Live theatre tends to be more thrilling than film, largely due to the heightened odds of seeing someone flub a line or deliver a stirring monologue while sitting in your lap. Vicariously live the free-wheeling thespian life with todays Groupon to New W', '', ''),
('groupbuy_deal', 64, 'New Deals -  1311516746', 'Live theatre tends to be more thrilling than film, largely due to the heightened odds of seeing someone flub a line or deliver a stirring monologue while sitting in your lap. Vicariously live the free-wheeling thespian life with todays Groupon to New W', '', ''),
('groupbuy_deal', 65, 'New Deals -  1311516746', 'Live theatre tends to be more thrilling than film, largely due to the heightened odds of seeing someone flub a line or deliver a stirring monologue while sitting in your lap. Vicariously live the free-wheeling thespian life with todays Groupon to New W', '', ''),
('groupbuy_deal', 66, 'New Deals -  1311516746', 'Live theatre tends to be more thrilling than film, largely due to the heightened odds of seeing someone flub a line or deliver a stirring monologue while sitting in your lap. Vicariously live the free-wheeling thespian life with todays Groupon to New W', '', ''),
('groupbuy_deal', 67, 'New Deals -  1311516747', 'Live theatre tends to be more thrilling than film, largely due to the heightened odds of seeing someone flub a line or deliver a stirring monologue while sitting in your lap. Vicariously live the free-wheeling thespian life with todays Groupon to New W', '', ''),
('groupbuy_deal', 68, 'New Deals -  1311516747', 'Live theatre tends to be more thrilling than film, largely due to the heightened odds of seeing someone flub a line or deliver a stirring monologue while sitting in your lap. Vicariously live the free-wheeling thespian life with todays Groupon to New W', '', ''),
('groupbuy_deal', 69, 'New Deals -  1311516747', 'Live theatre tends to be more thrilling than film, largely due to the heightened odds of seeing someone flub a line or deliver a stirring monologue while sitting in your lap. Vicariously live the free-wheeling thespian life with todays Groupon to New W', '', ''),
('groupbuy_deal', 70, 'New Deals -  1311516747', 'Live theatre tends to be more thrilling than film, largely due to the heightened odds of seeing someone flub a line or deliver a stirring monologue while sitting in your lap. Vicariously live the free-wheeling thespian life with todays Groupon to New W', '', ''),
('groupbuy_deal', 71, 'New Deals -  1311516747', 'Live theatre tends to be more thrilling than film, largely due to the heightened odds of seeing someone flub a line or deliver a stirring monologue while sitting in your lap. Vicariously live the free-wheeling thespian life with todays Groupon to New W', '', ''),
('groupbuy_deal', 72, 'New Deals -  1311516747', 'Live theatre tends to be more thrilling than film, largely due to the heightened odds of seeing someone flub a line or deliver a stirring monologue while sitting in your lap. Vicariously live the free-wheeling thespian life with todays Groupon to New W', '', ''),
('groupbuy_deal', 73, 'New Deals -  1311516747', 'Live theatre tends to be more thrilling than film, largely due to the heightened odds of seeing someone flub a line or deliver a stirring monologue while sitting in your lap. Vicariously live the free-wheeling thespian life with todays Groupon to New W', '', ''),
('groupbuy_deal', 74, 'New Deals -  1311516747', 'Live theatre tends to be more thrilling than film, largely due to the heightened odds of seeing someone flub a line or deliver a stirring monologue while sitting in your lap. Vicariously live the free-wheeling thespian life with todays Groupon to New W', '', ''),
('groupbuy_deal', 75, 'New Deals -  1311516747', 'Live theatre tends to be more thrilling than film, largely due to the heightened odds of seeing someone flub a line or deliver a stirring monologue while sitting in your lap. Vicariously live the free-wheeling thespian life with todays Groupon to New W', '', ''),
('groupbuy_deal', 76, 'New Deals -  1311516747', 'Live theatre tends to be more thrilling than film, largely due to the heightened odds of seeing someone flub a line or deliver a stirring monologue while sitting in your lap. Vicariously live the free-wheeling thespian life with todays Groupon to New W', '', ''),
('groupbuy_deal', 77, 'New Deals -  1311516748', 'Live theatre tends to be more thrilling than film, largely due to the heightened odds of seeing someone flub a line or deliver a stirring monologue while sitting in your lap. Vicariously live the free-wheeling thespian life with todays Groupon to New W', '', ''),
('groupbuy_deal', 78, 'New Deals -  1311516748', 'Live theatre tends to be more thrilling than film, largely due to the heightened odds of seeing someone flub a line or deliver a stirring monologue while sitting in your lap. Vicariously live the free-wheeling thespian life with todays Groupon to New W', '', ''),
('groupbuy_deal', 79, 'New Deals -  1311516748', 'Live theatre tends to be more thrilling than film, largely due to the heightened odds of seeing someone flub a line or deliver a stirring monologue while sitting in your lap. Vicariously live the free-wheeling thespian life with todays Groupon to New W', '', ''),
('groupbuy_deal', 80, 'New Deals -  1311516748', 'Live theatre tends to be more thrilling than film, largely due to the heightened odds of seeing someone flub a line or deliver a stirring monologue while sitting in your lap. Vicariously live the free-wheeling thespian life with todays Groupon to New W', '', ''),
('groupbuy_deal', 81, 'New Deals -  1311516748', 'Live theatre tends to be more thrilling than film, largely due to the heightened odds of seeing someone flub a line or deliver a stirring monologue while sitting in your lap. Vicariously live the free-wheeling thespian life with todays Groupon to New W', '', ''),
('groupbuy_deal', 82, 'New Deals -  1311516748', 'Live theatre tends to be more thrilling than film, largely due to the heightened odds of seeing someone flub a line or deliver a stirring monologue while sitting in your lap. Vicariously live the free-wheeling thespian life with todays Groupon to New W', '', ''),
('groupbuy_deal', 83, 'New Deals -  1311516748', 'Live theatre tends to be more thrilling than film, largely due to the heightened odds of seeing someone flub a line or deliver a stirring monologue while sitting in your lap. Vicariously live the free-wheeling thespian life with todays Groupon to New W', '', ''),
('groupbuy_deal', 84, 'New Deals -  1311516748', 'Live theatre tends to be more thrilling than film, largely due to the heightened odds of seeing someone flub a line or deliver a stirring monologue while sitting in your lap. Vicariously live the free-wheeling thespian life with todays Groupon to New W', '', ''),
('groupbuy_deal', 85, 'New Deals -  1311516748', 'Live theatre tends to be more thrilling than film, largely due to the heightened odds of seeing someone flub a line or deliver a stirring monologue while sitting in your lap. Vicariously live the free-wheeling thespian life with todays Groupon to New W', '', ''),
('groupbuy_deal', 86, 'New Deals -  1311516748', 'Live theatre tends to be more thrilling than film, largely due to the heightened odds of seeing someone flub a line or deliver a stirring monologue while sitting in your lap. Vicariously live the free-wheeling thespian life with todays Groupon to New W', '', ''),
('groupbuy_deal', 87, 'New Deals -  1311516749', 'Live theatre tends to be more thrilling than film, largely due to the heightened odds of seeing someone flub a line or deliver a stirring monologue while sitting in your lap. Vicariously live the free-wheeling thespian life with todays Groupon to New W', '', ''),
('groupbuy_deal', 88, 'New Deals -  1311516749', 'Live theatre tends to be more thrilling than film, largely due to the heightened odds of seeing someone flub a line or deliver a stirring monologue while sitting in your lap. Vicariously live the free-wheeling thespian life with todays Groupon to New W', '', ''),
('groupbuy_deal', 89, 'New Deals -  1311516749', 'Live theatre tends to be more thrilling than film, largely due to the heightened odds of seeing someone flub a line or deliver a stirring monologue while sitting in your lap. Vicariously live the free-wheeling thespian life with todays Groupon to New W', '', ''),
('groupbuy_deal', 90, 'New Deals -  1311516749', 'Live theatre tends to be more thrilling than film, largely due to the heightened odds of seeing someone flub a line or deliver a stirring monologue while sitting in your lap. Vicariously live the free-wheeling thespian life with todays Groupon to New W', '', ''),
('groupbuy_deal', 91, 'New Deals -  1311516749', 'Live theatre tends to be more thrilling than film, largely due to the heightened odds of seeing someone flub a line or deliver a stirring monologue while sitting in your lap. Vicariously live the free-wheeling thespian life with todays Groupon to New W', '', ''),
('groupbuy_deal', 92, 'New Deals -  1311516749', 'Live theatre tends to be more thrilling than film, largely due to the heightened odds of seeing someone flub a line or deliver a stirring monologue while sitting in your lap. Vicariously live the free-wheeling thespian life with todays Groupon to New W', '', ''),
('groupbuy_deal', 93, 'New Deals -  1311516749', 'Live theatre tends to be more thrilling than film, largely due to the heightened odds of seeing someone flub a line or deliver a stirring monologue while sitting in your lap. Vicariously live the free-wheeling thespian life with todays Groupon to New W', '', ''),
('groupbuy_deal', 94, 'New Deals -  1311516749', 'Live theatre tends to be more thrilling than film, largely due to the heightened odds of seeing someone flub a line or deliver a stirring monologue while sitting in your lap. Vicariously live the free-wheeling thespian life with todays Groupon to New W', '', ''),
('groupbuy_deal', 95, 'New Deals -  1311516749', 'Live theatre tends to be more thrilling than film, largely due to the heightened odds of seeing someone flub a line or deliver a stirring monologue while sitting in your lap. Vicariously live the free-wheeling thespian life with todays Groupon to New W', '', ''),
('groupbuy_deal', 96, 'New Deals -  1311516749', 'Live theatre tends to be more thrilling than film, largely due to the heightened odds of seeing someone flub a line or deliver a stirring monologue while sitting in your lap. Vicariously live the free-wheeling thespian life with todays Groupon to New W', '', ''),
('groupbuy_deal', 97, 'New Deals -  1311516750', 'Live theatre tends to be more thrilling than film, largely due to the heightened odds of seeing someone flub a line or deliver a stirring monologue while sitting in your lap. Vicariously live the free-wheeling thespian life with todays Groupon to New W', '', ''),
('groupbuy_deal', 98, 'New Deals -  1311516750', 'Live theatre tends to be more thrilling than film, largely due to the heightened odds of seeing someone flub a line or deliver a stirring monologue while sitting in your lap. Vicariously live the free-wheeling thespian life with todays Groupon to New W', '', ''),
('groupbuy_deal', 99, 'New Deals -  1311516750', 'Live theatre tends to be more thrilling than film, largely due to the heightened odds of seeing someone flub a line or deliver a stirring monologue while sitting in your lap. Vicariously live the free-wheeling thespian life with todays Groupon to New W', '', ''),
('groupbuy_deal', 100, 'New Deals -  1311516750', 'Live theatre tends to be more thrilling than film, largely due to the heightened odds of seeing someone flub a line or deliver a stirring monologue while sitting in your lap. Vicariously live the free-wheeling thespian life with todays Groupon to New W', '', ''),
('groupbuy_deal', 101, 'New Deals -  1311516750', 'Live theatre tends to be more thrilling than film, largely due to the heightened odds of seeing someone flub a line or deliver a stirring monologue while sitting in your lap. Vicariously live the free-wheeling thespian life with todays Groupon to New W', '', ''),
('groupbuy_deal', 102, 'New Deals -  1311516750', 'Live theatre tends to be more thrilling than film, largely due to the heightened odds of seeing someone flub a line or deliver a stirring monologue while sitting in your lap. Vicariously live the free-wheeling thespian life with todays Groupon to New W', '', ''),
('groupbuy_deal', 103, 'New Deals -  1311516750', 'Live theatre tends to be more thrilling than film, largely due to the heightened odds of seeing someone flub a line or deliver a stirring monologue while sitting in your lap. Vicariously live the free-wheeling thespian life with todays Groupon to New W', '', ''),
('groupbuy_deal', 104, 'New Deals -  1311516750', 'Live theatre tends to be more thrilling than film, largely due to the heightened odds of seeing someone flub a line or deliver a stirring monologue while sitting in your lap. Vicariously live the free-wheeling thespian life with todays Groupon to New W', '', ''),
('groupbuy_deal', 105, 'New Deals -  1311516750', 'Live theatre tends to be more thrilling than film, largely due to the heightened odds of seeing someone flub a line or deliver a stirring monologue while sitting in your lap. Vicariously live the free-wheeling thespian life with todays Groupon to New W', '', ''),
('groupbuy_deal', 106, 'New Deals -  1311516750', 'Live theatre tends to be more thrilling than film, largely due to the heightened odds of seeing someone flub a line or deliver a stirring monologue while sitting in your lap. Vicariously live the free-wheeling thespian life with todays Groupon to New W', '', ''),
('groupbuy_deal', 107, 'New Deals -  1311516753', 'Live theatre tends to be more thrilling than film, largely due to the heightened odds of seeing someone flub a line or deliver a stirring monologue while sitting in your lap. Vicariously live the free-wheeling thespian life with todays Groupon to New W', '', ''),
('groupbuy_deal', 108, 'New Deals -  1311516753', 'Live theatre tends to be more thrilling than film, largely due to the heightened odds of seeing someone flub a line or deliver a stirring monologue while sitting in your lap. Vicariously live the free-wheeling thespian life with todays Groupon to New W', '', ''),
('groupbuy_deal', 109, 'New Deals -  1311516753', 'Live theatre tends to be more thrilling than film, largely due to the heightened odds of seeing someone flub a line or deliver a stirring monologue while sitting in your lap. Vicariously live the free-wheeling thespian life with todays Groupon to New W', '', ''),
('groupbuy_deal', 110, 'New Deals -  1311516753', 'Live theatre tends to be more thrilling than film, largely due to the heightened odds of seeing someone flub a line or deliver a stirring monologue while sitting in your lap. Vicariously live the free-wheeling thespian life with todays Groupon to New W', '', ''),
('groupbuy_deal', 111, 'New Deals -  1311516753', 'Live theatre tends to be more thrilling than film, largely due to the heightened odds of seeing someone flub a line or deliver a stirring monologue while sitting in your lap. Vicariously live the free-wheeling thespian life with todays Groupon to New W', '', ''),
('groupbuy_deal', 112, 'New Deals -  1311516753', 'Live theatre tends to be more thrilling than film, largely due to the heightened odds of seeing someone flub a line or deliver a stirring monologue while sitting in your lap. Vicariously live the free-wheeling thespian life with todays Groupon to New W', '', ''),
('groupbuy_deal', 113, 'New Deals -  1311516753', 'Live theatre tends to be more thrilling than film, largely due to the heightened odds of seeing someone flub a line or deliver a stirring monologue while sitting in your lap. Vicariously live the free-wheeling thespian life with todays Groupon to New W', '', ''),
('groupbuy_deal', 114, 'New Deals -  1311516753', 'Live theatre tends to be more thrilling than film, largely due to the heightened odds of seeing someone flub a line or deliver a stirring monologue while sitting in your lap. Vicariously live the free-wheeling thespian life with todays Groupon to New W', '', ''),
('groupbuy_deal', 115, 'New Deals -  1311516753', 'Live theatre tends to be more thrilling than film, largely due to the heightened odds of seeing someone flub a line or deliver a stirring monologue while sitting in your lap. Vicariously live the free-wheeling thespian life with todays Groupon to New W', '', ''),
('groupbuy_deal', 116, 'New Deals -  1311516753', 'Live theatre tends to be more thrilling than film, largely due to the heightened odds of seeing someone flub a line or deliver a stirring monologue while sitting in your lap. Vicariously live the free-wheeling thespian life with todays Groupon to New W', '', ''),
('groupbuy_deal', 117, 'New Deals -  1311516754', 'Live theatre tends to be more thrilling than film, largely due to the heightened odds of seeing someone flub a line or deliver a stirring monologue while sitting in your lap. Vicariously live the free-wheeling thespian life with todays Groupon to New W', '', ''),
('groupbuy_deal', 118, 'New Deals -  1311516754', 'Live theatre tends to be more thrilling than film, largely due to the heightened odds of seeing someone flub a line or deliver a stirring monologue while sitting in your lap. Vicariously live the free-wheeling thespian life with todays Groupon to New W', '', ''),
('groupbuy_deal', 119, 'New Deals -  1311516754', 'Live theatre tends to be more thrilling than film, largely due to the heightened odds of seeing someone flub a line or deliver a stirring monologue while sitting in your lap. Vicariously live the free-wheeling thespian life with todays Groupon to New W', '', ''),
('groupbuy_deal', 120, 'New Deals -  1311516754', 'Live theatre tends to be more thrilling than film, largely due to the heightened odds of seeing someone flub a line or deliver a stirring monologue while sitting in your lap. Vicariously live the free-wheeling thespian life with todays Groupon to New W', '', ''),
('groupbuy_deal', 121, 'New Deals -  1311516754', 'Live theatre tends to be more thrilling than film, largely due to the heightened odds of seeing someone flub a line or deliver a stirring monologue while sitting in your lap. Vicariously live the free-wheeling thespian life with todays Groupon to New W', '', ''),
('groupbuy_deal', 122, 'New Deals -  1311516754', 'Live theatre tends to be more thrilling than film, largely due to the heightened odds of seeing someone flub a line or deliver a stirring monologue while sitting in your lap. Vicariously live the free-wheeling thespian life with todays Groupon to New W', '', ''),
('groupbuy_deal', 123, 'New Deals -  1311516754', 'Live theatre tends to be more thrilling than film, largely due to the heightened odds of seeing someone flub a line or deliver a stirring monologue while sitting in your lap. Vicariously live the free-wheeling thespian life with todays Groupon to New W', '', ''),
('groupbuy_deal', 124, 'New Deals -  1311516754', 'Live theatre tends to be more thrilling than film, largely due to the heightened odds of seeing someone flub a line or deliver a stirring monologue while sitting in your lap. Vicariously live the free-wheeling thespian life with todays Groupon to New W', '', ''),
('groupbuy_deal', 125, 'New Deals -  1311516754', 'Live theatre tends to be more thrilling than film, largely due to the heightened odds of seeing someone flub a line or deliver a stirring monologue while sitting in your lap. Vicariously live the free-wheeling thespian life with todays Groupon to New W', '', ''),
('groupbuy_deal', 126, 'New Deals -  1311516754', 'Live theatre tends to be more thrilling than film, largely due to the heightened odds of seeing someone flub a line or deliver a stirring monologue while sitting in your lap. Vicariously live the free-wheeling thespian life with todays Groupon to New W', '', ''),
('groupbuy_deal', 127, 'New Deals -  1311516754', 'Live theatre tends to be more thrilling than film, largely due to the heightened odds of seeing someone flub a line or deliver a stirring monologue while sitting in your lap. Vicariously live the free-wheeling thespian life with todays Groupon to New W', '', ''),
('groupbuy_deal', 128, 'New Deals -  1311516754', 'Live theatre tends to be more thrilling than film, largely due to the heightened odds of seeing someone flub a line or deliver a stirring monologue while sitting in your lap. Vicariously live the free-wheeling thespian life with todays Groupon to New W', '', ''),
('groupbuy_deal', 129, 'New Deals -  1311516755', 'Live theatre tends to be more thrilling than film, largely due to the heightened odds of seeing someone flub a line or deliver a stirring monologue while sitting in your lap. Vicariously live the free-wheeling thespian life with todays Groupon to New W', '', ''),
('groupbuy_deal', 130, 'New Deals -  1311516755', 'Live theatre tends to be more thrilling than film, largely due to the heightened odds of seeing someone flub a line or deliver a stirring monologue while sitting in your lap. Vicariously live the free-wheeling thespian life with todays Groupon to New W', '', ''),
('groupbuy_deal', 131, 'New Deals -  1311516755', 'Live theatre tends to be more thrilling than film, largely due to the heightened odds of seeing someone flub a line or deliver a stirring monologue while sitting in your lap. Vicariously live the free-wheeling thespian life with todays Groupon to New W', '', ''),
('groupbuy_deal', 132, 'New Deals -  1311516755', 'Live theatre tends to be more thrilling than film, largely due to the heightened odds of seeing someone flub a line or deliver a stirring monologue while sitting in your lap. Vicariously live the free-wheeling thespian life with todays Groupon to New W', '', ''),
('groupbuy_deal', 133, 'New Deals -  1311516755', 'Live theatre tends to be more thrilling than film, largely due to the heightened odds of seeing someone flub a line or deliver a stirring monologue while sitting in your lap. Vicariously live the free-wheeling thespian life with todays Groupon to New W', '', ''),
('groupbuy_deal', 134, 'New Deals -  1311516755', 'Live theatre tends to be more thrilling than film, largely due to the heightened odds of seeing someone flub a line or deliver a stirring monologue while sitting in your lap. Vicariously live the free-wheeling thespian life with todays Groupon to New W', '', ''),
('groupbuy_deal', 135, 'New Deals -  1311516755', 'Live theatre tends to be more thrilling than film, largely due to the heightened odds of seeing someone flub a line or deliver a stirring monologue while sitting in your lap. Vicariously live the free-wheeling thespian life with todays Groupon to New W', '', ''),
('groupbuy_deal', 136, 'New Deals -  1311516755', 'Live theatre tends to be more thrilling than film, largely due to the heightened odds of seeing someone flub a line or deliver a stirring monologue while sitting in your lap. Vicariously live the free-wheeling thespian life with todays Groupon to New W', '', ''),
('groupbuy_deal', 137, 'New Deals -  1311516755', 'Live theatre tends to be more thrilling than film, largely due to the heightened odds of seeing someone flub a line or deliver a stirring monologue while sitting in your lap. Vicariously live the free-wheeling thespian life with todays Groupon to New W', '', ''),
('groupbuy_deal', 138, 'New Deals -  1311516755', 'Live theatre tends to be more thrilling than film, largely due to the heightened odds of seeing someone flub a line or deliver a stirring monologue while sitting in your lap. Vicariously live the free-wheeling thespian life with todays Groupon to New W', '', ''),
('groupbuy_deal', 139, 'New Deals -  1311516755', 'Live theatre tends to be more thrilling than film, largely due to the heightened odds of seeing someone flub a line or deliver a stirring monologue while sitting in your lap. Vicariously live the free-wheeling thespian life with todays Groupon to New W', '', ''),
('groupbuy_deal', 140, 'New Deals -  1311516755', 'Live theatre tends to be more thrilling than film, largely due to the heightened odds of seeing someone flub a line or deliver a stirring monologue while sitting in your lap. Vicariously live the free-wheeling thespian life with todays Groupon to New W', '', ''),
('groupbuy_deal', 141, 'New Deals -  1311516755', 'Live theatre tends to be more thrilling than film, largely due to the heightened odds of seeing someone flub a line or deliver a stirring monologue while sitting in your lap. Vicariously live the free-wheeling thespian life with todays Groupon to New W', '', ''),
('groupbuy_deal', 142, 'New Deals -  1311516755', 'Live theatre tends to be more thrilling than film, largely due to the heightened odds of seeing someone flub a line or deliver a stirring monologue while sitting in your lap. Vicariously live the free-wheeling thespian life with todays Groupon to New W', '', ''),
('groupbuy_deal', 143, 'New Deals -  1311516755', 'Live theatre tends to be more thrilling than film, largely due to the heightened odds of seeing someone flub a line or deliver a stirring monologue while sitting in your lap. Vicariously live the free-wheeling thespian life with todays Groupon to New W', '', ''),
('groupbuy_deal', 144, 'New Deals -  1311516755', 'Live theatre tends to be more thrilling than film, largely due to the heightened odds of seeing someone flub a line or deliver a stirring monologue while sitting in your lap. Vicariously live the free-wheeling thespian life with todays Groupon to New W', '', ''),
('groupbuy_deal', 145, 'New Deals -  1311516755', 'Live theatre tends to be more thrilling than film, largely due to the heightened odds of seeing someone flub a line or deliver a stirring monologue while sitting in your lap. Vicariously live the free-wheeling thespian life with todays Groupon to New W', '', ''),
('groupbuy_deal', 146, 'New Deals -  1311516755', 'Live theatre tends to be more thrilling than film, largely due to the heightened odds of seeing someone flub a line or deliver a stirring monologue while sitting in your lap. Vicariously live the free-wheeling thespian life with todays Groupon to New W', '', ''),
('groupbuy_deal', 147, 'New Deals -  1311516756', 'Live theatre tends to be more thrilling than film, largely due to the heightened odds of seeing someone flub a line or deliver a stirring monologue while sitting in your lap. Vicariously live the free-wheeling thespian life with todays Groupon to New W', '', ''),
('groupbuy_deal', 148, 'New Deals -  1311516756', 'Live theatre tends to be more thrilling than film, largely due to the heightened odds of seeing someone flub a line or deliver a stirring monologue while sitting in your lap. Vicariously live the free-wheeling thespian life with todays Groupon to New W', '', ''),
('groupbuy_deal', 149, 'New Deals -  1311516756', 'Live theatre tends to be more thrilling than film, largely due to the heightened odds of seeing someone flub a line or deliver a stirring monologue while sitting in your lap. Vicariously live the free-wheeling thespian life with todays Groupon to New W', '', '');
INSERT INTO `engine4_core_search` (`type`, `id`, `title`, `description`, `keywords`, `hidden`) VALUES
('groupbuy_deal', 150, 'New Deals -  1311516756', 'Live theatre tends to be more thrilling than film, largely due to the heightened odds of seeing someone flub a line or deliver a stirring monologue while sitting in your lap. Vicariously live the free-wheeling thespian life with todays Groupon to New W', '', ''),
('groupbuy_deal', 151, 'New Deals -  1311516756', 'Live theatre tends to be more thrilling than film, largely due to the heightened odds of seeing someone flub a line or deliver a stirring monologue while sitting in your lap. Vicariously live the free-wheeling thespian life with todays Groupon to New W', '', ''),
('groupbuy_deal', 152, 'New Deals -  1311516756', 'Live theatre tends to be more thrilling than film, largely due to the heightened odds of seeing someone flub a line or deliver a stirring monologue while sitting in your lap. Vicariously live the free-wheeling thespian life with todays Groupon to New W', '', ''),
('groupbuy_deal', 153, 'New Deals -  1311516756', 'Live theatre tends to be more thrilling than film, largely due to the heightened odds of seeing someone flub a line or deliver a stirring monologue while sitting in your lap. Vicariously live the free-wheeling thespian life with todays Groupon to New W', '', ''),
('groupbuy_deal', 154, 'New Deals -  1311516756', 'Live theatre tends to be more thrilling than film, largely due to the heightened odds of seeing someone flub a line or deliver a stirring monologue while sitting in your lap. Vicariously live the free-wheeling thespian life with todays Groupon to New W', '', ''),
('groupbuy_deal', 155, 'New Deals -  1311516756', 'Live theatre tends to be more thrilling than film, largely due to the heightened odds of seeing someone flub a line or deliver a stirring monologue while sitting in your lap. Vicariously live the free-wheeling thespian life with todays Groupon to New W', '', ''),
('groupbuy_deal', 156, 'New Deals -  1311516756', 'Live theatre tends to be more thrilling than film, largely due to the heightened odds of seeing someone flub a line or deliver a stirring monologue while sitting in your lap. Vicariously live the free-wheeling thespian life with todays Groupon to New W', '', ''),
('groupbuy_deal', 157, 'New Deals -  1311516757', 'Live theatre tends to be more thrilling than film, largely due to the heightened odds of seeing someone flub a line or deliver a stirring monologue while sitting in your lap. Vicariously live the free-wheeling thespian life with todays Groupon to New W', '', ''),
('groupbuy_deal', 158, 'New Deals -  1311516757', 'Live theatre tends to be more thrilling than film, largely due to the heightened odds of seeing someone flub a line or deliver a stirring monologue while sitting in your lap. Vicariously live the free-wheeling thespian life with todays Groupon to New W', '', ''),
('groupbuy_deal', 159, 'New Deals -  1311516757', 'Live theatre tends to be more thrilling than film, largely due to the heightened odds of seeing someone flub a line or deliver a stirring monologue while sitting in your lap. Vicariously live the free-wheeling thespian life with todays Groupon to New W', '', ''),
('groupbuy_deal', 160, 'New Deals -  1311516757', 'Live theatre tends to be more thrilling than film, largely due to the heightened odds of seeing someone flub a line or deliver a stirring monologue while sitting in your lap. Vicariously live the free-wheeling thespian life with todays Groupon to New W', '', ''),
('groupbuy_deal', 161, 'New Deals -  1311516757', 'Live theatre tends to be more thrilling than film, largely due to the heightened odds of seeing someone flub a line or deliver a stirring monologue while sitting in your lap. Vicariously live the free-wheeling thespian life with todays Groupon to New W', '', ''),
('groupbuy_deal', 162, 'New Deals -  1311516757', 'Live theatre tends to be more thrilling than film, largely due to the heightened odds of seeing someone flub a line or deliver a stirring monologue while sitting in your lap. Vicariously live the free-wheeling thespian life with todays Groupon to New W', '', ''),
('groupbuy_deal', 163, 'New Deals -  1311516757', 'Live theatre tends to be more thrilling than film, largely due to the heightened odds of seeing someone flub a line or deliver a stirring monologue while sitting in your lap. Vicariously live the free-wheeling thespian life with todays Groupon to New W', '', ''),
('groupbuy_deal', 164, 'New Deals -  1311516757', 'Live theatre tends to be more thrilling than film, largely due to the heightened odds of seeing someone flub a line or deliver a stirring monologue while sitting in your lap. Vicariously live the free-wheeling thespian life with todays Groupon to New W', '', ''),
('groupbuy_deal', 165, 'New Deals -  1311516757', 'Live theatre tends to be more thrilling than film, largely due to the heightened odds of seeing someone flub a line or deliver a stirring monologue while sitting in your lap. Vicariously live the free-wheeling thespian life with todays Groupon to New W', '', ''),
('groupbuy_deal', 166, 'New Deals -  1311516757', 'Live theatre tends to be more thrilling than film, largely due to the heightened odds of seeing someone flub a line or deliver a stirring monologue while sitting in your lap. Vicariously live the free-wheeling thespian life with todays Groupon to New W', '', ''),
('groupbuy_deal', 167, 'New Deals -  1311516757', 'Live theatre tends to be more thrilling than film, largely due to the heightened odds of seeing someone flub a line or deliver a stirring monologue while sitting in your lap. Vicariously live the free-wheeling thespian life with todays Groupon to New W', '', ''),
('groupbuy_deal', 168, 'New Deals -  1311516757', 'Live theatre tends to be more thrilling than film, largely due to the heightened odds of seeing someone flub a line or deliver a stirring monologue while sitting in your lap. Vicariously live the free-wheeling thespian life with todays Groupon to New W', '', ''),
('groupbuy_deal', 169, 'New Deals -  1311516757', 'Live theatre tends to be more thrilling than film, largely due to the heightened odds of seeing someone flub a line or deliver a stirring monologue while sitting in your lap. Vicariously live the free-wheeling thespian life with todays Groupon to New W', '', ''),
('groupbuy_deal', 170, 'New Deals -  1311516757', 'Live theatre tends to be more thrilling than film, largely due to the heightened odds of seeing someone flub a line or deliver a stirring monologue while sitting in your lap. Vicariously live the free-wheeling thespian life with todays Groupon to New W', '', ''),
('groupbuy_deal', 171, 'New Deals -  1311516757', 'Live theatre tends to be more thrilling than film, largely due to the heightened odds of seeing someone flub a line or deliver a stirring monologue while sitting in your lap. Vicariously live the free-wheeling thespian life with todays Groupon to New W', '', ''),
('groupbuy_deal', 172, 'New Deals -  1311516757', 'Live theatre tends to be more thrilling than film, largely due to the heightened odds of seeing someone flub a line or deliver a stirring monologue while sitting in your lap. Vicariously live the free-wheeling thespian life with todays Groupon to New W', '', ''),
('groupbuy_deal', 173, 'New Deals -  1311516757', 'Live theatre tends to be more thrilling than film, largely due to the heightened odds of seeing someone flub a line or deliver a stirring monologue while sitting in your lap. Vicariously live the free-wheeling thespian life with todays Groupon to New W', '', ''),
('groupbuy_deal', 174, 'New Deals -  1311516757', 'Live theatre tends to be more thrilling than film, largely due to the heightened odds of seeing someone flub a line or deliver a stirring monologue while sitting in your lap. Vicariously live the free-wheeling thespian life with todays Groupon to New W', '', ''),
('groupbuy_deal', 175, 'New Deals -  1311516757', 'Live theatre tends to be more thrilling than film, largely due to the heightened odds of seeing someone flub a line or deliver a stirring monologue while sitting in your lap. Vicariously live the free-wheeling thespian life with todays Groupon to New W', '', ''),
('groupbuy_deal', 176, 'New Deals -  1311516757', 'Live theatre tends to be more thrilling than film, largely due to the heightened odds of seeing someone flub a line or deliver a stirring monologue while sitting in your lap. Vicariously live the free-wheeling thespian life with todays Groupon to New W', '', ''),
('groupbuy_deal', 177, 'New Deals -  1311516758', 'Live theatre tends to be more thrilling than film, largely due to the heightened odds of seeing someone flub a line or deliver a stirring monologue while sitting in your lap. Vicariously live the free-wheeling thespian life with todays Groupon to New W', '', ''),
('groupbuy_deal', 178, 'New Deals -  1311516758', 'Live theatre tends to be more thrilling than film, largely due to the heightened odds of seeing someone flub a line or deliver a stirring monologue while sitting in your lap. Vicariously live the free-wheeling thespian life with todays Groupon to New W', '', ''),
('groupbuy_deal', 179, 'New Deals -  1311516758', 'Live theatre tends to be more thrilling than film, largely due to the heightened odds of seeing someone flub a line or deliver a stirring monologue while sitting in your lap. Vicariously live the free-wheeling thespian life with todays Groupon to New W', '', ''),
('groupbuy_deal', 180, 'New Deals -  1311516758', 'Live theatre tends to be more thrilling than film, largely due to the heightened odds of seeing someone flub a line or deliver a stirring monologue while sitting in your lap. Vicariously live the free-wheeling thespian life with todays Groupon to New W', '', ''),
('groupbuy_deal', 181, 'New Deals -  1311516758', 'Live theatre tends to be more thrilling than film, largely due to the heightened odds of seeing someone flub a line or deliver a stirring monologue while sitting in your lap. Vicariously live the free-wheeling thespian life with todays Groupon to New W', '', ''),
('groupbuy_deal', 182, 'New Deals -  1311516758', 'Live theatre tends to be more thrilling than film, largely due to the heightened odds of seeing someone flub a line or deliver a stirring monologue while sitting in your lap. Vicariously live the free-wheeling thespian life with todays Groupon to New W', '', ''),
('groupbuy_deal', 183, 'New Deals -  1311516758', 'Live theatre tends to be more thrilling than film, largely due to the heightened odds of seeing someone flub a line or deliver a stirring monologue while sitting in your lap. Vicariously live the free-wheeling thespian life with todays Groupon to New W', '', ''),
('groupbuy_deal', 184, 'New Deals -  1311516758', 'Live theatre tends to be more thrilling than film, largely due to the heightened odds of seeing someone flub a line or deliver a stirring monologue while sitting in your lap. Vicariously live the free-wheeling thespian life with todays Groupon to New W', '', ''),
('groupbuy_deal', 185, 'New Deals -  1311516758', 'Live theatre tends to be more thrilling than film, largely due to the heightened odds of seeing someone flub a line or deliver a stirring monologue while sitting in your lap. Vicariously live the free-wheeling thespian life with todays Groupon to New W', '', ''),
('groupbuy_deal', 186, 'New Deals -  1311516758', 'Live theatre tends to be more thrilling than film, largely due to the heightened odds of seeing someone flub a line or deliver a stirring monologue while sitting in your lap. Vicariously live the free-wheeling thespian life with todays Groupon to New W', '', ''),
('groupbuy_deal', 187, 'New Deals -  1311516758', 'Live theatre tends to be more thrilling than film, largely due to the heightened odds of seeing someone flub a line or deliver a stirring monologue while sitting in your lap. Vicariously live the free-wheeling thespian life with todays Groupon to New W', '', ''),
('groupbuy_deal', 188, 'New Deals -  1311516758', 'Live theatre tends to be more thrilling than film, largely due to the heightened odds of seeing someone flub a line or deliver a stirring monologue while sitting in your lap. Vicariously live the free-wheeling thespian life with todays Groupon to New W', '', ''),
('groupbuy_deal', 189, 'New Deals -  1311516758', 'Live theatre tends to be more thrilling than film, largely due to the heightened odds of seeing someone flub a line or deliver a stirring monologue while sitting in your lap. Vicariously live the free-wheeling thespian life with todays Groupon to New W', '', ''),
('groupbuy_deal', 190, 'New Deals -  1311516758', 'Live theatre tends to be more thrilling than film, largely due to the heightened odds of seeing someone flub a line or deliver a stirring monologue while sitting in your lap. Vicariously live the free-wheeling thespian life with todays Groupon to New W', '', ''),
('groupbuy_deal', 191, 'New Deals -  1311516758', 'Live theatre tends to be more thrilling than film, largely due to the heightened odds of seeing someone flub a line or deliver a stirring monologue while sitting in your lap. Vicariously live the free-wheeling thespian life with todays Groupon to New W', '', ''),
('groupbuy_deal', 192, 'New Deals -  1311516758', 'Live theatre tends to be more thrilling than film, largely due to the heightened odds of seeing someone flub a line or deliver a stirring monologue while sitting in your lap. Vicariously live the free-wheeling thespian life with todays Groupon to New W', '', ''),
('groupbuy_deal', 193, 'New Deals -  1311516758', 'Live theatre tends to be more thrilling than film, largely due to the heightened odds of seeing someone flub a line or deliver a stirring monologue while sitting in your lap. Vicariously live the free-wheeling thespian life with todays Groupon to New W', '', ''),
('groupbuy_deal', 194, 'New Deals -  1311516758', 'Live theatre tends to be more thrilling than film, largely due to the heightened odds of seeing someone flub a line or deliver a stirring monologue while sitting in your lap. Vicariously live the free-wheeling thespian life with todays Groupon to New W', '', ''),
('groupbuy_deal', 195, 'New Deals -  1311516759', 'Live theatre tends to be more thrilling than film, largely due to the heightened odds of seeing someone flub a line or deliver a stirring monologue while sitting in your lap. Vicariously live the free-wheeling thespian life with todays Groupon to New W', '', ''),
('groupbuy_deal', 196, 'New Deals -  1311516759', 'Live theatre tends to be more thrilling than film, largely due to the heightened odds of seeing someone flub a line or deliver a stirring monologue while sitting in your lap. Vicariously live the free-wheeling thespian life with todays Groupon to New W', '', ''),
('groupbuy_deal', 197, 'New Deals -  1311516759', 'Live theatre tends to be more thrilling than film, largely due to the heightened odds of seeing someone flub a line or deliver a stirring monologue while sitting in your lap. Vicariously live the free-wheeling thespian life with todays Groupon to New W', '', ''),
('groupbuy_deal', 198, 'New Deals -  1311516759', 'Live theatre tends to be more thrilling than film, largely due to the heightened odds of seeing someone flub a line or deliver a stirring monologue while sitting in your lap. Vicariously live the free-wheeling thespian life with todays Groupon to New W', '', ''),
('groupbuy_deal', 199, 'New Deals -  1311516759', 'Live theatre tends to be more thrilling than film, largely due to the heightened odds of seeing someone flub a line or deliver a stirring monologue while sitting in your lap. Vicariously live the free-wheeling thespian life with todays Groupon to New W', '', ''),
('groupbuy_deal', 200, 'New Deals -  1311516759', 'Live theatre tends to be more thrilling than film, largely due to the heightened odds of seeing someone flub a line or deliver a stirring monologue while sitting in your lap. Vicariously live the free-wheeling thespian life with todays Groupon to New W', '', ''),
('groupbuy_deal', 201, 'New Deals -  1311516759', 'Live theatre tends to be more thrilling than film, largely due to the heightened odds of seeing someone flub a line or deliver a stirring monologue while sitting in your lap. Vicariously live the free-wheeling thespian life with todays Groupon to New W', '', ''),
('groupbuy_deal', 202, 'New Deals -  1311516759', 'Live theatre tends to be more thrilling than film, largely due to the heightened odds of seeing someone flub a line or deliver a stirring monologue while sitting in your lap. Vicariously live the free-wheeling thespian life with todays Groupon to New W', '', ''),
('groupbuy_deal', 203, 'New Deals -  1311516759', 'Live theatre tends to be more thrilling than film, largely due to the heightened odds of seeing someone flub a line or deliver a stirring monologue while sitting in your lap. Vicariously live the free-wheeling thespian life with todays Groupon to New W', '', ''),
('groupbuy_deal', 204, 'New Deals -  1311516759', 'Live theatre tends to be more thrilling than film, largely due to the heightened odds of seeing someone flub a line or deliver a stirring monologue while sitting in your lap. Vicariously live the free-wheeling thespian life with todays Groupon to New W', '', ''),
('groupbuy_deal', 205, 'New Deals -  1311516759', 'Live theatre tends to be more thrilling than film, largely due to the heightened odds of seeing someone flub a line or deliver a stirring monologue while sitting in your lap. Vicariously live the free-wheeling thespian life with todays Groupon to New W', '', ''),
('groupbuy_deal', 206, 'New Deals -  1311516759', 'Live theatre tends to be more thrilling than film, largely due to the heightened odds of seeing someone flub a line or deliver a stirring monologue while sitting in your lap. Vicariously live the free-wheeling thespian life with todays Groupon to New W', '', ''),
('groupbuy_location', 5, 'USA', '', '', ''),
('groupbuy_location', 6, 'St. John''s', '', '', ''),
('groupbuy_location', 7, 'aaa', '', '', ''),
('groupbuy_location', 8, 'xxx', '', '', ''),
('groupbuy_location', 9, 'aaa', '', '', ''),
('groupbuy_location', 10, 'xxx', '', '', ''),
('groupbuy_location', 11, 'ddd', '', '', ''),
('groupbuy_location', 12, 'kkk', '', '', ''),
('groupbuy_location', 13, 'tt', '', '', ''),
('user', 47, 'Nam Nguyen', '', '', ''),
('groupbuy_location', 14, 'Nha Trang', '', '', ''),
('groupbuy_location', 15, 'ha noi 1', '', '', ''),
('groupbuy_location', 16, 'ha noi2', '', '', ''),
('groupbuy_location', 17, 'hn 3', '', '', ''),
('groupbuy_location', 18, 'hn 4', '', '', ''),
('groupbuy_album', 7, 'Moonrise Hotel  St. Louis, Missouri', '', '', ''),
('groupbuy_category', 6, 'Events', '', '', ''),
('groupbuy_category', 7, 'Bars and clubs', '', '', ''),
('user', 48, 'kieuanh dang', '', '', ''),
('groupbuy_deal', 207, 'One of the best new of year. Discount 80% for enjoying meals at', 'It&rsquo;s no secret that restaurants enjoy huge markups on certain items: Coffee, tea and sodas, for example, typically cost restaurants 15 to 20 cents per serving, and pasta, which costs pennies, can be dressed up with more expensive fare and sold for $', '', ''),
('groupbuy_deal', 208, 'One of the best new of year. Discount 80% for enjoying meals at', 'It&rsquo;s no secret that restaurants enjoy huge markups on certain items: Coffee, tea and sodas, for example, typically cost restaurants 15 to 20 cents per serving, and pasta, which costs pennies, can be dressed up with more expensive fare and sold for $', '', ''),
('groupbuy_album', 8, 'The Clayground Ceramic Painting Studio  The Clayground', '', '', ''),
('groupbuy_category', 8, 'Cafes, dessert, and bakeries', '', '', ''),
('groupbuy_album', 9, 'START Fitness  Pacific Heights', '', '', ''),
('groupbuy_album', 10, 'Opus Hotel Montreal  Montreal, Quebec, Canada', '', '', ''),
('groupbuy_deal', 209, 'yreydg', '12', '', ''),
('groupbuy_album', 11, 'Test Deal', '', '', ''),
('groupbuy_deal', 210, 'tranh', '&aacute;', '', ''),
('groupbuy_album', 12, 'Festival Opera  Lesher Center for the Arts', '', '', ''),
('groupbuy_deal', 211, 'tranh', '&aacute;', '', ''),
('groupbuy_deal', 212, 'sfdsf', 'gdsgsd', '', ''),
('groupbuy_album', 13, 'Artistic Esthetic Spa  Central London', '', '', ''),
('groupbuy_deal', 213, 'cbcvb', 'bxcbxb', '', ''),
('groupbuy_album', 14, 'Tien Deal 1', '', '', ''),
('user', 1, 'admin', '', '', ''),
('groupbuy_deal', 214, 'At Restaurant vouchers Uk There are cool collection of Restaura', 'You can find restaurant vouchers UK for some of the places you&rsquo;ve always wanted to try. Various websites are dedicated to providing customers with access to online vouchers. Usually, these can be easily printed off and redeemed in the respective res', '', ''),
('groupbuy_album', 15, 'Sutter Dental  San Francisco', '', '', ''),
('groupbuy_deal', 215, 'Minh test', 'Before purification systems, the only way to get a glass of pure water was to squeeze out a particularly spongy cloud or tickle Mother Earth to tears. Acquire water while leaving nature alone with today''s Groupon: for $29, you get a five-gallon water bo..', '', ''),
('groupbuy_album', 16, 'Elements Therapeutic Massage  Multiple Locations', '', '', ''),
('groupbuy_deal', 216, 'kdskgjdsk', 'fdfsa', '', ''),
('groupbuy_album', 17, 'kdskgjdsk', '', '', ''),
('groupbuy_deal', 217, 'hoa anh dao', 'qx', '', ''),
('groupbuy_album', 18, 'kdskgjdsk', '', '', ''),
('groupbuy_album', 19, 'New Deals -  1311516696', '', '', ''),
('user', 49, 'ko thm ko thm thom keo thom keo thom', '', '', ''),
('user', 50, 'Minh Nguyen', '', '', ''),
('groupbuy_deal', 218, 'test', '11', '', ''),
('groupbuy_album', 20, 'test', '', '', ''),
('groupbuy_deal', 219, 'namnv Test Deal 1', 'test deal -Description -&nbsp; 1', '', ''),
('groupbuy_album', 21, 'namnv Test Deal 1', '', '', ''),
('groupbuy_deal', 220, 'Prison Restaurant in Tokyo', 'This unusual restaurant in Auckland, New Zealand was designed by Peter Eising and Lucy Gauntlett from Pacific Environments Architects.', '', ''),
('groupbuy_album', 22, 'Prison Restaurant in Tokyo', '', '', ''),
('groupbuy_deal', 221, 'lost', 'sa', '', ''),
('groupbuy_album', 23, 'lost', '', '', ''),
('groupbuy_album', 24, 'New Deals -  1311516759', '', '', ''),
('groupbuy_deal', 222, 'ha noi', 'beautyful', '', ''),
('groupbuy_album', 25, 'ha noi', '', '', ''),
('groupbuy_album', 26, 'New Deals -  1311516758', '', '', ''),
('groupbuy_deal', 223, 'Food', 'five five', '', ''),
('groupbuy_album', 27, 'Food', '', '', ''),
('groupbuy_deal', 224, 'Kien  test deal', 'Post A New Deal\r\nCompose your new deal below, then click "Post Deal" to publish deal.\r\nPost A New Deal\r\nCompose your new deal below, then click "Post Deal" to publish deal.\r\nPost A New Deal\r\nCompose your new deal below, then click "Post Deal" to publish d', '', ''),
('groupbuy_album', 28, 'Kien  test deal', '', '', ''),
('groupbuy_deal', 225, 'Picture It On Canvas  Online Deal', 'asdfsadf', '', ''),
('groupbuy_album', 29, 'Picture It On Canvas  Online Deal', '', '', ''),
('groupbuy_deal', 226, 'Kien test 2', 'Compose your new deal below, then click "Post Deal" to publish deal.Compose your new deal below, then click "Post Deal" to publish deal.Compose your new deal below, then click "Post Deal" to publish deal.Compose your new deal below, then click "Post Deal"', '', ''),
('groupbuy_album', 30, 'Kien test 2', '', '', ''),
('groupbuy_deal', 227, 'Ban Nha', 'b&aacute;n nh&agrave;, c&oacute; mt ng&ocirc;i nh&agrave; cn b&aacute;n', '', ''),
('groupbuy_deal', 228, '''', '''', '', ''),
('groupbuy_album', 31, '''', '', '', ''),
('groupbuy_deal', 229, 'ttttttttttttttttest', 'sdfdgfdg', '', ''),
('groupbuy_album', 32, 'ttttttttttttttttest', '', '', ''),
('user', 51, 'Vitamin Nguyen', '', '', ''),
('groupbuy_deal', 230, 'Emeraude Cruise - Halong Bay 2days/1night', '', '', ''),
('groupbuy_album', 33, 'Emeraude Cruise - Halong Bay 2days/1night', '', '', ''),
('groupbuy_deal', 231, 'test', 'zxc', '', ''),
('groupbuy_deal', 232, 'test time', 'zxc', '', ''),
('user', 52, 'candy candy', '', '', ''),
('groupbuy_deal', 233, 'new test', 'sdsdgs', '', ''),
('groupbuy_deal', 234, 'gjgf', 'dgd', '', ''),
('groupbuy_album', 34, 'new test', '', '', ''),
('groupbuy_album', 35, 'test', '', '', ''),
('groupbuy_deal', 235, 'test test test', 'xvzcvx', '', ''),
('groupbuy_album', 36, 'test test test', '', '', ''),
('groupbuy_album', 37, 'test time', '', '', ''),
('groupbuy_location', 19, 'hanoi3', '', '', ''),
('groupbuy_location', 20, 'vzxbvzv', '', '', ''),
('groupbuy_location', 21, 'zxvzx', '', '', ''),
('groupbuy_location', 22, 'zxvzx', '', '', ''),
('groupbuy_location', 23, 'zxvzx', '', '', ''),
('groupbuy_location', 24, 'vung tau', '', '', ''),
('groupbuy_deal', 236, 'dsad', 'safas', '', ''),
('groupbuy_album', 38, 'dsad', '', '', ''),
('groupbuy_category', 9, 'Casual restaurants', '', '', ''),
('groupbuy_deal', 237, 'ka test', 'Tommy Girl &ndash; Nc Hoa Phong C&aacute;ch Cho Bn N Trong M&ugrave;a H&egrave;. Voucher Gim 46% Ch C&ograve;n 245.000 Cho Gi&aacute; Tr S Dng 450.000, Ch C&oacute; Ti Hotdeal.vn.', '', ''),
('groupbuy_album', 39, 'ka test', '', '', ''),
('groupbuy_deal', 238, 'tutru', 'gjgc', '', ''),
('groupbuy_deal', 239, 'building', 'sdgsdg', '', ''),
('groupbuy_album', 40, 'building', '', '', ''),
('groupbuy_deal', 240, 'ryrey', 'fdgd', '', ''),
('groupbuy_album', 41, 'ryrey', '', '', ''),
('groupbuy_deal', 241, 'fdsfsd', 'sdfsdf', '', ''),
('groupbuy_album', 42, 'fdsfsd', '', '', ''),
('groupbuy_album', 43, 'tutru', '', '', ''),
('user', 53, 'linda linda', '', '', ''),
('groupbuy_deal', 242, 'test ka', 'xzvz', '', ''),
('groupbuy_deal', 243, 'ka test test', 'hok bik', '', ''),
('groupbuy_album', 44, 'ka test test', '', '', ''),
('user', 54, 'kien lam 1', '', '', ''),
('groupbuy_deal', 244, 'Sai Gon Hotel', 'Sai gon hotel', '', ''),
('groupbuy_album', 45, 'Sai Gon Hotel', '', '', ''),
('groupbuy_deal', 245, 'Test1', 'Test1 Test1 Test1 Test1 Test1 Test1 Test1 Test1 Test1 Test1 Test1 Test1 Test1 Test1 Test1 Test1 Test1 Test1 Test1 Test1 Test1 Test1', '', ''),
('user', 55, 'Nam Nguyen', '', '', ''),
('groupbuy_deal', 246, 'Minh test 2', '11', '', ''),
('groupbuy_album', 46, 'Test1', '', '', ''),
('groupbuy_deal', 247, 'Saigon hotel 2', 'Saigon hotel 2Saigon hotel 2Saigon hotel 2Saigon hotel 2Saigon hotel 2Saigon hotel 2Saigon hotel 2Saigon hotel 2Saigon hotel 2Saigon hotel 2Saigon hotel 2Saigon hotel 2Saigon hotel 2Saigon hotel 2', '', ''),
('groupbuy_album', 47, 'Saigon hotel 2', '', '', ''),
('groupbuy_deal', 248, 'Test Free deal', 'Test Free dealTest Free dealTest Free dealTest Free dealTest Free dealTest Free dealTest Free dealTest Free dealTest Free dealTest Free dealTest Free dealTest Free dealTest Free dealTest Free dealTest Free dealTest Free dealvv', '', ''),
('groupbuy_album', 48, 'Test Free deal', '', '', ''),
('groupbuy_deal', 249, 'free quang cao', 'free quang caofree quang caofree quang caofree quang caofree quang caofree quang caofree quang caofree quang caofree quang caofree quang caofree quang caofree quang caofree quang caofree quang caofree quang caofree quang caofree quang caofree quang caofre', '', ''),
('groupbuy_album', 49, 'free quang cao', '', '', ''),
('user', 56, 'kienlt kienlt', '', '', ''),
('groupbuy_location', 25, 'Q1', '', '', ''),
('groupbuy_location', 26, 'Q2', '', '', ''),
('groupbuy_location', 27, 'P1', '', '', ''),
('groupbuy_location', 28, 'P2', '', '', ''),
('groupbuy_location', 29, 'Ap1', '', '', ''),
('groupbuy_deal', 250, 'Free lan 5', 'Free lan 5Free lan 5Free lan 5Free lan 5Free lan 5Free lan 5Free lan 5Free lan 5Free lan 5Free lan 5Free lan 5Free lan 5Free lan 5Free lan 5Free lan 5Free lan 5Free lan 5Free lan 5Free lan 5Free lan 5Free lan 5Free lan 5Free lan 5Free lan 5Free lan 5Free ', '', ''),
('groupbuy_album', 50, 'Free lan 5', '', '', ''),
('groupbuy_deal', 251, 'Test lan 5', 'Test lan 5Test lan 5Test lan 5Test lan 5Test lan 5Test lan 5Test lan 5Test lan 5Test lan 5Test lan 5Test lan 5Test lan 5Test lan 5Test lan 5Test lan 5Test lan 5Test lan 5Test lan 5Test lan 5Test lan 5Test lan 5Test lan 5Test lan 5Test lan 5Test lan 5Test ', '', ''),
('groupbuy_album', 51, 'Test lan 5', '', '', ''),
('groupbuy_deal', 252, 'Test lan 6', 'Test lan 6Test lan 6Test lan 6Test lan 6Test lan 6Test lan 6Test lan 6Test lan 6Test lan 6Test lan 6Test lan 6Test lan 6Test lan 6Test lan 6Test lan 6Test lan 6Test lan 6Test lan 6Test lan 6Test lan 6Test lan 6Test lan 6Test lan 6Test lan 6Test lan 6Test ', '', ''),
('groupbuy_album', 52, 'Test lan 6', '', '', ''),
('groupbuy_deal', 253, 'thu lai deal lan nua', 'thu lai deal lan nuathu lai deal lan nuathu lai deal lan nuathu lai deal lan nuathu lai deal lan nuathu lai deal lan nuathu lai deal lan nuathu lai deal lan nuathu lai deal lan nuathu lai deal lan nuathu lai deal lan nuathu lai deal lan nuathu lai deal la', '', ''),
('groupbuy_album', 53, 'thu lai deal lan nua', '', '', ''),
('groupbuy_deal', 254, 'Test lan 9', 'Test lan 9Test lan 9Test lan 9Test lan 9Test lan 9Test lan 9Test lan 9Test lan 9Test lan 9Test lan 9Test lan 9Test lan 9Test lan 9Test lan 9Test lan 9Test lan 9Test lan 9Test lan 9Test lan 9Test lan 9Test lan 9Test lan 9Test lan 9Test lan 9Test lan 9Test ', '', ''),
('groupbuy_album', 54, 'Test lan 9', '', '', ''),
('user', 57, 'linh linh', '', '', ''),
('groupbuy_deal', 255, 'Test tao email', 'Test tao emailTest tao emailTest tao emailTest tao emailTest tao emailTest tao emailTest tao emailTest tao emailTest tao emailTest tao emailTest tao emailTest tao emailTest tao emailTest tao emailTest tao emailTest tao emailTest tao emailTest tao emailTes', '', ''),
('groupbuy_deal', 256, 'Test Deal lan 7', 'test test tesr tsr tstst g rrgrggrg re ge\r\n&nbsp;', '', ''),
('groupbuy_album', 55, 'Test Deal lan 7', '', '', ''),
('groupbuy_deal', 257, 'dfadfas', 'adfasdf', '', ''),
('groupbuy_album', 56, 'dfadfas', '', '', ''),
('groupbuy_deal', 258, 'dfadfas', 'adfasdf', '', ''),
('groupbuy_album', 57, 'test ka', '', '', ''),
('user', 58, 'trio triodtk', '', '', ''),
('groupbuy_deal', 259, 'n nng m v gi mt, tri nghim khng gian caf c tch TIN', 'C&aacute;i t&ecirc;n &ldquo;Tino&rdquo; trong TINO GARDEN xut ph&aacute;t t t&ecirc;n mt nh&acirc;n vt trong truyn c t&iacute;ch &ndash; &oacute; l&agrave; cu b&eacute; ngi g Buratin&ocirc; - cu b&eacute; y ngh l', '', ''),
('groupbuy_album', 58, 'n nng m v gi mt, tri nghim khng gian caf c tch TIN', '', '', ''),
('groupbuy_location', 30, 'xa1', '', '', ''),
('groupbuy_location', 31, 'thon1', '', '', ''),
('groupbuy_location', 32, 'nha1', '', '', ''),
('groupbuy_category', 10, 'Fine dining', '', '', ''),
('groupbuy_deal', 260, 'Deal 1 hinh', 'Compose your new deal below, then click "Post Deal" to publish deal.Compose your new deal below, then click "Post Deal" to publish deal.Compose your new deal below, then click "Post Deal" to publish deal.Compose your new deal below, then click "Post Deal"', '', ''),
('groupbuy_album', 59, 'Deal 1 hinh', '', '', ''),
('groupbuy_location', 33, 'NhaTrang 1', '', '', ''),
('groupbuy_location', 34, 'Nha trang 1.2', '', '', ''),
('groupbuy_deal', 261, 'test create deal by nam nguyen', 'Nhng m&oacute;ng tay d&ugrave; b&eacute; nh nhng lu&ocirc;n c ngm hiu l&agrave; bng chng cho s chn chu, t mn trong vic chm s&oacute;c sc p ca c&aacute;c ng&ocirc;i sao. B m&oacute;ng trng tro', '', ''),
('groupbuy_album', 60, 'test create deal by nam nguyen', '', '', ''),
('groupbuy_deal', 262, 'Post 3 trieu', 'Post 3 trieuPost 3 trieuPost 3 trieuPost 3 trieuPost 3 trieuPost 3 trieuPost 3 trieuPost 3 trieuPost 3 trieuPost 3 trieuPost 3 trieuPost 3 trieuPost 3 trieuPost 3 trieuPost 3 trieuPost 3 trieuPost 3 trieuPost 3 trieuPost 3 trieuPost 3 trieuPost 3 trieuPos', '', ''),
('groupbuy_album', 61, 'Post 3 trieu', '', '', ''),
('user', 59, 'lsc kien', '', '', ''),
('groupbuy_deal', 263, 'test tao email', 'Post A New Deal\r\nCompose your new deal below, then click "Post Deal" to publish deal.', '', ''),
('groupbuy_album', 62, 'test tao email', '', '', ''),
('groupbuy_deal', 264, 'Minh test', '11', '', ''),
('groupbuy_album', 63, 'Minh test', '', '', ''),
('groupbuy_category', 11, 'Meal preparation and delivery', '', '', ''),
('groupbuy_location', 35, 'Nha Trang 1', '', '', ''),
('groupbuy_deal', 265, 'ca4nht1', 'Post A New Deal\r\nCompose your new deal below, then click "Post Deal" to publish deal.\r\n&nbsp;', '', ''),
('groupbuy_album', 64, 'ca4nht1', '', '', ''),
('groupbuy_deal', 266, 'Mua deal bang paypal', 'Post A New Deal\r\nCompose your new deal below, then click "Post Deal" to publish deal.', '', ''),
('groupbuy_album', 65, 'Mua deal bang paypal', '', '', ''),
('groupbuy_deal', 267, 'Deal goi ngay hom nay 1', 'Deal goi ngay hom nay 1Deal goi ngay hom nay 1Deal goi ngay hom nay 1Deal goi ngay hom nay 1Deal goi ngay hom nay 1Deal goi ngay hom nay 1Deal goi ngay hom nay 1Deal goi ngay hom nay 1Deal goi ngay hom nay 1Deal goi ngay hom nay 1Deal goi ngay hom nay 1De', '', ''),
('groupbuy_album', 66, 'Deal goi ngay hom nay 1', '', '', ''),
('groupbuy_deal', 268, 'Deal goi ngay hom nay 2', 'Post A New Deal\r\nCompose your new deal below, then click "Post Deal" to publish deal.\r\nPost A New Deal\r\nCompose your new deal below, then click "Post Deal" to publish deal.\r\nPost A New Deal\r\nCompose your new deal below, then click "Post Deal" to publish d', '', ''),
('groupbuy_album', 67, 'Deal goi ngay hom nay 2', '', '', ''),
('groupbuy_deal', 269, 'Deal goi ngay hom nay 2 category 3.1', 'Post A New Deal\r\nCompose your new deal below, then click "Post Deal" to publish deal.\r\nPost A New Deal\r\nCompose your new deal below, then click "Post Deal" to publish deal.\r\nPost A New Deal\r\nCompose your new deal below, then click "Post Deal" to publish d', '', ''),
('groupbuy_album', 68, 'Deal goi ngay hom nay 2 category 3.1', '', '', ''),
('groupbuy_deal', 270, 'Deal goi ngay hom nay tinh khac', 'Post A New Deal\r\nCompose your new deal below, then click "Post Deal" to publish deal.', '', ''),
('groupbuy_album', 69, 'Deal goi ngay hom nay tinh khac', '', '', ''),
('groupbuy_album', 70, 'New Deals -  1311516759', '', '', ''),
('groupbuy_album', 71, 'New Deals -  1311516759', '', '', ''),
('groupbuy_deal', 271, 'Deal thu 3', 'Post A New Deal\r\nCompose your new deal below, then click "Post Deal" to publish deal.\r\nPost A New Deal\r\nCompose your new deal below, then click "Post Deal" to publish deal.\r\nPost A New Deal\r\nCompose your new deal below, then click "Post Deal" to publish d', '', ''),
('groupbuy_album', 72, 'Deal thu 3', '', '', ''),
('groupbuy_deal', 272, 'Deal thu 3 2', 'Post A New Deal\r\nCompose your new deal below, then click "Post Deal" to publish deal.\r\nPost A New Deal\r\nCompose your new deal below, then click "Post Deal" to publish deal.\r\nPost A New Deal\r\nCompose your new deal below, then click "Post Deal" to publish d', '', ''),
('groupbuy_album', 73, 'Deal thu 3 2', '', '', ''),
('groupbuy_location', 36, 'HUE', '', '', ''),
('groupbuy_deal', 273, 'tetetetetetet', 'fdsfsd', '', ''),
('groupbuy_album', 74, 'tetetetetetet', '', '', ''),
('groupbuy_deal', 274, 'ttttttttttttt', '&nbsp;sdgsd sdgsd gd', '', ''),
('groupbuy_album', 75, 'ttttttttttttt', '', '', ''),
('groupbuy_deal', 275, 'Test cron Job', 'Post A New Deal\r\nCompose your new deal below, then click "Post Deal" to publish deal.\r\nPost A New Deal\r\nCompose your new deal below, then click "Post Deal" to publish deal.\r\nPost A New Deal\r\nCompose your new deal below, then click "Post Deal" to publish d', '', ''),
('groupbuy_album', 76, 'Test cron Job', '', '', ''),
('groupbuy_deal', 276, 'ghgbdc', 'gsdgsdg', '', ''),
('groupbuy_album', 77, 'ghgbdc', '', '', ''),
('groupbuy_deal', 277, 'dhgsfdgh', 'fdhgdfh', '', ''),
('groupbuy_album', 78, 'dhgsfdgh', '', '', ''),
('groupbuy_deal', 278, 'Test status132', 'Post A New Deal\r\nCompose your new deal below, then click "Post Deal" to publish deal.\r\nPost A New Deal\r\nCompose your new deal below, then click "Post Deal" to publish deal.\r\nPost A New Deal\r\nCompose your new deal below, then click "Post Deal" to publish d', '', ''),
('groupbuy_album', 79, 'Test status132', '', '', ''),
('groupbuy_deal', 279, 'ddd', 'sss', '', ''),
('groupbuy_album', 80, 'ddd', '', '', ''),
('groupbuy_deal', 280, 'sfdsf', 'dgdsgsd', '', ''),
('groupbuy_album', 81, 'sfdsf', '', '', ''),
('groupbuy_deal', 281, 'hfg', 'fgjfg', '', ''),
('groupbuy_album', 82, 'hfg', '', '', ''),
('groupbuy_deal', 282, 'p xinh p', 'vzxvzx', '', ''),
('groupbuy_album', 83, 'p xinh p', '', '', ''),
('groupbuy_deal', 283, 'p xinh p', 'hc d', '', ''),
('groupbuy_album', 84, 'p xinh p', '', '', ''),
('groupbuy_deal', 284, 'dsgg', 'sdgsd', '', ''),
('groupbuy_album', 85, 'dsgg', '', '', ''),
('groupbuy_deal', 285, 'p xinh p', 'hc d', '', ''),
('groupbuy_album', 86, 'p xinh p', '', '', ''),
('groupbuy_deal', 286, 'new deal', 'vxcvx', '', ''),
('groupbuy_album', 87, 'new deal', '', '', ''),
('groupbuy_deal', 287, 'Minh test', 'dddd', '', ''),
('groupbuy_album', 88, 'Minh test', '', '', ''),
('groupbuy_deal', 288, 'test activity feed', 'asdsa', '', ''),
('groupbuy_album', 89, 'test activity feed', '', '', ''),
('groupbuy_deal', 289, 'test', 'zxc', '', ''),
('groupbuy_album', 90, 'test', '', '', ''),
('groupbuy_deal', 290, 'xu thit xu', 'Tin nghi & dch v\r\n- Phc v n tr&ecirc;n ph&ograve;ng 24/24.&nbsp; - K&eacute;t st an to&agrave;n trong ph&ograve;ng.&nbsp; - Dch v git i nhanh v&agrave; git kh&ocirc;.&nbsp; - Business center c trang b internet ', '', ''),
('groupbuy_album', 91, 'xu thit xu', '', '', ''),
('groupbuy_category', 12, 'Dental, vision, and medical', '', '', ''),
('groupbuy_category', 13, 'Salon services', '', '', ''),
('groupbuy_category', 14, 'Spa services', '', '', ''),
('groupbuy_category', 15, 'Massage, and skin care', '', '', ''),
('groupbuy_category', 16, 'Automobile', '', '', ''),
('groupbuy_category', 17, 'Fashion', '', '', ''),
('groupbuy_category', 18, 'Groceries', '', '', ''),
('groupbuy_category', 19, 'Home and garden', '', '', ''),
('groupbuy_category', 20, 'Pets', '', '', ''),
('groupbuy_category', 21, 'Pets', '', '', ''),
('groupbuy_category', 22, 'Arts and crafts', '', '', ''),
('groupbuy_category', 23, 'Cooking classes', '', '', ''),
('user', 60, 'Tuong Vi', '', '', ''),
('user', 61, 'Tien Le', '', '', ''),
('user', 62, 'Bao Tran', '', '', ''),
('user', 63, 'sachin bag', '', '', ''),
('user', 65, 'Denver wilcox', '', '', ''),
('user', 66, 'Kay Payne', '', '', ''),
('user', 67, 'Eric Lim', '', '', ''),
('user', 68, 'Rafik Rh', '', '', '');

-- --------------------------------------------------------

--
-- Table structure for table `engine4_core_session`
--

CREATE TABLE IF NOT EXISTS `engine4_core_session` (
  `id` char(32) collate utf8_unicode_ci NOT NULL default '',
  `modified` int(11) default NULL,
  `lifetime` int(11) default NULL,
  `data` text collate utf8_unicode_ci,
  `user_id` int(10) unsigned default NULL,
  PRIMARY KEY  (`id`),
  KEY `user_id` (`user_id`)
) ENGINE=InnoDB DEFAULT CHARSET=utf8 COLLATE=utf8_unicode_ci;

--
-- Dumping data for table `engine4_core_session`
--

INSERT INTO `engine4_core_session` (`id`, `modified`, `lifetime`, `data`, `user_id`) VALUES
('00p2qbisii8ia1gvqfp6kqdqd7', 1312919702, 86400, '', NULL),
('017i95ql62m1cli9dfe7qolns1', 1312840201, 86400, '', NULL),
('01fm6eoge1cb1ssq0qv1iimvc2', 1312924801, 86400, '', NULL),
('01jie7a7simdhe09dp2329bnm6', 1312923601, 86400, '', NULL),
('02dadrl4rel8mvmlsucun034l2', 1312874401, 86400, '', NULL),
('03te2r0ukiug3lulhcl75fg3f1', 1312840801, 86400, '', NULL),
('04hglktl0qhbkfitts4j60onn7', 1312940101, 86400, '', NULL),
('04hn9s3qmtn79qralgfl20enc2', 1312929301, 86400, '', NULL),
('04r5k9d5jfchn08oc9dbaeflr7', 1312809001, 86400, '', NULL),
('0610j7f71sal1fnp3181d4a3j7', 1312726201, 86400, '', NULL),
('06akg6tvd65ag1qsapjc5a6hh0', 1312910101, 86400, '', NULL),
('06g8hpr3b374smh3a1o0rd16a3', 1312816009, 86400, '', NULL),
('06kg1ju5eq4cnpd74rs3gg3un6', 1312798501, 86400, '', NULL),
('07p95kmbcoapi3m5q3mnt2g690', 1312938001, 86400, '', NULL),
('085vjgg3gsfdl74hb5chc2bn46', 1312811173, 86400, '', NULL),
('08h1l8dfsa44dqmi26ub01sf76', 1312751103, 86400, '', NULL),
('08h965an1ukn71iq273slk7pk5', 1312825803, 86400, '', NULL),
('09oaivv485kvjpu7apkfk0n3u0', 1312394250, 1209600, 'Zend_Auth|a:1:{s:7:"storage";i:1;}login_id|s:2:"96";twitter_lock|i:1;twitter_uid|b:0;payment_sercurity|s:16:"hsQlkdeaZ106sPnz";url|a:1:{s:6:"cancel";s:73:"/products/se4/groupbuy/group-buy/browse/req3/cancel/req4/hsQlkdeaZ106sPnz";}receiver|a:1:{i:0;a:2:{s:5:"email";s:31:"store1_1300518495_biz@gmail.com";s:7:"invoice";s:16:"FplofSD3mPEbSsBP";}}', 1),
('09thmvguhf40al2q1sb4oaalj2', 1312968001, 86400, '', NULL),
('0ahh5s9qopv3njped91k2o5mc1', 1312786201, 86400, '', NULL),
('0als4pevdj8gn40nmv64h46mg7', 1312816601, 86400, '', NULL),
('0anbvet1i86enftsaed81kv5g0', 1312830601, 86400, '', NULL),
('0b5a4s0plmphohdl0oar4siqj1', 1312956001, 86400, '', NULL),
('0beru1pom7jsl0knruvelpiuf5', 1312988401, 86400, '', NULL),
('0c2etlg1hcbupn2jmk44kk39u4', 1312827301, 86400, '', NULL),
('0d5og2hfpoed6h4ujso29ikh74', 1312934401, 86400, '', NULL),
('0dsf942r7337o690hak5jdnpl6', 1312982401, 86400, '', NULL),
('0edp042v08inkoa8e3nh31chn2', 1312826401, 86400, '', NULL),
('0f4fufctmp5h608q8s6k0kigl4', 1312928701, 86400, '', NULL),
('0grkavj1es92toeb9a1ql8emo0', 1312995901, 86400, '', NULL),
('0gt8sd8jbeml8otfrp24i4m1i0', 1312899001, 86400, '', NULL),
('0hf26tg6nm34vn2j9r2avubab2', 1312903501, 86400, '', NULL),
('0hujnq9p8ea3pv3qd034m5rs44', 1312800901, 86400, '', NULL),
('0i7bves88r5h93mukcmhdcuf23', 1312813801, 86400, '', NULL),
('0j9e0krfu7m5sd92oaiq8ha1k2', 1312915801, 86400, '', NULL),
('0ja2uofa37lmnikjthd6q99pb0', 1312758301, 86400, '', NULL),
('0jvksuc8g1rqvj362q6et7d896', 1312778701, 86400, '', NULL),
('0kbrckvbtmo82lm8m77qojlv20', 1312866902, 86400, '', NULL),
('0kdqsl8ikvqkfi6lcp139jgvb1', 1312816201, 86400, '', NULL),
('0kk99k89qo7dj7qnu9afsumep3', 1312945801, 86400, '', NULL),
('0krkbhrovuj7a2qj9tteiv5tf0', 1312817401, 86400, '', NULL),
('0n0a3nlisep2eieiqvf3h9q906', 1312837801, 86400, '', NULL),
('0n3igoislqnjihkva274tov6a3', 1312920901, 86400, '', NULL),
('0n4fflp4n3o79333ag7uoac9v2', 1312827601, 86400, '', NULL),
('0ndind9onvod7h3qg6ob2btr30', 1312978801, 86400, '', NULL),
('0o74ceajckcdko9hqkd2kc50d6', 1312746903, 86400, '', NULL),
('0ocjm400avog2bpqt5mghd8hc4', 1312737901, 86400, '', NULL),
('0oinstmh7to9he6gluerr4h326', 1312865101, 86400, '', NULL),
('0ov3ft2rmde66hrka46fb900t1', 1312908301, 86400, '', NULL),
('0pm0r8qt2v8ijdvm7iqtus4il3', 1312723501, 86400, '', NULL),
('0pmfvjt55iilqv0m2eg2ru63n7', 1312750806, 86400, '', NULL),
('0qsv4voe7npv4g1vd4ln9vtna4', 1312936501, 86400, '', NULL),
('0r3s0vjuo0pvtumbbqbsb06440', 1312791601, 86400, '', NULL),
('0rgtf8vfgks4f4qkd454ec0qv3', 1312894501, 86400, '', NULL),
('0s5u5mqs45dgcsuso961dpitc1', 1312797301, 86400, '', NULL),
('0sdikc9t0o67as41td6tlv23l3', 1312933801, 86400, '', NULL),
('0sepiv9pkm9faekfbk9p9gt9p1', 1312968901, 86400, '', NULL),
('0sl63smul4shhe8nmn8i7k2gk4', 1312872601, 86400, '', NULL),
('0sthjibp1gp1d5k87fn685avi3', 1312928101, 86400, '', NULL),
('0stpov9fs46m4hhk7g103adgn6', 1312952701, 86400, '', NULL),
('0sun32glh7anfof3s1qm7rl5i4', 1312775701, 86400, '', NULL),
('0ujnj4fb4fusar23sv9m0knjk7', 1312791001, 86400, '', NULL),
('0ulj7brg01pmgatehfui8tc8p5', 1312956901, 86400, '', NULL),
('0vek2v4a98tbsq7junn6v2bl95', 1312926001, 86400, '', NULL),
('0vmfifckj2r2etfjaddh8j4cl5', 1312973101, 86400, '', NULL),
('0vvc9122hvqsv23g01205fatq0', 1312875901, 86400, '', NULL),
('0vvgt0c38mn2du6p60hc5pohq1', 1312905901, 86400, '', NULL),
('10qnk8khh32ui2m7ck64jsfug1', 1312900201, 86400, '', NULL),
('10sv7ltu8o2jlr20dshg3rs9h5', 1312887001, 86400, '', NULL),
('110u6dj45237lkjfas8qjuf1i2', 1312873801, 86400, '', NULL),
('112s9c2qe69js8oiel1231hl25', 1312917901, 86400, '', NULL),
('11b4484siqn1ip4ltqcbqug9h6', 1312753801, 86400, '', NULL),
('11gl0a556d4aeed6s1q9cim162', 1312893901, 86400, '', NULL),
('11n4j4uaq5veesvru8bo81pu50', 1312776001, 86400, '', NULL),
('11vkhgc5m8tglh5ob0rh3eqbd1', 1312804501, 86400, '', NULL),
('12gvvjl0j88g31i7896nis3ga2', 1312877701, 86400, '', NULL),
('12sqhici98mgnb627prt280ef5', 1312748104, 86400, '', NULL),
('13028vr5tqjhi9ipkaqfhvbd67', 1312754101, 86400, '', NULL),
('1332kt80h8gn9d03f4hh8250c1', 1312887301, 86400, '', NULL),
('13u5c8416h21esaqnqvffru8p4', 1312913401, 86400, '', NULL),
('144ol9fbnau2u38p6untdona25', 1312962601, 86400, '', NULL),
('166gdhmpiu4t059plk2s6v72m3', 1312931101, 86400, '', NULL),
('170i0jrmajktum202qr4a76bi3', 1312948801, 86400, '', NULL),
('17f35s6srha8nr2k05cj8vi342', 1312855201, 86400, '', NULL),
('17j7od1of08jdrd53n8aupofa3', 1312843201, 86400, '', NULL),
('17lep2rsr2pnjm0ki20iks57l1', 1312847401, 86400, '', NULL),
('17s8shssvuc39hp1598gqjtdn5', 1312773901, 86400, '', NULL),
('18f0e4fqbhod3lke78c6ksu7u2', 1312894801, 86400, '', NULL),
('18kmgs8g0k13nnddhm7cn8b0g5', 1312992001, 86400, '', NULL),
('18ru0dsjf3caduihier49h2je1', 1312734901, 86400, '', NULL),
('192hmcsrdpcih6uumr7pn0mig7', 1312806601, 86400, '', NULL),
('19nmd1ce30gcda8huhtrjtg1d0', 1312997101, 86400, '', NULL),
('1bjjf4n2e1sk0iscuulhgpsuf2', 1312899601, 86400, '', NULL),
('1ci9keab0b9emlk7p76ral69l7', 1312895701, 86400, '', NULL),
('1cquir8c1mec6ctu0eri5aca85', 1312931401, 86400, '', NULL),
('1ctcfvdsf0bp090f3ffrd2u126', 1312997705, 86400, '', NULL),
('1dcjqa8vgkf1g3fukdkcpp5303', 1312945201, 86400, '', NULL),
('1e6sbcg28jfqlkv41uk2nqsbu3', 1312925401, 86400, '', NULL),
('1ehms2fraefs06s1jp3lihd776', 1312838401, 86400, '', NULL),
('1ei9pm7pafg2vb30ouej58btb5', 1312983602, 86400, '', NULL),
('1elup5qtkpcndiieo2n4mgqqv0', 1312776901, 86400, '', NULL),
('1em9s34ssek7ckp25i0tbjh0d6', 1312995301, 86400, '', NULL),
('1ep7651k4hijbpindec0j12an3', 1312874401, 86400, '', NULL),
('1ge6idpa7lpl5aij1jlmihbqf1', 1312723801, 86400, '', NULL),
('1gn03lkl5cf7bkslb351glvo05', 1312879501, 86400, '', NULL),
('1godlb1picu1efb4aln9oe59a7', 1312888801, 86400, '', NULL),
('1gue45kfoj4e224t747ek2jeg6', 1312948801, 86400, '', NULL),
('1h0dvr54lcoa0jomnrkij3msa4', 1312802401, 86400, '', NULL),
('1hm7sj2mjeiciressbqvon8vd0', 1312728001, 86400, '', NULL),
('1j99hffioo6q69jqmgt5q634r5', 1312962901, 86400, '', NULL),
('1jok20lhkvrq7jhe077r1gk1l0', 1312845601, 86400, '', NULL),
('1k3qtbl5k76cvogfqtuli9ump3', 1312984801, 86400, '', NULL),
('1laiet5lfge3cigfib6pj9v6a6', 1312884001, 86400, '', NULL),
('1lcj1vh66da9pqkj03r5hdfjv2', 1312998301, 86400, '', NULL),
('1ltrp8r7ldjnctlbl9u9gdkjj6', 1312878301, 86400, '', NULL),
('1m1tho7jktgc59agik4odabb34', 1312816201, 86400, '', NULL),
('1m50c2jsoqdto46vklns3847f5', 1312992901, 86400, '', NULL),
('1md15m4ud49uh67v37njvvjd35', 1312758301, 86400, '', NULL),
('1nfhnstdvs3mrvj0tcf6he2tm6', 1312970401, 86400, '', NULL),
('1nnqn7cbg5usg2il3slahi3se7', 1312726501, 86400, '', NULL),
('1no2qj6a37otm3bu2e0cmfbcd0', 1312893001, 86400, '', NULL),
('1nu4lel47fjtas3btvbmdp0hd0', 1312792501, 86400, '', NULL),
('1p0lo4gi4dfk9tiuikhfal1n17', 1312994101, 86400, '', NULL),
('1p87vb0odfpnt5i91ii6kdms51', 1312815601, 86400, '', NULL),
('1pjp7h4bchve0he7raa9lublt1', 1312965601, 86400, '', NULL),
('1posnm718ood9pll888otvomq0', 1312808101, 86400, '', NULL),
('1pt33ldai5lk6n0jnibck5qrs4', 1312951801, 86400, '', NULL),
('1q5uv1tug97gva1l5fa8913pu4', 1312988701, 86400, '', NULL),
('1q6q2plpt99del9s158k329hr1', 1312861501, 86400, '', NULL),
('1qutd9khf2viutsdlahd9u51r1', 1312890601, 86400, '', NULL),
('1rph8hmleap4rolrfe1rhe5hr4', 1312811174, 86400, '', NULL),
('1s0r9joanr17ab729v45vk6u05', 1312904101, 86400, '', NULL),
('1s8b74cont5rqntjdpk38v9547', 1312970401, 86400, '', NULL),
('1sa6ks502oohfgar2p85efqm44', 1312964101, 86400, '', NULL),
('1sf62unf5sgclrgtf82onasqf6', 1312920601, 86400, '', NULL),
('1snesg782705of62cp98dtqlb4', 1312774201, 86400, '', NULL),
('1te2t4u09bdr6l6kmgh45o1mf6', 1312894201, 86400, '', NULL),
('1tff8jsicdcsa5c1n01nkp3di0', 1312944601, 86400, '', NULL),
('1u3d4o9vs2c092vjqh5tp6jg32', 1312842001, 86400, '', NULL),
('1v3l35utgh2v20vk1sg7hg1ll4', 1312949701, 86400, '', NULL),
('1vq9mu04ih3m7odls8b1a9npo7', 1312995601, 86400, '', NULL),
('2087hqehulm619slk1d30asnh2', 1312870201, 86400, '', NULL),
('20jknjqmjcrtobq24156s94iv1', 1312750806, 86400, '', NULL),
('20oiv1c5s240agvu16n0vo4k56', 1312866601, 86400, '', NULL),
('22h868bggo0j3u3ejhetue7j66', 1312916101, 86400, '', NULL),
('23rio6mtfdl2fsp6d25mg33a54', 1312875601, 86400, '', NULL),
('24jd25f6k2pfpehr5ph0e9jl23', 1312733101, 86400, '', NULL),
('251i1j5eh6cp5mnqd803ig4n52', 1312875001, 86400, '', NULL),
('257dls28ldkl9pab1e8h4e36r1', 1312868101, 86400, '', NULL),
('25h145ng8go6j9as5tqm7hmpr0', 1312872301, 86400, '', NULL),
('25nofjg2vhvgl965mq606a2k13', 1312726801, 86400, '', NULL),
('27bt0c5ckpdc368gjhjor240k4', 1312933501, 86400, '', NULL),
('28accn0djeluensfslbqcdsvl6', 1312872301, 86400, '', NULL),
('28bgkm0f9tvgelkjaohae2oef0', 1312739101, 86400, '', NULL),
('28deuvpvcs4ooi2ghsv1fbgqk1', 1312999201, 86400, '', NULL),
('28dmqhprh0g6plbralapajoq80', 1312832701, 86400, '', NULL),
('28q40jsuf9d76852co55k24vd6', 1312836301, 86400, '', NULL),
('28sfi28i0s44n7pv7eqmki4gp0', 1312942501, 86400, '', NULL),
('293cit18qo618ut8vaahdrrep7', 1312746301, 86400, '', NULL),
('2a4g2lsua4712isgmrmf1si005', 1312940401, 86400, '', NULL),
('2a9e10uc92fv6r9j4cfio3paf7', 1312766101, 86400, '', NULL),
('2aon5hcr9rlajbf0av0q199d70', 1312834201, 86400, '', NULL),
('2arom1mia9d93ol4rij97aft73', 1312741502, 86400, '', NULL),
('2btacu27j1kroh4oknvs6go7k2', 1312875001, 86400, '', NULL),
('2c4pjuhoafgjmtj0a95ltkvvm1', 1312781401, 86400, '', NULL),
('2er3i643oq538hu0habeg9l196', 1312761301, 86400, '', NULL),
('2fdjqi3vv4r40e990pqoo4vc91', 1312911901, 86400, '', NULL),
('2frgg9h6375nkthubb8fqm8sf6', 1312912801, 86400, '', NULL),
('2grgvitmg9tbs1uf71n82m1q55', 1312903801, 86400, '', NULL),
('2gv5ga5mnj1cj6qnrud8fali75', 1312725001, 86400, '', NULL),
('2i6lac3mirg5jehat4aqjicef2', 1312772401, 86400, '', NULL),
('2id7ff4v3er5opku8m2hicth93', 1312863301, 86400, '', NULL),
('2io5ettlhtancgvvesntlkgbj0', 1312915201, 86400, '', NULL),
('2iscn9f8cubcl9o2nbbrf69uf6', 1312779901, 86400, '', NULL),
('2jaihlauf2d5i5p8it0c85ujl0', 1312789201, 86400, '', NULL),
('2jm0ujhebsqe4sp9128ksd3pv6', 1312727401, 86400, '', NULL),
('2jvgroplla6mq8u65vd6p97fa7', 1312972201, 86400, '', NULL),
('2kkbkm2llnte32ki6cu7opvko6', 1312871101, 86400, '', NULL),
('2lhud2jfhqfsohb76ptj7erod6', 1312751701, 86400, '', NULL),
('2m6vdt59qhcin5ris6vts15g04', 1312987502, 86400, '', NULL),
('2mkffsl6jhr9uld9htbhpcmp97', 1312759801, 86400, '', NULL),
('2mp47dlm3oro7l28aqi9r6g6g7', 1312933501, 86400, '', NULL),
('2mp8ehsmchg55rfpu24kvrvqb1', 1312855801, 86400, '', NULL),
('2o41m74ldo515bnbnhufh3frp2', 1312728301, 86400, '', NULL),
('2og1g1fclm6nnnb3f9g5nlhnu1', 1312731001, 86400, '', NULL),
('2p0en1sajfm4mic1r8ahtonvq0', 1312764301, 86400, '', NULL),
('2p1h6s1djfoq1i7kl37u3e4br7', 1312826101, 86400, '', NULL),
('2p2ohro3sgpihbtoj9vqtlqo31', 1312937701, 86400, '', NULL),
('2prnvdhh4ovdrd9brp0f691sp1', 1312729201, 86400, '', NULL),
('2q12p29ral3hmmshcmi2g1kjp1', 1312930801, 86400, '', NULL),
('2q316k85dnopic8immsb2ci4k0', 1312844401, 86400, '', NULL),
('2rcvbcq6smajcuknmeqh95c686', 1312803301, 86400, '', NULL),
('2rpfhrjjmcipk3grc9st8fka13', 1312992001, 86400, '', NULL),
('2rs857p4tn2b2ea3c0ruvlu542', 1312749604, 86400, '', NULL),
('2s225duhf7o3um31qobd1ibas3', 1312876501, 86400, '', NULL),
('2sicrdr3uppga5frkf0l1vmd44', 1312800301, 86400, '', NULL),
('2tg2l5qcsnfimeofg4ouvq9m80', 1312850101, 86400, '', NULL),
('2tj2qgj9veqcbvloesmb534696', 1312908001, 86400, '', NULL),
('2u7es5ke7ffqu6bvfjf8ubj0c1', 1312965901, 86400, '', NULL),
('2uaa17j0gvl77e618fubq2gsn1', 1312962301, 86400, '', NULL),
('2ul5lhcqu493ic7ob8ojpg6ms2', 1312867801, 86400, '', NULL),
('2ush3br0n21dj8fvdej9p8dpv3', 1312993201, 86400, '', NULL),
('2ut1cgh3vgc0afih303jgd9sm1', 1312940701, 86400, '', NULL),
('2vtn7rr4fls9gvh3h8niva6761', 1312947301, 86400, '', NULL),
('2vup88gvq4uvauucih357d4100', 1312864201, 86400, '', NULL),
('30s2o6roq4cld9hmacmae0cat6', 1312794901, 86400, '', NULL),
('31fppbfmbq6vh5g66n7ul8re82', 1312768201, 86400, '', NULL),
('323isheapn1hqlkkack2e3hr26', 1312846801, 86400, '', NULL),
('330n20ae6e45ei08vdso7jdbf7', 1312830580, 86400, 'Zend_Auth|a:1:{s:7:"storage";i:48;}login_id|s:3:"279";twitter_lock|i:48;twitter_uid|b:0;payment_sercurity|s:16:"XNv84huzMYATSUiF";url|a:1:{s:6:"cancel";s:73:"/products/se4/groupbuy/group-buy/browse/req3/cancel/req4/XNv84huzMYATSUiF";}receiver|a:1:{i:0;a:2:{s:5:"email";s:31:"store1_1300518495_biz@gmail.com";s:7:"invoice";s:16:"pFE67u6silCe6T8G";}}', 48),
('34hb0u6rdotv0av2ug6b1eu511', 1312811401, 86400, '', NULL),
('34iim6ihsv8govviojecga77f0', 1312911601, 86400, '', NULL),
('34jgtfo2kqua6f7be9lfe7nr32', 1312899901, 86400, '', NULL),
('36kgrjufc2t2lti375t0ji1o15', 1312790701, 86400, '', NULL),
('36sroscj9ggad4im5ciak3d7c3', 1312755001, 86400, '', NULL),
('374s6jegq1kjumd8td7schejh7', 1312733101, 86400, '', NULL),
('37cvddb9s0qtpod89bg68rl2b4', 1312887901, 86400, '', NULL),
('37frp3om6n8q9vei4jth4g2uq7', 1312958401, 86400, '', NULL),
('37kuvaum1v058ojvipcq9335b3', 1312724101, 86400, '', NULL),
('37nu3g9fqp9u1jtu4pb9mjjdf7', 1312789501, 86400, '', NULL),
('380rva5uikq1ma18spn7iorm64', 1312792801, 86400, '', NULL),
('385jn3fj8sv8i8n34q7u9m97o0', 1312939201, 86400, '', NULL),
('38u2rlmtokpof60urf5uvjkq63', 1312892101, 86400, '', NULL),
('38v0060s9jq2kall4ft2cuj9v6', 1312921801, 86400, '', NULL),
('397lbkac0n4m2u38h2k91rsdn4', 1312985401, 86400, '', NULL),
('3an36lk1pe8gds6o4fgq2h23r3', 1312946401, 86400, '', NULL),
('3bb5pdq437cf7c8u8progssof6', 1312741201, 86400, '', NULL),
('3bdcmu7adb1uauis5k4lutd0d5', 1312798801, 86400, '', NULL),
('3be9e6dv2ed86fqrdt6bfj2rj3', 1312830414, 86400, 'Zend_Auth|a:1:{s:7:"storage";i:1;}login_id|s:3:"284";payment_sercurity|s:16:"dTy8EB4luLNtvh7t";url|a:1:{s:6:"cancel";s:73:"/products/se4/groupbuy/group-buy/browse/req3/cancel/req4/dTy8EB4luLNtvh7t";}receiver|a:1:{i:0;a:2:{s:5:"email";s:31:"store1_1300518495_biz@gmail.com";s:7:"invoice";s:16:"o8TBI09qCs0cA0Iv";}}payment_sercurity_adminpayout|s:16:"lOu7Zx2k8YAILn6H";request_info_user_id|i:48;request_id|s:2:"11";message|s:53:"I don''t accept your refund because of some reasons...";total_amount|s:4:"0.00";', 1),
('3bub4pu5hq7ppg15quejblj4d5', 1312788601, 86400, '', NULL),
('3c2gm955ahed1h6u880ekcpgt1', 1312742701, 86400, '', NULL),
('3d4s94idp26fp68hql2k0t5h21', 1312747802, 86400, '', NULL),
('3dk240jkehla0ltejavqchuln3', 1312888501, 86400, '', NULL),
('3dk6a62fakhm5pr0b0k1g56hr3', 1312867801, 86400, '', NULL),
('3f46id5fskdvc41mg69cmi0bk2', 1312998301, 86400, '', NULL),
('3f4rcaf767bevrsljm21ul5cg6', 1312928401, 86400, '', NULL),
('3f686o9o517hm5kt43v3ql9pk1', 1312944901, 86400, '', NULL),
('3f8ea3hl3bkpbduqa6a7h6lhi7', 1312804201, 86400, '', NULL),
('3fp8mdc70llod9f1b3e03u13l1', 1312879801, 86400, '', NULL),
('3frn057206u315e02l524svv31', 1312800601, 86400, '', NULL),
('3fs13ojpaub2bn93rt20nl1a77', 1312846501, 86400, '', NULL),
('3ged1cu5lrd170824ds3ml3gg1', 1312987203, 86400, '', NULL),
('3gjjqb83344ti980vdogsjn0m2', 1312754401, 86400, '', NULL),
('3h1ivn5vph7cmkt66a5mn94af0', 1312991701, 86400, '', NULL),
('3hi7cm5rk8b4ut1k9fa4qtp7n0', 1312741801, 86400, '', NULL),
('3ho63pehlri20qf1fpancedqn4', 1312964101, 86400, '', NULL),
('3hrfffoqadu2n6np2ln56ssiv4', 1312900501, 86400, '', NULL),
('3i7dff585qgjh55t2f0iqorgf5', 1312783201, 86400, '', NULL),
('3ia71k0hnf07gekd3j6l7j9kg7', 1312779001, 86400, '', NULL),
('3iap9jb6tnn2qmj7na9rc7c8m2', 1312754701, 86400, '', NULL),
('3ilde128bspqfil2uni3o25no2', 1312868701, 86400, '', NULL),
('3inv3gkv79nang6r34jr0sj882', 1312919702, 86400, '', NULL),
('3j3dfn5gd6rep5aeoauguili63', 1312805401, 86400, '', NULL),
('3kiq8sha9cof164q3lcj8n2l35', 1312939201, 86400, '', NULL),
('3kllnru2pggatvuru266h81he0', 1312972501, 86400, '', NULL),
('3kn3lm735un9nkr1jcskka32m6', 1312950301, 86400, '', NULL),
('3kq5e35vr6t07k6me8dehbhpa0', 1312785601, 86400, '', NULL),
('3ktsta9upqm4569mjk8rljfr17', 1312800001, 86400, '', NULL),
('3l9fugmv6ob0mprjjduqbian62', 1312891201, 86400, '', NULL),
('3lfrr7j2nd64qrega7b4983cp5', 1312983301, 86400, '', NULL),
('3ltsa9gp4tni1koh4sqp19k7o4', 1312809001, 86400, '', NULL),
('3m269sp8cnccoo5v19l2jg0qn4', 1312966801, 86400, '', NULL),
('3m9g5mv0n3f3u4dp3mq8i0lcl0', 1312840201, 86400, '', NULL),
('3n748mau2avbhni7nrudd05ve1', 1312836003, 86400, '', NULL),
('3nba7dos42rp28d7mp0cnrmea3', 1312791301, 86400, '', NULL),
('3nchvjei4d4a7qvh5kk44m8qb3', 1312920901, 86400, '', NULL),
('3ndpq5clmlre704ki4lq2jal23', 1312916401, 86400, '', NULL),
('3nphkpf040p42j5co3h38e7ds5', 1312956901, 86400, '', NULL),
('3nrm6fn30vjddcm8mmj27f3ek3', 1312986302, 86400, '', NULL),
('3o7tnd0u47irl0p2nps2ghthh0', 1312734601, 86400, '', NULL),
('3ohnk44l5blqgs2brqctd40f87', 1312841401, 86400, '', NULL),
('3p4e68hktvfohvdv9m9od270u6', 1312908901, 86400, '', NULL),
('3pa941abfls45thva6g3gfc8v6', 1312785301, 86400, '', NULL),
('3q2qgn1nnb26jj6pd5v4p5e403', 1312746903, 86400, '', NULL),
('3qal0rbp8jmdhk02idus9u7eu4', 1312930501, 86400, '', NULL),
('3qo70oarq5197esuqmiovuopq0', 1312873201, 86400, '', NULL),
('3rm1vhtspa2ltiav8cd1o6lhj5', 1312882801, 86400, '', NULL),
('3sa1idgbmtr192jvk8f2siacs6', 1312832101, 86400, '', NULL),
('3sd6i6qb1527m6h3obmcog1262', 1312878301, 86400, '', NULL),
('3sncm1afehj9917j6gv2qn2g13', 1312817397, 86400, '', NULL),
('3tdju9ipi4r5f7h65g4l1urtd2', 1312934101, 86400, '', NULL),
('3tfsr5oj9nf07e8obc1ak3qke7', 1312743301, 86400, '', NULL),
('3thv1aukl2dub97qmmemdpo5v4', 1312974901, 86400, '', NULL),
('40cbvm1khta4sdnh576ckj3ee4', 1312932002, 86400, '', NULL),
('40tu1f7519vhihoaajg4htnjm7', 1312967101, 86400, '', NULL),
('4162c4ipvk5ttk16al5n78u6i3', 1312959901, 86400, '', NULL),
('41e0srp20abm96qr4dcv95imv4', 1312785001, 86400, '', NULL),
('41le5mc5iaan5ig40jtq1312f3', 1312890001, 86400, '', NULL),
('41ourvopnc61dbvhe73ch291r2', 1312729501, 86400, '', NULL),
('41p4njpauvudbgdj6ohftmva63', 1312815901, 86400, '', NULL),
('41v59b4djcivqe9uhc65iqihm6', 1312747203, 86400, '', NULL),
('42bja1n3055giu6ba9q5g04t41', 1312929901, 86400, '', NULL),
('42dcb04ul2f36mdopckgl1al04', 1312831801, 86400, '', NULL),
('42hahtrnlo0jbkn7srginddmj4', 1312757401, 86400, '', NULL),
('42ug2v01ftp3tnsg4plu0v4817', 1312796701, 86400, '', NULL),
('4328h5gpcuco9itbmfug8roaq4', 1312857901, 86400, '', NULL),
('43scct7pg9mc6bnth079jqvaf2', 1312947601, 86400, '', NULL),
('44afe808r96hm33n2t8mo9lq36', 1312861201, 86400, '', NULL),
('44nbnc7go0hsupsaglfuu0rd76', 1312921801, 86400, '', NULL),
('44shc0t173ia1hb3k6sf009tv0', 1312865403, 86400, '', NULL),
('459ua4mr6q66vg1s9vanmr7dj7', 1312738501, 86400, '', NULL),
('45ah3fotj23pnmj0tfirrvnm75', 1312991101, 86400, '', NULL),
('45ajav0mucin7lhdpu6k8fuqt6', 1312788601, 86400, '', NULL),
('45msubs4i32k2ono3sf5ht5507', 1312750502, 86400, '', NULL),
('469e2nurb8tjcsof0lgtdsvbt1', 1312730701, 86400, '', NULL),
('46jvg4o6mn3d840n8sf0jq17i0', 1312905601, 86400, '', NULL),
('47qgdc59pgcn097mqkps6drbd0', 1312884601, 86400, '', NULL),
('47u2bsh0ojgv9bm0k8fimr6964', 1312727701, 86400, '', NULL),
('480p05p6ht17n6369h2vjrd414', 1312767001, 86400, '', NULL),
('48e86ejaa8r75tmhm89v73q565', 1312801201, 86400, '', NULL),
('48ka1qp0agju8bb72ho6ongv41', 1312968001, 86400, '', NULL),
('492fno18l9mpcu5tmd7h06u657', 1312812601, 86400, '', NULL),
('496p5haprhgo348cgfndgkro32', 1312902901, 86400, '', NULL),
('49885r2ets2agn0musul0v5094', 1312980001, 86400, '', NULL),
('49gs9v79tg4ou9apgb71nrrlq7', 1312989901, 86400, '', NULL),
('4a3mkto6eo1rnttj4devbs3hj5', 1312979401, 86400, '', NULL),
('4a94770btjjq2tveuh35nipbm4', 1312749304, 86400, '', NULL),
('4aik4chnt5sj4h6te4depum1t7', 1312878601, 86400, '', NULL),
('4ap8gdrvlf533d880hb1pjr623', 1312881601, 86400, '', NULL),
('4b6fjcaedfkm5uao09r4oaoou4', 1312969201, 86400, '', NULL),
('4b8p8ebi174dromgba1kmr4rh6', 1312845001, 86400, '', NULL),
('4bfq8sr0v1bclv96bgg653l492', 1312730101, 86400, '', NULL),
('4bgkk3m8i0jl3g90rjudiidpi5', 1312774201, 86400, '', NULL),
('4c1a549tc8no8fj7f65tqe4dn5', 1312963201, 86400, '', NULL),
('4cf9ifn6g45khmcpis3l242816', 1312914301, 86400, '', NULL),
('4cktughnfvcnv7vooulg09kvh7', 1312744201, 86400, '', NULL),
('4drk988odssjdsvntcif67b3r7', 1312556408, 1209600, 'twitter_lock|i:1;twitter_uid|b:0;payment_sercurity|s:16:"aTxayGU80pmp2zv3";url|a:1:{s:6:"cancel";s:73:"/products/se4/groupbuy/group-buy/browse/req3/cancel/req4/aTxayGU80pmp2zv3";}receiver|a:1:{i:0;a:2:{s:5:"email";s:31:"store1_1300518495_biz@gmail.com";s:7:"invoice";s:16:"6NU4M7lVTPK7NcLq";}}Zend_Auth|a:1:{s:7:"storage";i:1;}login_id|s:3:"176";', 1),
('4eamgj2fjd797gvsfbvghtqce0', 1312964101, 86400, '', NULL),
('4ehirmf02d954moe2issphajn6', 1312765501, 86400, '', NULL),
('4f435v3mmgn28ldn95ohou99h5', 1312734601, 86400, '', NULL),
('4fami1v7hh5dakn489ec5ptal1', 1312908601, 86400, '', NULL),
('4g0bdp81hcarctstsv9qtl7ue5', 1312761001, 86400, '', NULL),
('4g8p5fr62hjmha97290aa0hce3', 1312947001, 86400, '', NULL),
('4gc8vmp5m0gu8lhb7pi4dqicd7', 1312894801, 86400, '', NULL),
('4gmkjp6o8s6letbj8kk731dog2', 1312775701, 86400, '', NULL),
('4h0ho3q0gq6ijmkkbfmso7j9r3', 1312826401, 86400, '', NULL),
('4hb6mht96rth9g9gnnh6tbk4c5', 1312796701, 86400, '', NULL),
('4hbvn4bvidqm697aeto35njng7', 1312789801, 86400, '', NULL),
('4hj7da552o8nka2fgcdukll135', 1312816501, 86400, '', NULL),
('4i4s8je2k2jem99v5dijj6jni6', 1312733401, 86400, '', NULL),
('4i9648mtvj71lj4v6kbhnfqrs1', 1312901701, 86400, '', NULL),
('4ibi7pbekt2l8rh7tnjgtq9s07', 1312797001, 86400, '', NULL),
('4joo7vplqcj9030l9ce8ldcth6', 1312810501, 86400, '', NULL),
('4jputoopjd5b928ei7qmiqfhi6', 1312864201, 86400, '', NULL),
('4k50t0drk4tt4ha943u2reats5', 1312758001, 86400, '', NULL),
('4ka0b36i2f9eb9fvvoc30c7cs7', 1312885801, 86400, '', NULL),
('4nici7kujjlb2v72fh6876k3l4', 1312803001, 86400, '', NULL),
('4nrbiuoqm6o0focu4u4777j9l2', 1312781101, 86400, '', NULL),
('4nv00kkj6pdmnuli7i3r3kren1', 1312924501, 86400, '', NULL),
('4o3tf2oabqlgk71o6b8ekjf995', 1312923001, 86400, '', NULL),
('4pqemsmk34pkoc74lingo65017', 1312811701, 86400, '', NULL),
('4qlojb1nddp43q7qomgjf9psa7', 1312748704, 86400, '', NULL),
('4qmvkepnielad96fjcq1j3jtj0', 1312935301, 86400, '', NULL),
('4qtlsqe0rpbg16dvu2bf6pfp97', 1312878901, 86400, '', NULL),
('4rnmshe6cgt212b5dgr2knmto1', 1312814401, 86400, '', NULL),
('4sjmq73f967ggbh66129vgtvj5', 1312784401, 86400, '', NULL),
('4sp9th7jc5a3slhrog6dbkkrn1', 1312803601, 86400, '', NULL),
('4t35ea507bfqv3itt6a9hm7v62', 1312792501, 86400, '', NULL),
('4tnjsc0i246fa2bo75685vkbb3', 1312905601, 86400, '', NULL),
('4tvh1uo17ikmgs3qbvvmi928m6', 1312745401, 86400, '', NULL),
('4u4h18sqjtn3qqb8tfvvdtl1i2', 1312854301, 86400, '', NULL),
('4ugm99k0jt44sc5bsatiok47k4', 1312860301, 86400, '', NULL),
('4v1280nn8usr8d1ogt59fqpen6', 1312858201, 86400, '', NULL),
('4vcch786bmrjnbfvlh4vom0ir1', 1312989601, 86400, '', NULL),
('4voe5cua5smgr21tc0kmu8nh43', 1312981501, 86400, '', NULL),
('4vq29oo3297ppahe59kpshg9l2', 1312799101, 86400, '', NULL),
('4vvfnlrohhu1usbrhao12rb535', 1312987802, 86400, '', NULL),
('50sav183ogh42sf151n245ssg6', 1312922101, 86400, '', NULL),
('50tdkiio1ibe3oh0932n6gdkk7', 1312948501, 86400, '', NULL),
('51k2o87qlaol1i9tt10l1egu76', 1312784701, 86400, '', NULL),
('51kmkc995crqpt65lcp2eoitv1', 1312959301, 86400, '', NULL),
('51n52op72ivd7f30rj50oin3u5', 1312817397, 86400, '', NULL),
('52216ufikicoaamqdf2ronvmf2', 1312759801, 86400, '', NULL),
('52c9fb7iiom5bpmfsji82i1rm4', 1312835103, 86400, '', NULL),
('53kg6t5un6939ltnfs67f5t3a6', 1312998601, 86400, '', NULL),
('53mtqujqogil0ntp2j7jemha26', 1312791601, 86400, '', NULL),
('53rqj1ift9tc4t9652qf449lo1', 1312796101, 86400, '', NULL),
('54hc819bpgl2439id3p8pspna3', 1312790101, 86400, '', NULL),
('54objhlg9a61ujcqsfqdf1nle3', 1312781401, 86400, '', NULL),
('55l1t7hfu5sgtpqnul7nb21055', 1312826101, 86400, '', NULL),
('565ofc4mukh86c9rhvcldo0bl0', 1312945201, 86400, '', NULL),
('56v2kmh20jevgck7oe2jn908l7', 1312782601, 86400, '', NULL),
('57d4k8dvv56t8jgd10iccvg7s6', 1312886701, 86400, '', NULL),
('57qu61tjhe34umlrqr43bfgtp1', 1312908301, 86400, '', NULL),
('58jfirpa52552kg5hck7uei1s2', 1312733701, 86400, '', NULL),
('5964ijf54sjin6kv2ades1rt42', 1312796401, 86400, '', NULL),
('598fq60dlkouhsisojhdghpdo3', 1312974901, 86400, '', NULL),
('59mj4109roilhqomhrlhisu6v3', 1312958101, 86400, '', NULL),
('5aorls891ii7uchdknbbfhvqj6', 1312856101, 86400, '', NULL),
('5brve3d0n9tjhhvm8dipmcgr02', 1312852201, 86400, '', NULL),
('5c1m6n50mq56cd7v99amcg0hf3', 1312953901, 86400, '', NULL),
('5esdor182g9nqd7bf2g056f002', 1312952101, 86400, '', NULL),
('5gas16m42pdq2qfujeu7edrh94', 1312875001, 86400, '', NULL),
('5gb5tvrkkob6lsg3oprtfkm8r2', 1312808401, 86400, '', NULL),
('5gcpv46qguo31ikcnuftrin367', 1312790701, 86400, '', NULL),
('5h9re4t7vtio0fn8htpasue5o0', 1312991701, 86400, '', NULL),
('5ha5igeqk9jk0u02ncrpg4ss40', 1312863301, 86400, '', NULL),
('5iiqjf79p9e8g0qkmigcmlpon0', 1312812001, 86400, '', NULL),
('5jcshvuebmgc11jj9ggoqna475', 1312872901, 86400, '', NULL),
('5jkc6k9lu9kbvdqbmnbb00ffd0', 1312799101, 86400, '', NULL),
('5jkfjs51c6jcjdl6iu78lpokh0', 1312857901, 86400, '', NULL),
('5k1oto2vujj8hkj17ugpvgseb5', 1312845601, 86400, '', NULL),
('5kbhc85jqqg1ojmnpgc82ag2s2', 1312932901, 86400, '', NULL),
('5kqgcin6s3ce6kgcffk5dgff35', 1312848901, 86400, '', NULL),
('5l91l2lu07gjer46c7nueq7bi6', 1312925401, 86400, '', NULL),
('5ladbmnmr1i80mfq0ts0qnr834', 1312845301, 86400, '', NULL),
('5lf91qrr2j1djeim8it4a7siq2', 1312879801, 86400, '', NULL),
('5li7dmdb98d5hhf39eg2t6q475', 1312727101, 86400, '', NULL),
('5lmsac5tsmth1cateiispo2lp6', 1312829101, 86400, '', NULL),
('5lv5pti5o2kh6qa56ic32itkj6', 1312769101, 86400, '', NULL),
('5m6tja28fp4vnht3a5mnrcmht2', 1312977901, 86400, '', NULL),
('5mnlsn8p3f0bfm45rg7m820446', 1312884901, 86400, '', NULL),
('5muhj0egs3ne8kn9sj3sf7pl31', 1312974601, 86400, '', NULL),
('5n5orseca6itsq0kv6a1u9c046', 1312758601, 86400, '', NULL),
('5noqvf9erbfmr97lr9ifvf2dr1', 1312932601, 86400, '', NULL),
('5np4u5pfl2f4ihfh8ogjb79ar1', 1312918201, 86400, '', NULL),
('5o2jjkcfoupb2pie6g0gc5mjl2', 1312759502, 86400, '', NULL),
('5o6ds4sn59eqirtqtil5cp8b13', 1312802101, 86400, '', NULL),
('5o6jv5ga936gd07l058iqodn96', 1312770301, 86400, '', NULL),
('5oe2no75d0rta4u7b89a6tlnk3', 1312930201, 86400, '', NULL),
('5oqhll3f78nonc5uuk6p7l6si4', 1312866902, 86400, '', NULL),
('5pnjddq8oaehtitp6qbh9j5pl4', 1312833601, 86400, '', NULL),
('5pp4k27gab2is0kler78p0cso7', 1312759201, 86400, '', NULL),
('5ptatl5ll9juat9qk167t7u0c1', 1312839601, 86400, '', NULL),
('5pvsfr703pubonbjf5dtsketi1', 1312831201, 86400, '', NULL),
('5r7426nf2fut2b60ccqa4pgse7', 1312817397, 86400, '', NULL),
('5r8i0g7c0b2qoim5030m2gs6o3', 1312925101, 86400, '', NULL),
('5rdhv1lu9h98nfj6evm5v2r793', 1312725601, 86400, '', NULL),
('5rhmd07hrns3hcrnhvo4qung61', 1312954801, 86400, '', NULL),
('5sj7cgk0pdbnb7pa09q6n0tlh3', 1312913101, 86400, '', NULL),
('5tfgma8pmidh3jf8u9pd2ieg50', 1312758601, 86400, '', NULL),
('5tgckdrl5ikt8stmhac3oss700', 1312974001, 86400, '', NULL),
('5u1b10mvu4uaujksmbp7osn6q0', 1312893301, 86400, '', NULL),
('5uhc0u0q5be42l2fn1qs53uma7', 1312957801, 86400, '', NULL),
('5vhh5lafnjq7hl89mfjmb4ftr2', 1312838101, 86400, '', NULL),
('6041vdcg35mfncobif2ctmisa5', 1312960501, 86400, '', NULL),
('60ojunkr5cje4cqloqb2n5dnn5', 1312887901, 86400, '', NULL),
('60vd9jbo7u8pl39ripvfa761g1', 1312849801, 86400, '', NULL),
('628md6rn0ng8ko5jvn8hr5m4i3', 1312887301, 86400, '', NULL),
('62b9s0smllrbsd4ktmcfgr08m1', 1312947001, 86400, '', NULL),
('62es3ja967g3der83vup898sb2', 1312884301, 86400, '', NULL),
('62mnem4rbrcmjhde6ch6ua0kq4', 1312999801, 86400, '', NULL),
('633ugg9c16us2b79u3c2kmku67', 1312770601, 86400, '', NULL),
('63jt5ileiihtf475cv08npknk5', 1312807801, 86400, '', NULL),
('63k1ld5kli9lboseil11luh2s1', 1312818002, 86400, '', NULL),
('6400asnal62f79vtj4jc1jse32', 1312749604, 86400, '', NULL),
('64b325jn300847nanq193ve1h1', 1312782301, 86400, '', NULL),
('64tho5qjkuoiggur52tlomdgc6', 1312745701, 86400, '', NULL),
('65il92hgcgna78nv399qnv8m22', 1312734601, 86400, '', NULL),
('66gperp298jp95n277os8umqj7', 1312858801, 86400, '', NULL),
('66hffsbmiqk0glcc0lb90h0md5', 1312767601, 86400, '', NULL),
('66ibj1v7o0lkgsuasiiapmnmj1', 1312880401, 86400, '', NULL),
('6750afo3bn1u9qn5duprjqt115', 1312906201, 86400, '', NULL),
('67g56cpkiq2dsebmbcifc30982', 1312866902, 86400, '', NULL),
('68kf6urqruufjtagsum5kee865', 1312741801, 86400, '', NULL),
('68tq1o6l3hqfoapjo7gu571e87', 1312786801, 86400, '', NULL),
('6919sd2b9kc6dg29k33tthonj4', 1312763401, 86400, '', NULL),
('6a1o7vfcrdrirdqscr0dm13vj7', 1312989301, 86400, '', NULL),
('6ame8n5clc69vcal10lmdgpo15', 1312969801, 86400, '', NULL),
('6anno64e7m0a39rqk1ckesn851', 1312886701, 86400, '', NULL),
('6apjbuobema03ntuhmvl55sc70', 1312816009, 86400, '', NULL),
('6as0lpvo7g5ov383amdmoijmf6', 1312986001, 86400, '', NULL),
('6bajqj7tqtujmm6cmjasro4jd3', 1312774501, 86400, '', NULL),
('6c8osemccf22o27u3td28ali34', 1312808446, 86400, 'Zend_Auth|a:1:{s:7:"storage";i:39;}login_id|s:3:"278";payment_sercurity|s:16:"DnTmMfaaYckAHvMs";url|a:1:{s:6:"cancel";s:73:"/products/se4/groupbuy/group-buy/browse/req3/cancel/req4/DnTmMfaaYckAHvMs";}receiver|a:1:{i:0;a:2:{s:5:"email";s:31:"store1_1300518495_biz@gmail.com";s:7:"invoice";s:16:"IkU7OKaIcIVPquGQ";}}', 39),
('6cu77cp4glte4u44i2l772l8d0', 1312736701, 86400, '', NULL),
('6d51ff0lb7497eb1rq9bebgch0', 1312896301, 86400, '', NULL),
('6d93fbtdh9lka6k7lrmd7hm5i2', 1312805101, 86400, '', NULL),
('6dc4f89vhqb0tkivauqdc9vl05', 1312948201, 86400, '', NULL),
('6e3l668g6iltfbn862nlg1uke1', 1312826701, 86400, '', NULL),
('6e6lgvgnac64ggok9qbb0olvk2', 1312962301, 86400, '', NULL),
('6eacvpighq5n0pj3g1pf126m94', 1312854001, 86400, '', NULL),
('6ehjmbp5e8ttabmsd4g3um88t4', 1312793701, 86400, '', NULL),
('6el70gum718hm0ptgfc2i2ue37', 1312898401, 86400, '', NULL),
('6er7j69hip89nro01tpnuq0m06', 1312876801, 86400, '', NULL),
('6ftj9bd2fnd63dp6tdpq87fn17', 1312753501, 86400, '', NULL),
('6g5rdlt4047sudamf6di4e7sg6', 1312943701, 86400, '', NULL),
('6go53a5hhhq3rl5kln29rg5ht0', 1312735801, 86400, '', NULL),
('6hb8m4sgi14t2d0eq0nudo4l87', 1312809301, 86400, '', NULL),
('6ifh7o6u9c92mugnafsr7onpd0', 1312929601, 86400, '', NULL),
('6iqo40vpltd60t64ir8scj37a6', 1312876201, 86400, '', NULL),
('6j3s03vuioisj0dhtetna5r7t3', 1312743001, 86400, '', NULL),
('6jqv9sonbbrjk987dhsrgs5n25', 1312965301, 86400, '', NULL),
('6jua818sha1g6ao109a3lt1al0', 1312842601, 86400, '', NULL),
('6k8uboteptleb4sit3gdpbj3k1', 1312756801, 86400, '', NULL),
('6kilm6af3tefm52kbcbijajfa3', 1312829401, 86400, '', NULL),
('6l67f17v1l4s5ubtql8chck8o0', 1312860601, 86400, '', NULL),
('6lgno11k44nsd9k8k11tdf9bk5', 1312848901, 86400, '', NULL),
('6lm0bnm9p9tv2u5u0lgcgr74v1', 1312742101, 86400, '', NULL),
('6lqu9r59gpu9l6n7834llmvg34', 1312961101, 86400, '', NULL),
('6mbk3dcfqgj503kk99mnbqdp92', 1312731901, 86400, '', NULL),
('6mfcnjto64298kbc8oc61e5m46', 1312872001, 86400, '', NULL),
('6nogq4f7eh9t46ac9q0334ddm5', 1312993201, 86400, '', NULL),
('6o9fngup00q704bcls77h9v965', 1312852201, 86400, '', NULL),
('6oambdu4h829biqsrchr7fa1k6', 1312903801, 86400, '', NULL),
('6ol9pudo59835g1nivta0jaft3', 1312794301, 86400, '', NULL),
('6p660eieuams61df129v9gob21', 1312792801, 86400, '', NULL),
('6pklq1uu3bkkk36p9fo9e4mfc7', 1312930801, 86400, '', NULL),
('6r7r8l32ac8upiv1n18mjb45m1', 1312993501, 86400, '', NULL),
('6rft7jsrkc32uun52dgqu4j685', 1312967701, 86400, '', NULL),
('6rk3ko1msbshq4o2c8vj89erb2', 1312959001, 86400, '', NULL),
('6ro2p98sikai6qa0vjgicf4m80', 1312893901, 86400, '', NULL),
('6rokcu0cd20i3lvnveid7fml72', 1312857301, 86400, '', NULL),
('6tc7pkrvvtb1gi8pig8e1rmk35', 1312774201, 86400, '', NULL),
('6vf7cblne388ar5jip51081hb1', 1312727101, 86400, '', NULL),
('6vl4cnm20v4a9o8jfl4mbipnt0', 1312993801, 86400, '', NULL),
('6vt3qf7o79n6emd7hpu7dg33e0', 1312894801, 86400, '', NULL),
('70ie996a9eg80icf0l4lmt4gd3', 1312882501, 86400, '', NULL),
('70jhi6leg9q72u3hhjlq6egur6', 1312917001, 86400, '', NULL),
('70qefifpoudceh13ufnj7jeo34', 1312776901, 86400, '', NULL),
('718bnceut9qov7mede9f80htd6', 1312829515, 86400, '', NULL),
('71nhl3atnbqt1esq1o7kkdibk4', 1312743001, 86400, '', NULL),
('72249hidsrtndu7cpl5a72rte3', 1312877101, 86400, '', NULL),
('72b55q5mrb51bd69u2dj6587p1', 1312827301, 86400, '', NULL),
('72hhm0l2qehv4nvaik73dpqr44', 1312737301, 86400, '', NULL),
('72m4iadhctnttu6a61nlmq3ck1', 1312844401, 86400, '', NULL),
('738b4s4ndoq1nm0skg901jpao5', 1312909501, 86400, '', NULL),
('73h1djdnngmd4apus1n12t13m1', 1312795201, 86400, '', NULL),
('73sqo1t8v8o9soitnc8phkovd5', 1312993801, 86400, '', NULL),
('741qp91qeamar694svkss0ue93', 1312937401, 86400, '', NULL),
('74a6ve0ncbcpq6rp84lgnll4m1', 1312872001, 86400, '', NULL),
('74b48j8mtujtfm2bs4ej0pvle2', 1312769401, 86400, '', NULL),
('74qm1p19pq2r5ikfk31oq1kvs6', 1312956601, 86400, '', NULL),
('75k78c8vdbicbolcv2b1mjdet7', 1312787101, 86400, '', NULL),
('7675nhd2d0o5po1q8kvfuiqof7', 1312932601, 86400, '', NULL),
('77c03gck3eo95k1csjj2giv8r2', 1312921501, 86400, '', NULL),
('77rqd84uqnc2j8dohs8ieu5312', 1312858201, 86400, '', NULL),
('783ijjbu38ccqsnlc4dm4rh6o5', 1312742701, 86400, '', NULL),
('78cdnof2t24rf0najnhjtb6ni4', 1312848001, 86400, '', NULL),
('793bdqm6u8i0nsfv01qqkp3v45', 1312803901, 86400, '', NULL),
('79c4bc9op4otnaqkpjajisghn7', 1312939801, 86400, '', NULL),
('79qkbsv9ffc2et7snvhc6ku1a5', 1312817656, 86400, '', NULL),
('79tq5ajl1hi71gnte7inn899a1', 1312852801, 86400, '', NULL),
('7a0436gv2h1h2iidbllk1gka53', 1312728601, 86400, '', NULL),
('7a2apsfl557e6b0ij4kc6eobk7', 1312767601, 86400, '', NULL),
('7af5sa1n0pi42dbb2p5jgmad22', 1312883701, 86400, '', NULL),
('7altpduuvmr91ancvbof0bouk6', 1312976101, 86400, '', NULL),
('7an19bs767moid4vr01vn0o0a1', 1312901701, 86400, '', NULL),
('7at0rk8p16kve5eo9am24qecr7', 1312986901, 86400, '', NULL),
('7av1himao7l93t41lr1l3gspq0', 1312883701, 86400, '', NULL),
('7bcli9ou8vhbhfpan6uicf16q2', 1312744801, 86400, '', NULL),
('7bqvfptml9d45kfc4kpkh9ngg2', 1312728901, 86400, '', NULL),
('7c1g88ug80k140anaehjn4c6b6', 1312937101, 86400, '', NULL),
('7cle21en2nveubjla13f079i11', 1312973701, 86400, '', NULL),
('7d2s2e3bhucj3b3a3opfjbohp0', 1312761901, 86400, '', NULL),
('7d89g69122rtdktbke1ur3fe14', 1312778101, 86400, '', NULL),
('7em0mk6b2virc9s8pn8s3kr701', 1312929601, 86400, '', NULL),
('7fhbh4li49j519s7mknsa7a8t3', 1312984201, 86400, '', NULL),
('7g9besg2ds0nuk5pkbss6sdde2', 1312788901, 86400, '', NULL),
('7gbjkic0onknn2op4nqf1unnl2', 1312752301, 86400, '', NULL),
('7h101t91mujnq6vha9cjm8u8v5', 1312801501, 86400, '', NULL),
('7h3hcm3psc9bg8lr8t2flq3rj7', 1312961401, 86400, '', NULL),
('7h3lfhoqql5129hg1kffl82k71', 1312831801, 86400, '', NULL),
('7hnhkq0u255s3jjnurj6rfcie0', 1312951501, 86400, '', NULL),
('7i8cm8omtbo1n2358col37odt6', 1312744201, 86400, '', NULL),
('7ik2kah8otkummqiut0q86vh43', 1312981201, 86400, '', NULL),
('7jmbdrp51gam1a3i1i7kcnp400', 1312800601, 86400, '', NULL),
('7jp99fqfq3ngn9useuapiihab4', 1312959601, 86400, '', NULL),
('7kae2kr8b8icilblv3om91oi85', 1312765501, 86400, '', NULL),
('7lqtlp8tjjc7jcrk7l9evq2v57', 1312969501, 86400, '', NULL),
('7ml92k30on4s1miujfr0ojaeo5', 1312741502, 86400, '', NULL),
('7n6qpklm3cid514i9noev3unl5', 1312779901, 86400, '', NULL),
('7nhfcqo88ltgo6q0ovi0rcm7o0', 1312831201, 86400, '', NULL),
('7nljusb6mmr2malqkl05fd3fu7', 1312995901, 86400, '', NULL),
('7nrfh91sr1g767534d15toki12', 1312913701, 86400, '', NULL),
('7odmd7ac8sah6gl37sqp4omgk5', 1312853701, 86400, '', NULL),
('7ofu31fikhm365k5i87skq9ga2', 1312892701, 86400, '', NULL),
('7oorjihvhu87vp9s34t4dgh4a5', 1312755601, 86400, '', NULL),
('7q78egp0cib2ovn54ea93fc887', 1312806001, 86400, '', NULL),
('7qlgtpg7q3ubhd2o3j0444hml1', 1312860001, 86400, '', NULL),
('7quf23qqaupeebphbsupue80r5', 1312964701, 86400, '', NULL),
('7scjkgnc6ftq6hlj5l8u2bh735', 1312957801, 86400, '', NULL),
('7sk6ftpms0c3s9qvnr93qgsca0', 1312829101, 86400, '', NULL),
('7t05jk0807873k2oo797tgbap5', 1312924801, 86400, '', NULL),
('7t2du5r2b8fuc7t059benri4q3', 1312941601, 86400, '', NULL),
('7tf1sc9ncbammfchnellds8s83', 1312950601, 86400, '', NULL),
('7u4684grbk7uro8e101d5erm57', 1312887601, 86400, '', NULL),
('7u5tabp0qeh5q9a8qdc869u5a4', 1312985101, 86400, '', NULL),
('7upj7hv4e7u4ott2l4apmql3h7', 1312865701, 86400, '', NULL),
('7vh3kkm0sd77rmvh78n6pctjp1', 1312801801, 86400, '', NULL),
('802lm04go26kciflusuoa3fr64', 1312950601, 86400, '', NULL),
('80e3qk35v4imi562imhrmmfac3', 1312987874, 86400, '', NULL),
('81m9dcto6ko8qh5srgj23me7u6', 1312945801, 86400, '', NULL),
('81vop0em8o5dooj2abpg2ln0q4', 1312788301, 86400, '', NULL),
('8247nhl58bqqminto13fgj61o7', 1312896001, 86400, '', NULL),
('82gi8m7snhse0huc62n4fu9f64', 1312740001, 86400, '', NULL),
('838327v12r6c7p3mnmsu5jbup2', 1312765201, 86400, '', NULL),
('83lusscouefr4h2mammp3gkqh0', 1312817397, 86400, '', NULL),
('84gnns99tj1gk9adaao410e8t4', 1312843501, 86400, '', NULL),
('85kga8dd6a6n660b09sgl7aa81', 1312913701, 86400, '', NULL),
('86210gf75en0tsq1inol3qtpm4', 1312841701, 86400, '', NULL),
('871k1p2rc7p3iipdtgv94vode1', 1312769101, 86400, '', NULL),
('87bbef3586cf73b68aab675a6736e988', 1312454878, 1209600, 'twitter_lock|i:54;twitter_uid|b:0;', 54),
('87sq949kj57lnk7i7eb4btis25', 1312773901, 86400, '', NULL),
('87vg3nbiq0nf15ho0fle23s234', 1312865701, 86400, '', NULL),
('886bpjpui609bd4b0emi80u8v4', 1312938901, 86400, '', NULL),
('88git11d6au2t7o7nfaku14j21', 1312893901, 86400, '', NULL),
('88i8el9a6a9k1g8mggml4belt4', 1312879501, 86400, '', NULL),
('89h2me41r7imidhk7f7hi2ur91', 1312849501, 86400, '', NULL),
('89u68heq48mgjac7nurbjb0sd4', 1312844101, 86400, '', NULL),
('8a7kii9k2d4ss637u1lrc031g2', 1312845901, 86400, '', NULL),
('8as2a3i0n26mbfbjuu6b2rc2u5', 1312861801, 86400, '', NULL),
('8bn4r87hjaaeij6okof7t5qia0', 1312784101, 86400, '', NULL),
('8cb9um40f4g69udmn6qj54dv46', 1312753801, 86400, '', NULL),
('8dakrsnq2unfo2j3feb6jmjl63', 1312908901, 86400, '', NULL),
('8di1m3c5qpavvpoqeslmib4la0', 1312949101, 86400, '', NULL),
('8dj9r0384iq1uhg6e8gend2kp1', 1312747203, 86400, '', NULL),
('8e0eilfdluqma841sdfpnj7gk3', 1312977301, 86400, '', NULL),
('8fbqijepo2j10bf6462mqvlrt5', 1312989901, 86400, '', NULL),
('8hg4s7nv00bsd38urn9t7pq4c1', 1312803001, 86400, '', NULL),
('8hk5prf9pe83ov68mqf4mjqlj5', 1312927801, 86400, '', NULL),
('8iafg0crabfgb9fdjmesn1hto3', 1312898401, 86400, '', NULL),
('8kalu31lb9stbnl79cks5up3p4', 1312945501, 86400, '', NULL),
('8kcj6te9oj52fe4sbf0ok70it3', 1312983301, 86400, '', NULL),
('8koe5cbagida8i1kthinjtj5k2', 1312760701, 86400, '', NULL),
('8kqec3e2b9i44qqeadv8eu7vq6', 1312852501, 86400, '', NULL),
('8lh6dmlu1ndpdvotgkv60kuee0', 1312788301, 86400, '', NULL),
('8lith0qo944pfsovv88babit57', 1312792201, 86400, '', NULL),
('8m097ka9k0hu3vhc01scbjlh73', 1312920302, 86400, '', NULL),
('8m58ud1nu7pa9kpep4uqc2sh13', 1312868701, 86400, '', NULL),
('8mqcgaalkpp34kjniug7jqvar3', 1312951201, 86400, '', NULL),
('8nlhn83lt7iun32u6t82vn2a57', 1312863001, 86400, '', NULL),
('8olj579490qbd04hbqg4qkf2c4', 1312906801, 86400, '', NULL),
('8pb9c0tnjmfn3v7kokffahoa60', 1312979701, 86400, '', NULL),
('8pcpdeadpnjq7v50bsqforbu11', 1312941901, 86400, '', NULL),
('8pibfobuvpgpuvl9o4a2o8q514', 1312748404, 86400, '', NULL),
('8r4jq256dpjpp9v6aa1jugr3o0', 1312862701, 86400, '', NULL),
('8sl2glhj6c3nsm0v3e72ef5us0', 1312849501, 86400, '', NULL),
('8t79k6806s7i32a6s5j3ua52e0', 1312934701, 86400, '', NULL),
('8tk0njmsmiq7699ha4ajcg9eo0', 1312893301, 86400, '', NULL),
('8trgkl4d161lpucnqiv97dqm14', 1312775101, 86400, '', NULL),
('8tvsdegf38h5gtvg0s9k7ek2a3', 1312794601, 86400, '', NULL),
('8ubeod1q5cok83q43smmg2qgh7', 1312839001, 86400, '', NULL),
('8uh7f2olg9uf528slesar9q8s5', 1312921201, 86400, '', NULL),
('8ul2j47giu2hluf2s8muicu2t2', 1312848301, 86400, '', NULL),
('8vftabpjqk40lapv514n3d1dc6', 1312841101, 86400, '', NULL),
('8vgs5v4le8egqu7ia95n1vgen0', 1312902601, 86400, '', NULL),
('8vjqnk9lcvem0uo9i9fjdhi2h4', 1312937701, 86400, '', NULL),
('90q0i3jna48t3dbbrah5ladjs1', 1312991401, 86400, '', NULL),
('913u6mihm6fed93pnlvaddg7j2', 1312897501, 86400, '', NULL),
('916f5f79rr9jjblflepov1upc7', 1312866001, 86400, '', NULL),
('917o7qh6je1fkpvc5idhqv9jc1', 1312932301, 86400, '', NULL),
('91u6kq3pb5bv4evqam5j2fp980', 1312752601, 86400, '', NULL),
('92at40thvc1oshhlev0t9jaa51', 1312959001, 86400, '', NULL),
('92fio30pjdjgnn2c2i12bb6ja1', 1312835401, 86400, '', NULL),
('92mf1e503vr3gsd2d7r3i7ss33', 1312867202, 86400, '', NULL),
('94s92968f1n7adg6egikjktje0', 1312743901, 86400, '', NULL),
('95g8t5b3demfpih1vam3573jq6', 1312761001, 86400, '', NULL),
('95qqp42giujo5hl79nep4jiob5', 1312840501, 86400, '', NULL),
('96hnb641obqincog4u4p389a17', 1312861801, 86400, '', NULL),
('97kqa584vjrekahd3qdc99t8f0', 1312796101, 86400, '', NULL),
('97nfj91dfjtdg3e37mvds2ap62', 1312981201, 86400, '', NULL),
('98cbagk1ldrf8rpeml1l2c9gp5', 1312987874, 86400, '', NULL),
('98kc2du810ke8m82jsmcoc3js1', 1312990801, 86400, '', NULL),
('9915h4at151hip9b02444shh54', 1312752901, 86400, '', NULL),
('99shh13vm0fjdv0mnilkofmau1', 1312787101, 86400, '', NULL),
('9a4t6oho4g4cn0m9da8r9tkg94', 1312779301, 86400, '', NULL),
('9a8pdju2oprj2nkf1m7tflnep0', 1312732201, 86400, '', NULL),
('9aaa17jvqvj30ddl9odaegfpq3', 1312793101, 86400, '', NULL),
('9aearovkm5jd537g4huo84nhb5', 1312936201, 86400, '', NULL),
('9apjajsmii322c6q55rs0ennb3', 1312759502, 86400, '', NULL),
('9as59dkh33mbijqmtotmlbmrk1', 1312943101, 86400, '', NULL),
('9b210phnp2bh9jbheu38pfipe7', 1312784701, 86400, '', NULL),
('9bbppl1dbcp94uoahll60hosi6', 1312928401, 86400, '', NULL),
('9br581cmgtv9f7o7asng9k3v87', 1312912801, 86400, '', NULL),
('9bs641pu968p807ekj16tu1kl7', 1312899601, 86400, '', NULL),
('9cfj9u1crqot8jke538uvhp2i7', 1312860901, 86400, '', NULL),
('9cgh9ash9msdutotij96esd2k6', 1312797601, 86400, '', NULL),
('9ctg2rv00irkuur080fs9sn4g4', 1312875901, 86400, '', NULL),
('9e3j2dileo2mfff5e2vl01gnq5', 1312855501, 86400, '', NULL),
('9e7nhubk0ffmlrkvidvle3v0l3', 1312980601, 86400, '', NULL),
('9ep59lee9ik0d8r28vhpoh4o80', 1312980301, 86400, '', NULL),
('9f28m2u8i61maaubkssrfjukm2', 1312962601, 86400, '', NULL),
('9g7m8itqda2shafafj5geita27', 1312816009, 86400, '', NULL),
('9gcn63e10pht3d7ttah6ac9er2', 1312972201, 86400, '', NULL),
('9gt2ns84beblj09mpjquie94h0', 1312836003, 86400, '', NULL),
('9gtne82uf1li1jr8blm3clbst4', 1312935001, 86400, '', NULL),
('9irulv7qc8mmjj173isun2rcv5', 1312888501, 86400, '', NULL),
('9j1enaqco8sjs2pu7rit8b24u1', 1312737301, 86400, '', NULL),
('9jmiigi79a1so04qippe9mqe95', 1312941301, 86400, '', NULL),
('9k2men5rpu1fc64t8ootnfuqr1', 1312909201, 86400, '', NULL),
('9kbaqhi4uiin6qf7v9jssf50c2', 1312925101, 86400, '', NULL),
('9kvfhluph13i2hiff0n75a5mh4', 1312862101, 86400, '', NULL),
('9kvrgunf9l4vhtt50b239ju425', 1312856701, 86400, '', NULL),
('9lbi2u6031kgqf7kctdi5cqkj6', 1312759201, 86400, '', NULL),
('9nhsa1ec12jg43n7rkfg3skjs2', 1312999501, 86400, '', NULL),
('9o0todkpjjiuo009dc3vp1m8h3', 1312731901, 86400, '', NULL),
('9onkahackvp81ar750m8somb24', 1312779601, 86400, '', NULL),
('9oo4ttvv5sb8g7tde3bb9irt61', 1312938601, 86400, '', NULL),
('9p0pd8gtqlpmktnu1mssf9s551', 1312941301, 86400, '', NULL),
('9p5ok153jdoc7keklbd1naop63', 1312941901, 86400, '', NULL),
('9p7kr78626sgp92hrmu9atul86', 1312735501, 86400, '', NULL),
('9p9h1hulgilq4cnm5k0brpmha2', 1312853701, 86400, '', NULL),
('9q3u3g7ha8hg8blgl7e4ictl95', 1312755001, 86400, '', NULL),
('9q5apponta81cbmb0cbinnvet7', 1312877101, 86400, '', NULL),
('9qbqb47sqtg3i5esnt8tscul12', 1312836301, 86400, '', NULL),
('9qh1ulvl5lj95v3msr2bo2r1d5', 1312971301, 86400, '', NULL),
('9r3j2r6vpecoh4sj696b48hun1', 1312732801, 86400, '', NULL),
('9r6cfunuk18u2nggdc08vgkkb4', 1312950301, 86400, '', NULL),
('9r86dteus91bpb9gi18bo6jm77', 1312900201, 86400, '', NULL),
('9s6dhghktt5u83pjj6c5kgjf96', 1312731001, 86400, '', NULL),
('9s7cl9jdr6amiddk5sk2k1q5l1', 1312778401, 86400, '', NULL),
('9sfhpmdij76dja2bkqma9032s7', 1312917001, 86400, '', NULL),
('9sfraa4eoudqmesv0cum7dpim2', 1312838101, 86400, '', NULL),
('9tamm39tl9bojoq9313t85kk60', 1312984501, 86400, '', NULL),
('9taueksh487s5sse4i81jt0uq4', 1312848601, 86400, '', NULL),
('9tuefigptdu92uskdsfpn50ih2', 1312831501, 86400, '', NULL),
('9ub929ilpjjji6it8ccflqail7', 1312921501, 86400, '', NULL),
('9ubjpeln5bfpgd0ik2fgm8hb12', 1312727401, 86400, '', NULL),
('9up4uah3hpv2u95a3b921blq10', 1312901101, 86400, '', NULL),
('9usjbntur5v254hgtjbvht2gr1', 1312900801, 86400, '', NULL),
('9v7nh2te63esb7sih5qj9ncf15', 1312890301, 86400, '', NULL),
('9vbeupie0gaclcusqc7ii5bjr2', 1312913701, 86400, '', NULL),
('9vd7hvns1bd4fm8m6on15bh876', 1312904401, 86400, '', NULL),
('9vfcabu4ml9tahfhltvqh0r2o6', 1312985701, 86400, '', NULL),
('a0iries8eklddhj69apamqev95', 1312760401, 86400, '', NULL),
('a0m4ftcn38i5e892qe0c1hugc6', 1312870501, 86400, '', NULL),
('a0ovoc6rlnoorce8h2dea0mv43', 1312914001, 86400, '', NULL),
('a1pkgps93r59ucvgtgh4bfg9t3', 1312839601, 86400, '', NULL),
('a1qf8d0k912lfcc922bjlcb2i2', 1312857001, 86400, '', NULL),
('a1qq00eg26o0c8l7ckup849092', 1312881301, 86400, '', NULL),
('a2d0pm5r10cbccp0d34sd09222', 1312923601, 86400, '', NULL),
('a2qekd3sg3b6j16nvpkhbrfif5', 1312753501, 86400, '', NULL),
('a37lt1ap994q1i4kkov0nfb9o7', 1312979101, 86400, '', NULL),
('a3kfhqb3htj4i9vbd928qgumc6', 1312899901, 86400, '', NULL),
('a444568et97b4c8jf6sh9mgjn5', 1312729801, 86400, '', NULL),
('a46nhpbvoher4u2bmkhmbilu12', 1312926301, 86400, '', NULL),
('a4eq46m4kddu3a1hral4rejvo5', 1312944301, 86400, '', NULL),
('a4u6udfp4dcj8kqekv8svjp6q2', 1312998301, 86400, '', NULL),
('a54k2qn80mhli1njgh8n39m0g7', 1312736401, 86400, '', NULL),
('a5m8imh885ebf4ntg5q9kp40c4', 1312977601, 86400, '', NULL),
('a69ps7tp8m8r0v3jd6gkbkcr14', 1312743301, 86400, '', NULL),
('a7nlbggl34kar7m4aihod3kc45', 1312937401, 86400, '', NULL),
('a8h9ng9j1950vvmbt7qod9hh92', 1312956601, 86400, '', NULL),
('a8k1j7v6hdq9tru6gn10ioqdi0', 1312816501, 86400, '', NULL),
('a9hevq3l7lulqn00qrqgkhpes0', 1312879201, 86400, '', NULL),
('a9pp8tsp7hj5n9bble36m58f02', 1312958701, 86400, '', NULL),
('aada0i4765psjefq17plg9nhj2', 1312911301, 86400, '', NULL),
('aavs0unmkuploi4mo9qgj2jv43', 1312895101, 86400, '', NULL),
('abftqrp39ua6fkbau6qr0hedu5', 1312848601, 86400, '', NULL),
('ac8q0t60qcuk4k1m5epj15elk3', 1312960501, 86400, '', NULL),
('ad23rerf1ju1n44vdbeenc87b3', 1312795201, 86400, '', NULL),
('adevfdt88heaqjqs12qc0p46i7', 1312780501, 86400, '', NULL),
('adjiki1p8tphsq59o442r697i6', 1312893001, 86400, '', NULL),
('ae3crgl4kg6u0n1a4teeqb1p83', 1312767001, 86400, '', NULL),
('aebe1hfk9c9v6v9h6d2edrcqt4', 1312800301, 86400, '', NULL),
('aeidij60rp92btiqkc241nmpl4', 1312980901, 86400, '', NULL),
('afhn07tfggv52nqek976odrcp1', 1312728601, 86400, '', NULL),
('ag4eijsk3fqlcb5omit3aqgv63', 1312896901, 86400, '', NULL),
('ag746bn3nun9pv008h4e4pbse6', 1312881001, 86400, '', NULL),
('agrvpgka6ra29m536rvs3ftjh3', 1312769701, 86400, '', NULL),
('ahh0b6q4ogrlgsfv8v6kc8flv4', 1312932601, 86400, '', NULL),
('ai460be3qich0aj6n2rqcubb92', 1312802701, 86400, '', NULL),
('ai78v273psmsii3tqe7jbtg5b2', 1312874701, 86400, '', NULL),
('akbffrropb3tcfl3g2j7n7bkk2', 1312930201, 86400, '', NULL),
('akfl304mdif1q6sj41cjlpb1c4', 1312931702, 86400, '', NULL),
('akuctvasrae5bq4kclef40kk53', 1312847401, 86400, '', NULL),
('al903s35tmjnrahfbvakoq3ku2', 1312896301, 86400, '', NULL),
('alk84aogu8sms1st2tto9chu66', 1312835701, 86400, '', NULL),
('aln103b38rcd8kmjj39uee93u6', 1312841701, 86400, '', NULL),
('alnqbrg78ufps5kjssm6ragfs4', 1312771501, 86400, '', NULL),
('alpgsl3hu50n7cipfqjgb4sop3', 1312818301, 86400, '', NULL),
('amde9sb1df8bjr6h0ksijv4ru7', 1312888801, 86400, '', NULL),
('anju9173t1mefijgcun88fkpi5', 1312880701, 86400, '', NULL),
('antlu5k126stkdtr5u7rlc0b86', 1312916401, 86400, '', NULL),
('ao3k1rladtc5bekvievjrv0664', 1312915501, 86400, '', NULL),
('aosi7evjm1koi688osrek0muu1', 1312953001, 86400, '', NULL),
('ap01gni1n2d14dgo6kilevjoq3', 1312751103, 86400, '', NULL),
('ap71koe2rlv22933b29j47f2v5', 1312850701, 86400, '', NULL),
('apqkahj1mmq7ngqm7dj1v7in94', 1312808701, 86400, '', NULL),
('aptorh8sddv0ju1irf1vujm3m7', 1312975801, 86400, '', NULL),
('apvvohvk939ln9jf3vn0fsdoq3', 1312954801, 86400, '', NULL),
('aqn7dqd67pk1mjhpoehqhriiu3', 1312813801, 86400, '', NULL),
('aqtg2v1fe4f82vti9lv820lg77', 1312799401, 86400, '', NULL),
('ar1a9kqd1qddnc2abbmudmim02', 1312953301, 86400, '', NULL),
('as0is7lti6te9rokjeno3s6gl1', 1312814101, 86400, '', NULL),
('as7bgtn2c96ppt8iejnmiidqe3', 1312833001, 86400, '', NULL),
('ash3bc4km71niafq81gd0qvjg4', 1312995301, 86400, '', NULL),
('aspdpakm1nqlobfmpemhpdjed6', 1312750502, 86400, '', NULL),
('atkg7ug21iqi05ukn1cv1ui5t5', 1312813501, 86400, '', NULL),
('atl79hnpvamnrui8spejathhb1', 1312829701, 86400, '', NULL),
('auvt6tpbl5j6omcbjck6nhfim0', 1312998001, 86400, '', NULL),
('ave0ntn2m1p26sn9dtk5gu8fg2', 1312933501, 86400, '', NULL),
('b1dc7l27bn1bnjgmnf1os390k3', 1312986301, 86400, '', NULL),
('b25ia3averhed6kcd4vsube2j1', 1312786801, 86400, '', NULL),
('b2d0frb507jr047rlv2vgr3d44', 1312745401, 86400, '', NULL),
('b2icud7a432ehp1blq003lmq72', 1312912201, 86400, '', NULL),
('b2n1gru4devr6s5kmsdpjq76j4', 1312869001, 86400, '', NULL),
('b2pv25stp1hd2fsv0vuu7v2j21', 1312913935, 86400, 'Zend_Auth|a:1:{s:7:"storage";i:1;}login_id|s:3:"289";payment_sercurity|s:16:"tFtbLlGDU9971DO4";url|a:1:{s:6:"cancel";s:73:"/products/se4/groupbuy/group-buy/browse/req3/cancel/req4/tFtbLlGDU9971DO4";}receiver|a:1:{i:0;a:2:{s:5:"email";s:31:"store1_1300518495_biz@gmail.com";s:7:"invoice";s:16:"oI60BnPi3Z6OXiiI";}}', 1),
('b34q8hni9f4v5g9b1n96kqhgb0', 1312811101, 86400, '', NULL),
('b6540ki132h853t4utr7mp3p31', 1312809301, 86400, '', NULL),
('b66uqjk6dt0h3ndc6cqj38n3k5', 1312992001, 86400, '', NULL),
('b6b848mrnvvmu24696eo9m57o1', 1312827301, 86400, '', NULL),
('b6io723f70crrvmdjgkauq44k2', 1312976401, 86400, '', NULL),
('b7cd2h6sabt9846rbv5vve9if0', 1312752301, 86400, '', NULL),
('b8ci9nugb1d173hjo74ho80kc5', 1312886101, 86400, '', NULL),
('b8jk54btq2n0ar3fkie9nnpk60', 1312901101, 86400, '', NULL),
('b8t3jqqmrminde0pda36l9bb90', 1312989601, 86400, '', NULL),
('b9dqk0af7rks52kf7fjig4j233', 1312799401, 86400, '', NULL),
('b9mpbbv7s7va13pqsjtetavle7', 1312832701, 86400, '', NULL),
('bams5grqpqba049jkbaibmmsv1', 1312965001, 86400, '', NULL),
('bavl716vdv2rbe2d35l8red297', 1312776901, 86400, '', NULL),
('bbcmokvu2caa9fbgd7t98puj80', 1312897201, 86400, '', NULL),
('bc1t8nv03j9pt38p7ughnsilb6', 1312835103, 86400, '', NULL),
('bc5ora6toof7hredb8b269rk76', 1312732801, 86400, '', NULL),
('bciam5iier2c5ue8vrgscj9n02', 1312908001, 86400, '', NULL),
('bcj2iuhdof4m4fcrr8roisefa5', 1312759801, 86400, '', NULL),
('bco53d4c2q4i1ge1lmlmftgqr0', 1312974001, 86400, '', NULL),
('be5frs7be1aj0o1jkfjfktvar5', 1312869001, 86400, '', NULL),
('bfk8ajhv71c3qqlg67e12u1bf6', 1312949401, 86400, '', NULL);
INSERT INTO `engine4_core_session` (`id`, `modified`, `lifetime`, `data`, `user_id`) VALUES
('bfmn5i6gg21ql9jt4r7dl32go2', 1312742565, 86400, 'twitter_lock|i:1;twitter_uid|b:0;Zend_Auth|a:1:{s:7:"storage";i:1;}login_id|s:3:"277";payment_sercurity_adminpayout|s:16:"F7ZLx4M79T56AKID";receiver|a:1:{i:0;a:2:{s:5:"email";s:31:"store1_1300518495_biz@gmail.com";s:7:"invoice";s:16:"M86mL3q9QIUUqQnf";}}request_info_user_id|i:1;request_id|s:1:"5";message|s:53:"I don''t accept your refund because of some reasons...";total_amount|s:4:"0.00";', 1),
('bfs0jnsbp14clp3ao55carjg74', 1312897801, 86400, '', NULL),
('bfuhlm3smjpu4ujp86qemqain4', 1312943101, 86400, '', NULL),
('bgrh5f3fp011t0lv3p43uqv8g5', 1312911001, 86400, '', NULL),
('bhe075s26tplkr2300oqbkes87', 1312781701, 86400, '', NULL),
('bhevag9aolaugc033cm6fgrfe3', 1312814401, 86400, '', NULL),
('bhfndcj1hr53l3vuu0hssc5710', 1312903201, 86400, '', NULL),
('bhvc58cao81hh8e2a7sf3diu76', 1312953301, 86400, '', NULL),
('bi9us3uld58iqfo2g6man02a15', 1312871701, 86400, '', NULL),
('biecu9mul2hb3t9s5pp48cl350', 1312886401, 86400, '', NULL),
('bjcr22h517a0a8vcv3fnjt6u80', 1312812301, 86400, '', NULL),
('bjphedgeb7ue4k90ac1jilcud7', 1312794901, 86400, '', NULL),
('bk962d83320lavf42gcapcltg1', 1312946101, 86400, '', NULL),
('bkb6ddm16gvmt88em9dnfg9i36', 1312734301, 86400, '', NULL),
('blvj2vtt7sj3k1uto6m5cf4b22', 1312984201, 86400, '', NULL),
('bn14kac9si8ie4mec8k9nsj194', 1312869901, 86400, '', NULL),
('bnse19hlv64had7n37qb4ne581', 1312896901, 86400, '', NULL),
('bol6b5p0fv6m2u2sj4ge3e13q4', 1312773001, 86400, '', NULL),
('bp2mqpoe54dbnjteaqg8ac3dg7', 1312955101, 86400, '', NULL),
('bq82pqa3c3mvvdbu13i1420272', 1312775101, 86400, '', NULL),
('bqbvrod0vquatru5r8c8u8g414', 1312806001, 86400, '', NULL),
('bqkfb659tj9ie7a1leg86pibg2', 1312983901, 86400, '', NULL),
('br5al23e3co06ga6mmlkdrms55', 1312997705, 86400, '', NULL),
('brt0cfueib1p2fp8j0p72uuje6', 1312942501, 86400, '', NULL),
('bs2ld1auda9i8sgc1gq82ll1t0', 1312945201, 86400, '', NULL),
('bs8gmko9aci9fldtp5i44v4bj5', 1312813201, 86400, '', NULL),
('bstte5lvs6ifbdof41a0kal7h3', 1312922401, 86400, '', NULL),
('bt9hua1j04s96i4s0gad9qncd0', 1312801801, 86400, '', NULL),
('btberd2505obomdvfr9vo7hfg2', 1312889701, 86400, '', NULL),
('btc6r0fnmkr8cv81fnjbgncmq1', 1312767901, 86400, '', NULL),
('bukb182hjrpj9ot692na40hgv5', 1312889101, 86400, '', NULL),
('bvrckldard23bjhdp4rr5ui1i1', 1312859701, 86400, '', NULL),
('c06lh5506eorameev3424m84k5', 1312792201, 86400, '', NULL),
('c09nio1rllog5oc30qg9b4v0u2', 1312878601, 86400, '', NULL),
('c0ev9040qp73otjc44nn7dicq2', 1312866301, 86400, '', NULL),
('c0iagmsgc03vihibp1v4l2q8l7', 1312857001, 86400, '', NULL),
('c0ip3ft0ins6d3f3a15lftsqb5', 1312787701, 86400, '', NULL),
('c0la4ks3cmcok6jaersbaula56', 1312730401, 86400, '', NULL),
('c102d8aj0c50u7k2e7cvakqgd4', 1312830301, 86400, '', NULL),
('c114b5g7bodh9fbc8n7jddnkh6', 1312830001, 86400, '', NULL),
('c12cossudouievcstt7ggasiq0', 1312935901, 86400, '', NULL),
('c23s5ridudf7mbjmqnu1epo3m4', 1312853401, 86400, '', NULL),
('c2gak1o336ksqrdmhnihpr2vv7', 1312888201, 86400, '', NULL),
('c45ii7uqji103sia5hhlsvi9j0', 1312973401, 86400, '', NULL),
('c4cdav52pooqkl71knn2dpof67', 1312860001, 86400, '', NULL),
('c4dd366arnujm0487iau6g98g3', 1312833901, 86400, '', NULL),
('c4nl1n5fseuvhfkgf81kmhu295', 1312855801, 86400, '', NULL),
('c55qks8l8itnn3tq6m453vm0d6', 1312735501, 86400, '', NULL),
('c5bqqe4fb1gsj05ijr26805nf6', 1312755301, 86400, '', NULL),
('c5hhhms4s0llpu2ot387dmk0e2', 1312739101, 86400, '', NULL),
('c7ag1onsb7fmqcbl88akkbsdr0', 1312981501, 86400, '', NULL),
('c7ggi5b719890u9e4cerhs82f4', 1312774801, 86400, '', NULL),
('c7kdnvg8e0pnlnk2k9kiqgoj91', 1312904701, 86400, '', NULL),
('c7nvk0amps698r6n5gers5deb7', 1312867201, 86400, '', NULL),
('c94c2ahh2ea68o6hh29q0h25v1', 1312725901, 86400, '', NULL),
('c954sa7at3g8m1eqj6qfqh8i44', 1312878601, 86400, '', NULL),
('c9936jhu0t0283p4ppp29rfg22', 1312854901, 86400, '', NULL),
('c9dd8kiamk0bi72uvarmb006q0', 1312936801, 86400, '', NULL),
('c9e7upus81vr3gro4g4qt1n0h3', 1312732201, 86400, '', NULL),
('camck6a5ce281ijjkr7247gb03', 1312955101, 86400, '', NULL),
('cb7i24lftpm1oc52ujong7v102', 1312740301, 86400, '', NULL),
('cbfia01com03gr6s7vjevm0a46', 1312867801, 86400, '', NULL),
('cboastlgqtfoclung6kd2v1ib3', 1312975201, 86400, '', NULL),
('ccl14s6u3jes4nelgum8cnstu1', 1312989301, 86400, '', NULL),
('cd3sstkrdv3foloe8fra51bo11', 1312723801, 86400, '', NULL),
('cd96il7rk2et5v9ji77c82b910', 1312750208, 86400, '', NULL),
('cdjf1qq9tbs3q7lnrutals4pg4', 1312795801, 86400, '', NULL),
('cdrs4a2e0n67ql98a1uqk8ukg4', 1312939801, 86400, '', NULL),
('cduk2qm51kpvnab6p0el6efjm0', 1312791901, 86400, '', NULL),
('cdvllv6coh0uemd5tlf8csoha6', 1312829101, 86400, '', NULL),
('ce3fmt87u1ocivf8qaumcc26i0', 1312885801, 86400, '', NULL),
('cfiukkmacjuurl6198httip5u4', 1312960801, 86400, '', NULL),
('cfsqjgml01eg9vsh11n79cqb24', 1312990501, 86400, '', NULL),
('cg7us8o01vqu6elaqjtsqqa5e2', 1312885501, 86400, '', NULL),
('cg85jjv8ai10bt1o5b1rc3uar6', 1312995001, 86400, '', NULL),
('chlpn44l3cmsp0hjo5m772o5r5', 1312879501, 86400, '', NULL),
('chnlv6d3ro4i1h119rmgk6nfi3', 1312902301, 86400, '', NULL),
('ci2k4emffntjiqrti2noa0sho0', 1312873201, 86400, '', NULL),
('cicdmjnr758olbqtjmotj5d703', 1312953001, 86400, '', NULL),
('ckm05p06vdl76mq1n985han4h1', 1312980301, 86400, '', NULL),
('ckmapi93go32njvb5i1rslbl37', 1312727401, 86400, '', NULL),
('cljr8t8pmn8g2u6q2cl9ochqi4', 1312982101, 86400, '', NULL),
('cna44470gi1ckqu8vvb3utsk05', 1312758001, 86400, '', NULL),
('cnienfd688fbgev10ahkc5cnf5', 1312929301, 86400, '', NULL),
('cnnebd10c974e8o7rmsj6gu0f1', 1312999201, 86400, '', NULL),
('cp2gbv1uktp4o6r0s75ltb1p60', 1312809601, 86400, '', NULL),
('cp7ljde0f9tn224qmu453bima5', 1312795501, 86400, '', NULL),
('cpfjjipebbg94b9ce79k85lra2', 1312793101, 86400, '', NULL),
('cpkh16jhmek23m4g4bqjll48h5', 1312953901, 86400, '', NULL),
('cpm6j75ofvb33k2lmq1davu4f7', 1312735801, 86400, '', NULL),
('cpq7q1lpfgfmfrgta55eif99s7', 1312756201, 86400, '', NULL),
('cq07qkegrht0hkfdd70bhhh921', 1312917601, 86400, '', NULL),
('cq520b00gbvevk0jikd7qc3cf3', 1312842601, 86400, '', NULL),
('cqsv1bb85bnbbubscvmco877q1', 1312976701, 86400, '', NULL),
('crf1ncm87oretf2005ihbk7cs1', 1312725601, 86400, '', NULL),
('crmjql4f52vo4v1r684e04nhd1', 1312939801, 86400, '', NULL),
('cs7klm8n45rgr25v07rtp2t3n1', 1312974301, 86400, '', NULL),
('csbt5cj76ilpcnpm7johmpill7', 1312769701, 86400, '', NULL),
('csfb0ho4lmriajjegb29vau743', 1312979401, 86400, '', NULL),
('ctdnj2s3e7nibihd6dagfs88r2', 1312902301, 86400, '', NULL),
('cu4uipjfr6140qaalrkkhvqro2', 1312920002, 86400, '', NULL),
('cukhdld7r448uag3nh1gs5mhm2', 1312829854, 86400, '', NULL),
('cuq8prkbdf55pqm3o7fnb92ut1', 1312754401, 86400, '', NULL),
('cv8suhdadqqbjgb82g1kk89tc7', 1312933801, 86400, '', NULL),
('d04vp2lv986k2n6a9ibhhvrt45', 1312739401, 86400, '', NULL),
('d0a5vh41o5fr4oqkn8dqh1rg54', 1312834201, 86400, '', NULL),
('d120ivjts8nq2hnk14ud8vdbr3', 1312944601, 86400, '', NULL),
('d17nd74aqh3sob8jo77pv1spf6', 1312865401, 86400, '', NULL),
('d1eq0at2m860mq280p1odielg6', 1312918801, 86400, '', NULL),
('d2edplpgutdccpn5b21n8fva97', 1312909801, 86400, '', NULL),
('d305kf1iuvvtlqstie4r3itiq6', 1312907101, 86400, '', NULL),
('d3dmemaut1ocquraskt7hvnls0', 1312932901, 86400, '', NULL),
('d4iuicbkn31eui5ku7aunqi552', 1312806601, 86400, '', NULL),
('d5dschf5d4t3nlea75l5k6rjc3', 1312846201, 86400, '', NULL),
('d5gd8poco5skdosac0dlmv7vs4', 1312949401, 86400, '', NULL),
('d5lk4qh52q2glk7gis6t3ir6f7', 1312940701, 86400, '', NULL),
('d5n46578qpppc4haur2130tqd7', 1312810801, 86400, '', NULL),
('d6pqk08q9q0h3rvpj1v43sc3n0', 1312916101, 86400, '', NULL),
('d6tud707uqr6sn8qdrljamfn05', 1312828201, 86400, '', NULL),
('d701hafjf5e199vk2vtrv0u4a7', 1312735201, 86400, '', NULL),
('d7bu8vo9sao8cq37l6b6ehcie1', 1312738801, 86400, '', NULL),
('d88a16mbthgjjn3ctmcsb29lj3', 1312878001, 86400, '', NULL),
('d923t60huf041mvmvj4u6ulnj0', 1312876801, 86400, '', NULL),
('d9a07r4hdfctngvr504bm2fna7', 1312851601, 86400, '', NULL),
('d9j257rinitd98traefu269a67', 1312934701, 86400, '', NULL),
('db10o3peiskic1ttv23c0eq6l5', 1312980601, 86400, '', NULL),
('dbjbknboup3430e0ocgtq0l0h7', 1312991101, 86400, '', NULL),
('dd8cssb734i3qf75r89uupdim2', 1312835701, 86400, '', NULL),
('dea3liboq44m7l3pccas3bt040', 1312967101, 86400, '', NULL),
('dekgdt9t3e3i0d0jppm3g3g5k1', 1312770901, 86400, '', NULL),
('dfd1isjudph4vbcuq7lbouoen5', 1312988401, 86400, '', NULL),
('dflqnlt965d4lh8ce532lqpfc1', 1312967701, 86400, '', NULL),
('dfqhujtkoja4rkn5outi5fmo16', 1312836601, 86400, '', NULL),
('dgdqoplgo7mkldon605e9n2ma6', 1312730101, 86400, '', NULL),
('dhbrbrgo27fbdjff14u4fdnah4', 1312812301, 86400, '', NULL),
('dhg1loc85a8egptovg89101ln1', 1312752001, 86400, '', NULL),
('di0aslvn5mfumfuigjig1dcjl7', 1312918801, 86400, '', NULL),
('di373t2vni7hpop55ljcglj6l0', 1312989301, 86400, '', NULL),
('di4bo522eh6rc87n69ofu34jv3', 1312738201, 86400, '', NULL),
('di8ku911vf39hbha6s3636ode3', 1312874101, 86400, '', NULL),
('djo2f1ouuqak955k5g0k5ss766', 1312842901, 86400, '', NULL),
('dkbqvq9v4isq8pm1n43u2ku837', 1312760701, 86400, '', NULL),
('dlgjpstb71em2oicatctstlc72', 1312911001, 86400, '', NULL),
('dm0bmffekjt4v0k8kpuke703u5', 1312870501, 86400, '', NULL),
('dmmp2rgug0uc79icuhnjlh3o32', 1312918501, 86400, '', NULL),
('dobphpl4b8el6lt9842nrog8o0', 1312761301, 86400, '', NULL),
('dobu1dr5g80mg6g87sm214m824', 1312928101, 86400, '', NULL),
('doksk3clnc53ksiq93m950cq10', 1312768801, 86400, '', NULL),
('doncni4ga7odfv29pjq1bndlf0', 1312746603, 86400, '', NULL),
('dopgjv08230lbbmaor23ki0kl7', 1312938601, 86400, '', NULL),
('dpfkcf3pcjfnjdm05s70dgb872', 1312854601, 86400, '', NULL),
('dpvhjjro8djgddmc8qp2e1rcq1', 1312879201, 86400, '', NULL),
('dq15rpuvu1hc58bh71qjudsti3', 1312919401, 86400, '', NULL),
('dq2m10b168stqrt96vofbs89s2', 1312743601, 86400, '', NULL),
('dr3p9ep9q960m9vkta4b8r08r2', 1312742401, 86400, '', NULL),
('drbpd07863hu72nmjst2k3nrt5', 1312849801, 86400, '', NULL),
('dsdcom9iq81tdl493ou5natfm5', 1312955701, 86400, '', NULL),
('dsrgp2rh74haiu5ld2imb9ovk6', 1312952701, 86400, '', NULL),
('dt4dlaoav83hhgtt7eb9j43h34', 1312905901, 86400, '', NULL),
('dt64d9p2dt5bvolo6qoq9htkc1', 1312764301, 86400, '', NULL),
('dvnckfmf44l5f728fvo5ukhif6', 1312997401, 86400, '', NULL),
('dvunsv4b6nr3o11i55fnauijn7', 1312990201, 86400, '', NULL),
('e07qgnqlj0chstjd4nuptbfnp6', 1312875301, 86400, '', NULL),
('e0k0gs45slajmn6vjcnm9ujqg6', 1312865813, 86400, '', NULL),
('e0p4k3omcsfc8jh91p7jeu6mh1', 1312740001, 86400, '', NULL),
('e1kv1330lv61bflgjf6d0ta462', 1312774801, 86400, '', NULL),
('e23napos5jfdn6lddea57khcs3', 1312904701, 86400, '', NULL),
('e2keq6scb1h5bpvs7at9j9kk24', 1312852801, 86400, '', NULL),
('e36n0juq9l67d8b26jr8afr091', 1312891501, 86400, '', NULL),
('e4hbcc84u0fjmfb0lm7mtdvrd5', 1312974601, 86400, '', NULL),
('e5mepdab63rhdanv9fcs0t5561', 1312994701, 86400, '', NULL),
('e5ndhif3rtutmf50nquuo6r4a6', 1312817702, 86400, '', NULL),
('e5q7oji7prg2riqiekha0lhti1', 1312798501, 86400, '', NULL),
('e65jeasm2vc7ivij4b6l1j0no5', 1312775101, 86400, '', NULL),
('e6af604f661dbb2975ea01bd713fb3a8', 1312529048, 1209600, 'Zend_Auth|a:1:{s:7:"storage";i:1;}login_id|s:3:"211";twitter_lock|i:1;twitter_uid|b:0;payment_sercurity|s:16:"qmAsddVfu4FLdgZb";url|a:1:{s:6:"cancel";s:60:"/groupbuy/group-buy/browse/req3/cancel/req4/qmAsddVfu4FLdgZb";}receiver|a:1:{i:0;a:2:{s:5:"email";s:31:"store1_1300518495_biz@gmail.com";s:7:"invoice";s:16:"FvmXkQoFl3Xt21em";}}', 1),
('e6ai5cosu767fdf0oi4ecsjia7', 1312936501, 86400, '', NULL),
('e6k082uu5cqg9e3hpfpi3h4h44', 1312803001, 86400, '', NULL),
('e77k775ges569v2b1ce3d7bvf4', 1312840801, 86400, '', NULL),
('e83071vh9kgaogn24upc8dbh70', 1312862101, 86400, '', NULL),
('e8e94gp89k4srpi9bfe6sv9o42', 1312957501, 86400, '', NULL),
('e8ir02hdp3h6ufs2aqqubdrqg0', 1312902001, 86400, '', NULL),
('e8j7vq63bfh1uvl04ufqrh2up7', 1312940401, 86400, '', NULL),
('e8n5dml4itv0cq84rmdf2881p6', 1312842301, 86400, '', NULL),
('e8s66fvbnnplco36ts2sv59871', 1312787701, 86400, '', NULL),
('e99pa25l3nferfc53h9u1sclc7', 1312946701, 86400, '', NULL),
('eaj1roubjqbjlg1fpala9jcl87', 1312891501, 86400, '', NULL),
('eajh66p0o4j7vfj0igt1qb2ae0', 1312776601, 86400, '', NULL),
('eb7d8vecfj375aquo16bsk3ud4', 1312794301, 86400, '', NULL),
('eba4fbg0khg6u1r8khijiliil7', 1312808701, 86400, '', NULL),
('ebcb8s4vuqfe8e4g3aauq297i6', 1312866901, 86400, '', NULL),
('ebfs8m97dstfjd54kl26sd1t74', 1312736701, 86400, '', NULL),
('ebj61qhm9avmdpk7nune7mmd47', 1312927501, 86400, '', NULL),
('ecpe6ci8eilsf6bqaape91tor1', 1312923001, 86400, '', NULL),
('edj3uv10bbovbu6abcp30isi17', 1312833001, 86400, '', NULL),
('eeknlcd20vtdfdblruqsd92vs1', 1312770001, 86400, '', NULL),
('ef6obevft0qtgkqtgcu588s2u0', 1312785001, 86400, '', NULL),
('efiiqt3d1u06722aoielemmtb2', 1312769701, 86400, '', NULL),
('efk0rrjcjqqp8c2asta7qsb583', 1312885201, 86400, '', NULL),
('efrb1ha775ae7g6l995hdkq025', 1312918201, 86400, '', NULL),
('eh8nllfmgk319jln1fqkgd5nt5', 1312947901, 86400, '', NULL),
('ehctcb4tlakl2bk70g0q7fa281', 1312871401, 86400, '', NULL),
('ehlllmgn9bpuh75s49kg61j603', 1312803901, 86400, '', NULL),
('ei8g88j4fe5v8pspin4734iin7', 1312912501, 86400, '', NULL),
('eiboa5sjuci6af94iach3ofr64', 1312865401, 86400, '', NULL),
('ej65fhhoq2rogk8v7g8erovos3', 1312738201, 86400, '', NULL),
('ejo20cqis558aifnjjcr1rprf1', 1312942801, 86400, '', NULL),
('ejq2bl4jgkginu5g6f3fddv7s4', 1312825803, 86400, '', NULL),
('ejtn2o5ok5gbmrkd7f1kll0s70', 1312926601, 86400, '', NULL),
('ek7mbq0huli288hghmn2hqss76', 1312864501, 86400, '', NULL),
('ekao3a3lig9bau7l85kavjptb3', 1312951201, 86400, '', NULL),
('ekn8k8k1stkaamfb3ipku26ns1', 1312734001, 86400, '', NULL),
('el12chi9i3aur7qkitab0vbb12', 1312877701, 86400, '', NULL),
('emrjm6gcmk062peuph8b6aarc7', 1312833901, 86400, '', NULL),
('engniqhuplttofldndhlne1ju0', 1312827753, 86400, '', NULL),
('enoftcln9nbc9tlrg4inra7c46', 1312839301, 86400, '', NULL),
('enpe90vug58ii3b1v6c14g5007', 1312776001, 86400, '', NULL),
('eo3mkjr7ibhu253vsegksr8s84', 1312740901, 86400, '', NULL),
('eo75q93n2cr95gvninj6tud090', 1312861501, 86400, '', NULL),
('eoj2df3vg6djk68fagrppcv495', 1312902901, 86400, '', NULL),
('eon01bht6jnfdv5lnr7csq3js2', 1312866004, 86400, '', NULL),
('eoo4a1klboe1gqc4vv66betmb4', 1312742401, 86400, '', NULL),
('eouli0pnmunpjm2dm0u2fgegr7', 1312984801, 86400, '', NULL),
('ephc9hun6l4g1j97ko3vicjes0', 1312972801, 86400, '', NULL),
('eplgj7dd1ro0auk2327pujnvc1', 1312773301, 86400, '', NULL),
('eponopaqj2gcicro1p25blud37', 1312853101, 86400, '', NULL),
('er2jg3luqfo42q7v8jteclsjf2', 1312850701, 86400, '', NULL),
('erhue2lvfb43v90ivk6g8p93e0', 1312837201, 86400, '', NULL),
('erjni3ku3e3mj6spne3edph2q5', 1312841401, 86400, '', NULL),
('erkvv22iuk0qjfikic1lj97es4', 1312954201, 86400, '', NULL),
('eshaq9orf7dpfhe9hphson2rm3', 1312762201, 86400, '', NULL),
('esp3jtstrnkiu576nhdqr48v17', 1312817402, 86400, '', NULL),
('est3s2i1g41p68el4kgapvp607', 1312752001, 86400, '', NULL),
('etlta0v0n75g0lhttntcpfl8j4', 1312999801, 86400, '', NULL),
('etn1odbv6ed1d1jvobgjrohvk3', 1312778701, 86400, '', NULL),
('eu7pseklm4h5on6b3l9d4ogbe3', 1312926301, 86400, '', NULL),
('eu92gn6m4ojnl6qfj2ottf42g1', 1312785601, 86400, '', NULL),
('eua9nqs39joosai1v5oi79k6q4', 1312937101, 86400, '', NULL),
('euauv31ikl0jm7k13p7g7kie64', 1312854301, 86400, '', NULL),
('evokbi32lr5i2vqim3gj37bq14', 1312938001, 86400, '', NULL),
('f0fivv0i1sg20r9q8fnjdpvsh2', 1312740001, 86400, '', NULL),
('f1ajq7i4n58kmgdng51d863sc5', 1312747802, 86400, '', NULL),
('f2plis0vk2nn42og6oqq2m3jg0', 1312963501, 86400, '', NULL),
('f36h01hqjpka11ml1udb782ue6', 1312921201, 86400, '', NULL),
('f3oftfm9cg444b2hkm3s78keq4', 1312978801, 86400, '', NULL),
('f41lp2h6i4ir41tvadpfi0b5l6', 1312763401, 86400, '', NULL),
('f4j51ic350ma6umh53i5qfbs51', 1312983604, 86400, '', NULL),
('f4q73ahevr6nl8lla5vpe3dmg2', 1312773601, 86400, '', NULL),
('f5jut8itbe9affu3b37tivq5b1', 1312889401, 86400, '', NULL),
('f5unhus5prddtm26d918fo8ia1', 1312991101, 86400, '', NULL),
('f6csu1i83eco77idap72j4cdo3', 1312738501, 86400, '', NULL),
('f6lhb4p08b5dcffhur5t7kb3f6', 1312889701, 86400, '', NULL),
('f6tlrv0fso4tuccqqs759sqqk3', 1312774501, 86400, '', NULL),
('f786u2gmnio02l4kntr53bh9a1', 1312780501, 86400, '', NULL),
('f7ompemvandh5ro55k4r5eq5l2', 1312726501, 86400, '', NULL),
('f7rahfk1bhthapceqhk6vajbm4', 1312959601, 86400, '', NULL),
('f7tqmh28vci0ivl7tpl4o6k9s4', 1312906801, 86400, '', NULL),
('f7v6lugbjgljdqkmt3knib0ju7', 1312724401, 86400, '', NULL),
('f8k4fi6f6iji3v32hnvvuk0ev7', 1312956901, 86400, '', NULL),
('f8kkrd38gqcn9a9ive02llb312', 1312960201, 86400, '', NULL),
('f8q06q656no23isoff5rn0j566', 1312794001, 86400, '', NULL),
('f94sagchi60micfmr0jg8cf4i4', 1312777201, 86400, '', NULL),
('f9s2su0m7b0jegtfb8ilimi3d2', 1312982101, 86400, '', NULL),
('fahcqan0rrcuitdm0ctshmg4p5', 1312785901, 86400, '', NULL),
('fblj91ic91lrtj7h14u184hek3', 1312951501, 86400, '', NULL),
('fbqm1dl48t94a2njjk8k75v860', 1312801501, 86400, '', NULL),
('fcifbhn9p06linbodbpf0q36m4', 1312763701, 86400, '', NULL),
('fcr1cfkukb32n3rnciovmqb020', 1312883101, 86400, '', NULL),
('fdpq5ok0ieekoj45qbcqucgo00', 1312734301, 86400, '', NULL),
('ff94trg2bp8s1vttsumsqqkr70', 1312961401, 86400, '', NULL),
('ffd5u6dha05vp5t5cjp5pk51m7', 1312889101, 86400, '', NULL),
('fg29gvj9sbpk3ii2o6l8e838b0', 1312928101, 86400, '', NULL),
('fgmkkcd3ke9ot7espqgpq6ms13', 1312866004, 86400, '', NULL),
('fh0m1g9bf1rkk3im75uo3ej7b4', 1312847701, 86400, '', NULL),
('fhbuqfiibgr9ulfm3bg638skc4', 1312800001, 86400, '', NULL),
('fi7mmub31lg00s34um6d080a83', 1312994701, 86400, '', NULL),
('fj65k62v3mdlgerqpjorqp12r7', 1312853401, 86400, '', NULL),
('fjjrfl7ges2ic1hhtr8q16kpl4', 1312904401, 86400, '', NULL),
('fjop7upvodnpqvsh8l6dhb1a20', 1312986602, 86400, '', NULL),
('fk0mv09h3amsflqtm1oumq2nk1', 1312954501, 86400, '', NULL),
('fkj5abmrkrc5o4hsj4pdbrfg83', 1312918501, 86400, '', NULL),
('fkj6usvjdr2kqv6djcd6csn0c6', 1312859701, 86400, '', NULL),
('fktq7g0bc9hm3psjtvoo10l5c7', 1312859401, 86400, '', NULL),
('fnf3ptlli314un8blr0uhtaa46', 1312866901, 86400, '', NULL),
('fnk8i5eabo2dgufan7bgedvjo0', 1312810501, 86400, '', NULL),
('fnpvlumpi68ljn5c9ksubqhpt2', 1312817104, 86400, '', NULL),
('fnreekj0et3utjdco6nk3dg304', 1312837503, 86400, '', NULL),
('fnuftrnv88r3o069edjckt0um1', 1312927801, 86400, '', NULL),
('fo21epce2kanrtlu6rr77nmra1', 1312966501, 86400, '', NULL),
('fo9us59p1lvgkoi1gtsfipfvi2', 1312831501, 86400, '', NULL),
('fofs24r63sfr15inrq1fjr4m37', 1312894201, 86400, '', NULL),
('fp6g5vrcql0m3cubt2b63o1lb6', 1312882501, 86400, '', NULL),
('fpitkv385fqpm05min64hs9g25', 1312838701, 86400, '', NULL),
('fpouqpvhmatasrkanu998rrhu3', 1312776301, 86400, '', NULL),
('fqlji6gfp72naal9rrr3v65pm2', 1312811101, 86400, '', NULL),
('fqngila5eocr09o9o6r39gf2d6', 1312747203, 86400, '', NULL),
('fqp89a9e5v495o8n3cpnit10f5', 1312929001, 86400, '', NULL),
('fr4t6iud3h8ke4486sdcid40v4', 1312815601, 86400, '', NULL),
('fsgdmgmoh9m0kies5vojskvi34', 1312883101, 86400, '', NULL),
('fsjmdsp5f2m50llkafhjen6lf6', 1312767901, 86400, '', NULL),
('fst4n8ldhij52gviah4gqc05u7', 1312771501, 86400, '', NULL),
('ft5cq1ll03rlipn8pc18ljpp06', 1312845301, 86400, '', NULL),
('ftfbib011h2pdnecjpqmbuo4q2', 1312829401, 86400, '', NULL),
('fvo1rc2sd5ciunf7mamuubjrc3', 1312923901, 86400, '', NULL),
('g05hrkh11qh6rq9nb9hfpiptv0', 1312997401, 86400, '', NULL),
('g0ubhgtehaefnnmrvcrihfb356', 1312811173, 86400, '', NULL),
('g1pcd63eg78moipji7m612bc43', 1312854001, 86400, '', NULL),
('g1vndkdelpg0v6bjrhjvr510d6', 1312851901, 86400, '', NULL),
('g2c3m1edsi24moit2treorqor4', 1312728901, 86400, '', NULL),
('g2ve6vv8pd6oeblvep4at791i3', 1312767301, 86400, '', NULL),
('g3hv9nhvjsucdgn62fu098b760', 1312870501, 86400, '', NULL),
('g4p0tnnh1jmtj66kglt7985eb0', 1312846501, 86400, '', NULL),
('g5d1k87ed04s0n9r9hql6r6hh3', 1312844701, 86400, '', NULL),
('g5i11qr47o120fchq3ilavjej4', 1312878901, 86400, '', NULL),
('g6676dh6pncf6ev2keunob1sq7', 1312910101, 86400, '', NULL),
('g6i1fbp51vah5m2hdi62e0a010', 1312777801, 86400, '', NULL),
('g6q0m5l0s3gtpp1ng2p4qipj82', 1312810201, 86400, '', NULL),
('g7tq00gfc1b2vololsabsalt41', 1312730101, 86400, '', NULL),
('g7vcdddvnhq4smhf3h0ptqkk05', 1312938301, 86400, '', NULL),
('g80ggrosh6qk72uu1q6jc5p0j6', 1312837801, 86400, '', NULL),
('g8kp6kb2h5hvspr8vkcequjcm2', 1312901101, 86400, '', NULL),
('g9lg9mthe4chj7sqhlli2iu0u7', 1312782001, 86400, '', NULL),
('gaavgva0fnseq3kmqgb62429u5', 1312839901, 86400, '', NULL),
('gaf3ggf1bibl8e3gj0m0a7bcj2', 1312872901, 86400, '', NULL),
('gaj0gdhecsnl65u26e1n3bg3u1', 1312996201, 86400, '', NULL),
('gb93aj8lce5vf1792d4utbupb3', 1312984501, 86400, '', NULL),
('gbgkbrtpk2lov4ccoig711nfd5', 1312839901, 86400, '', NULL),
('gcnri7nsebc387avv7047vf1e7', 1312902001, 86400, '', NULL),
('gctb9nfl75b7qhp2vcrfq6spi1', 1312799701, 86400, '', NULL),
('gd54ofdsh2o4doa7jn7eonf831', 1312871101, 86400, '', NULL),
('gedd7qqga3ntqcmdu3bk70k1t6', 1312891201, 86400, '', NULL),
('gei5f55pgba0mn6f1h27pg8260', 1312871401, 86400, '', NULL),
('gej0gtk4kk8dvk7cfe259ipfi3', 1312961401, 86400, '', NULL),
('geurvg76cutmaphd6cpkrvct96', 1312771201, 86400, '', NULL),
('gg24bl6vcu2tdp0o81ufi4dft4', 1312855201, 86400, '', NULL),
('ghom73c3ag0rrd9tci9nhof0l3', 1312907101, 86400, '', NULL),
('gi36kkc99hbquia0oin2ms1qi6', 1312735201, 86400, '', NULL),
('gifbm8d5eakal1dp736ss97682', 1312800901, 86400, '', NULL),
('giht8hpmmr74p76uiai5kfhpd5', 1312827901, 86400, '', NULL),
('gji9s5rmpti4prlbenl9i6rmi0', 1312903501, 86400, '', NULL),
('gjlrdn0s9a62gd3kfivrd6lg80', 1312926301, 86400, '', NULL),
('gkno5in8o90saasfd5r76vm6g3', 1312849201, 86400, '', NULL),
('gkucr4kat97c8m9b2tkcf489a1', 1312916701, 86400, '', NULL),
('gl05io542gu315vupiqngnei81', 1312971901, 86400, '', NULL),
('gl1v4lqbdfeaq84a0qiihhho06', 1312977301, 86400, '', NULL),
('gl2tbg7rigo75bi6ekun9077l0', 1312762501, 86400, '', NULL),
('glak4n72ojc59fostf4k9psmi0', 1312730401, 86400, '', NULL),
('glap4htd8jckd0tjvoi6ifo432', 1312804801, 86400, '', NULL),
('gmhrjkcfb5ilmi647slajqds93', 1312908601, 86400, '', NULL),
('gngoasuf1ikad1s4ucgj2fnjf4', 1312866302, 86400, '', NULL),
('go16071uu3m63fejp1jis1cda6', 1312871701, 86400, '', NULL),
('go36m6kigvfc28tl819bbt3ka0', 1312773301, 86400, '', NULL),
('go5g54vjbt88d1ag5cphtkg5k1', 1312768501, 86400, '', NULL),
('goafferm0lah4khosk816ve3f7', 1312772401, 86400, '', NULL),
('goo4n696kti1ecb1p8h7iudnd0', 1312838701, 86400, '', NULL),
('gp1q6v0e2d9n05v8900tn1snt3', 1312963201, 86400, '', NULL),
('gp3ngodogak6ra3a1f5laqo0l7', 1312867501, 86400, '', NULL),
('gpki964s89m8n605rb5gst9707', 1312911601, 86400, '', NULL),
('gqjc9kk1kkdpvvjs65t8fbmim3', 1312830566, 86400, 'twitter_lock|i:54;twitter_uid|b:0;Zend_Auth|a:1:{s:7:"storage";i:54;}login_id|s:3:"287";payment_sercurity|s:16:"xGiu2bBsVHI3bNt2";url|a:1:{s:6:"cancel";s:73:"/products/se4/groupbuy/group-buy/browse/req3/cancel/req4/xGiu2bBsVHI3bNt2";}receiver|a:1:{i:0;a:2:{s:5:"email";s:31:"store1_1300518495_biz@gmail.com";s:7:"invoice";s:16:"Kko8564YALX0M2b2";}}', 54),
('gqori3akol1djk4fm98lb0i612', 1312979701, 86400, '', NULL),
('gs3hu3abpap4qfms16n4t12n23', 1312764901, 86400, '', NULL),
('gsdv28hsd2h33l8k7p8ltd50f3', 1312969501, 86400, '', NULL),
('gshcnbsoad9kq7t5fruroutng4', 1312988017, 86400, 'Zend_Auth|a:1:{s:7:"storage";i:1;}login_id|s:3:"293";twitter_lock|i:1;twitter_uid|b:0;', 1),
('gt1s30kf4emm8fr2bd9kgct545', 1312729201, 86400, '', NULL),
('gu3hhn4j8sk53tf63m3lcmhb32', 1312814701, 86400, '', NULL),
('gueo558uac9m64tlseseipdjt2', 1312791901, 86400, '', NULL),
('gufcprrnmi7vokjo2hrpdknim4', 1312927501, 86400, '', NULL),
('guflu90c6co3f1mkl1qiibtl76', 1312949701, 86400, '', NULL),
('gukj61j6ja5r7g6id47j0e2mk0', 1312725001, 86400, '', NULL),
('gutf6ibjv87l5jk6946bsagpk0', 1312967401, 86400, '', NULL),
('gvd0rj6t2g0a8tdn6n5tj1j2h7', 1312761601, 86400, '', NULL),
('gvsc7gkra2u5j06l3isgr0e4f2', 1312833601, 86400, '', NULL),
('gvuo1upms3u47e6bb7h5d82g83', 1312971601, 86400, '', NULL),
('gvvcqpfr6hl21m96qjcp0kftj6', 1312789801, 86400, '', NULL),
('h0uhohotip8vsoh4je4qcg5mh3', 1312906501, 86400, '', NULL),
('h1h1vefv4r6958l6s2jfba8i56', 1312805701, 86400, '', NULL),
('h24tffo6tum6sdrogl1vbmbla6', 1312766701, 86400, '', NULL),
('h25gjqr0sjq0d11hp5s8401jj3', 1312970101, 86400, '', NULL),
('h2g20dbeesevu40edpjb9pntd4', 1312816801, 86400, '', NULL),
('h2icnqhtjk0dv7akscnk4m9ku3', 1312743601, 86400, '', NULL),
('h2vel46sboaop4a5mn14djtru3', 1312974301, 86400, '', NULL),
('h35jn9q2i0m6h6306bjrd04ks7', 1312781701, 86400, '', NULL),
('h35slrk71ficvm3afpslepbr96', 1312951501, 86400, '', NULL),
('h373m67tqrpseb2eo9i4mhvrt4', 1312832401, 86400, '', NULL),
('h3badqi4tolrg07u4clcqohe86', 1312837503, 86400, '', NULL),
('h3ktfu3je1nqcpn4fbg390aro4', 1312726501, 86400, '', NULL),
('h449mql7tbs2f2k2tobc522112', 1312901401, 86400, '', NULL),
('h49pkkaitfoqr3vpu7m45reju1', 1312725901, 86400, '', NULL),
('h4n7jmhn9jgttod641olbrno75', 1312981801, 86400, '', NULL),
('h593vh5kgsaqpc5k2em9nm8kg3', 1312923901, 86400, '', NULL),
('h5vqn4rr880e3n8743hvtirkd5', 1312986901, 86400, '', NULL),
('h6rvt34at03elma1fmqoesgu95', 1312833301, 86400, '', NULL),
('h97vq6frtiebt4ou5dl5vhm9d3', 1312846801, 86400, '', NULL),
('haklu3hqvhntkjuhm6nsoni9b5', 1312968301, 86400, '', NULL),
('hbn817c6nbmul33i6bs28ki2n1', 1312992301, 86400, '', NULL),
('hbtaimlov30up8juq7a7njv5e1', 1312866601, 86400, '', NULL),
('hc78ojjs2fnbugrudlis7289c1', 1312983001, 86400, '', NULL),
('hd3s0sgdfdh1uibp01epaao1a1', 1312934101, 86400, '', NULL),
('hdecr11407b813mqrdeloinq40', 1312853401, 86400, '', NULL),
('hdoi1pocvdraaab5dt22pegsi3', 1312722902, 86400, '', NULL),
('he51te8lp34dg3h2jaibllr5h2', 1312915501, 86400, '', NULL),
('hf40lo2lcuvet8oi3fdnc185t4', 1312881301, 86400, '', NULL),
('hfe035sk369lqe0dmhrmvencq3', 1312842001, 86400, '', NULL),
('hhehuiqqmbnkl55qu6ipir4a25', 1312751701, 86400, '', NULL),
('hhrvrifqpd918ssfkt0rn8veu2', 1312834506, 86400, '', NULL),
('hijaflad9hjvh4splat37d3jf6', 1312976701, 86400, '', NULL),
('hiq0qaf84f0fp4dbvl28d27vj1', 1312922101, 86400, '', NULL),
('hjbhln76097pdrsp5da48g7n57', 1312782901, 86400, '', NULL),
('hjd6drk7ccd5buo3b7clrc8m77', 1312772701, 86400, '', NULL),
('hjj4boaa66scci5g2mt22eldc0', 1312770901, 86400, '', NULL),
('hjoh92694j67aehnq99idj1a53', 1312785901, 86400, '', NULL),
('hk1heb89snfp7ela00lp0gv661', 1312863601, 86400, '', NULL),
('hk2dc2e9kohhecu065adbe52s7', 1312732801, 86400, '', NULL),
('hkaar4mofrde79ag8lmeon3ok3', 1312944301, 86400, '', NULL),
('hkivolfdcljklrdh8dv0gdg4o3', 1312971001, 86400, '', NULL),
('hl8it1kcvt9ek0vhl1469b5fh0', 1312893601, 86400, '', NULL),
('hll4mkeqietmndhl8kk5v4ksc2', 1312882201, 86400, '', NULL),
('hlsr5989k51mdsehljebhk53f4', 1312907401, 86400, '', NULL),
('hluhv08h32iqhhfa02s0c6viu6', 1312969201, 86400, '', NULL),
('hmur0etl2odu0srajgte322el3', 1312846201, 86400, '', NULL),
('hn1crkaiakrfslnp7lkks4acl1', 1312869601, 86400, '', NULL),
('hnloefiead89gfa78a54k50uf2', 1312731001, 86400, '', NULL),
('ho4gq13hfbc06l7lsqpuh4bkr1', 1312875901, 86400, '', NULL),
('ho9t6qd4teq8ar90ql09cvnun3', 1312858501, 86400, '', NULL),
('hol0lv3ppcjejsffhnb8hajtb3', 1312784101, 86400, '', NULL),
('hovm0g4s2evse7c3olfgdlk061', 1312742101, 86400, '', NULL),
('hq3pppikb1ubldg5gdmihkm5e3', 1312890001, 86400, '', NULL),
('hs5b4ia26bvejabrj6up015457', 1312978501, 86400, '', NULL),
('hsjijserpm5tt0ca95kl8cdac5', 1312851601, 86400, '', NULL),
('hso6aullcllcned1fgvpoi1ug1', 1312828501, 86400, '', NULL),
('hsvh8qhkgrfjl6af0qsnq6dnr7', 1312948501, 86400, '', NULL),
('htjpd6kpe2j6giudg305m1efq4', 1312801201, 86400, '', NULL),
('htntk8drj19ts7livu0tk98cg0', 1312999201, 86400, '', NULL),
('htpeq3vso5j8idha51dku48dg3', 1312992901, 86400, '', NULL),
('htusg7tf46ri0kj0q55h8t6k44', 1312987202, 86400, '', NULL),
('hv8susgl1037frombvknsvi5p2', 1312960501, 86400, '', NULL),
('hvicmlcu110qraclcnp9rkqnu4', 1312912801, 86400, '', NULL),
('hvpp6jv4qabbse823fga0g2uq2', 1312881301, 86400, '', NULL),
('hvruc288id1frg9l9alcrdfca3', 1312895401, 86400, '', NULL),
('hvthdmi1fip69mqg664te86m84', 1312938001, 86400, '', NULL),
('i05bvnpvmuf2vphi869aflpv92', 1312913101, 86400, '', NULL),
('i1vkfpssonen8dmm0lmdsh3i13', 1312987502, 86400, '', NULL),
('i4kk76r3b35hlr2pspnlallro3', 1312863601, 86400, '', NULL),
('i5b0e68jn9svftae12v23h2lc6', 1312829701, 86400, '', NULL),
('i71fvql1p7d76ljgh74rm9hlh3', 1312762501, 86400, '', NULL),
('i7hc08b613egmnnkeaf75ojfg3', 1312998901, 86400, '', NULL),
('i7tqd3sf9jr1a2jc3b4hvfjkk0', 1312905301, 86400, '', NULL),
('i82gidhfrivc9744h831h7nab5', 1312916701, 86400, '', NULL),
('i84rinf5v3el9cc4062tnqdmo3', 1312917901, 86400, '', NULL),
('i85vb1a2uqhs2vavov99358eg4', 1312724701, 86400, '', NULL),
('i8pohdujsduamt8jbbnadh95f2', 1312757701, 86400, '', NULL),
('i9rs4dokkt40e71b8sm7eg5pk6', 1312863001, 86400, '', NULL),
('ibheqs0jv61qk06f4i9f1mqet1', 1312924201, 86400, '', NULL),
('ibl0idf7mr3upe0f4k43aoubj0', 1312792201, 86400, '', NULL),
('icn71q52kr9i8nrja76t9ejb90', 1312807801, 86400, '', NULL),
('icp4s4gop7m0vb11sbe9070270', 1312947001, 86400, '', NULL),
('ictrv067se7taaq5vao58dik44', 1312869601, 86400, '', NULL),
('icvekmslr9ilr77i3obtvv95j1', 1312748104, 86400, '', NULL),
('ie2jauch8jv92oj0q293h32as5', 1312887601, 86400, '', NULL),
('ief0kbfkh45524t6eel8ihq3i4', 1312860901, 86400, '', NULL),
('iem4u5l17r9kcnvfhtvbeo9in7', 1312937101, 86400, '', NULL),
('if5fsq55mkjcimvj2anjh81m86', 1312826701, 86400, '', NULL),
('ifge0n1e9prdiq8lb58iq6s727', 1312797601, 86400, '', NULL),
('ifgqnpauris79c88j6nrr87tk4', 1312816009, 86400, '', NULL),
('iftc5rgntrqrve1ga7iknfp6d4', 1312888201, 86400, '', NULL),
('ihhf5a4fjlhv33ifs5b8akcjr3', 1312748403, 86400, '', NULL),
('ihuf36h2d7svb2afp0b8map8k1', 1312903201, 86400, '', NULL),
('ij9sukqar89p4uvmdicblla6v1', 1312978501, 86400, '', NULL),
('ijpd39f6iuekj1ji8dgb7paje5', 1312940701, 86400, '', NULL),
('ik6inhgqi79ko63j3j1n275906', 1312867202, 86400, '', NULL),
('ikqanedl7lba4erfij15hkbgh6', 1312925701, 86400, '', NULL),
('indi9thamg3dnfugkd32sc59q2', 1312738801, 86400, '', NULL),
('io978vlnpqdeecult83uri0sp7', 1312988101, 86400, '', NULL),
('iohbgooa9khrnv5kfeh2v6o107', 1312963201, 86400, '', NULL),
('iokrkuj5ccgp4ruoqdo9qmuve0', 1312771201, 86400, '', NULL),
('ip5go2v62vkqqumjg7f826vl16', 1312890901, 86400, '', NULL),
('ipbpsu3ij416uvsha6jp6v6e05', 1312856101, 86400, '', NULL),
('ipvhpg3te6e9fi2i8rdjt5mj80', 1312753501, 86400, '', NULL),
('iq87mqj0b64qvf0pn6kg85ihl3', 1312815301, 86400, '', NULL),
('iq980e8phv5jl7l40p2ctkk6h5', 1312760701, 86400, '', NULL),
('is6nf9k0vakjmpc9tmg1r837s3', 1312871401, 86400, '', NULL),
('isdaf45tec9fsr5hp9gggc37g0', 1312877701, 86400, '', NULL),
('ish5publrpkrg7nh9lo2dlvqf6', 1312985701, 86400, '', NULL),
('isncpftmsaqi11hpr216a3l7l1', 1312738201, 86400, '', NULL),
('it8jsrh2jhvnfc6hkalohi9co7', 1312818301, 86400, '', NULL),
('iunn78psp7gh4q72mch8d74rc0', 1312842601, 86400, '', NULL),
('iuu6oc4f1smdg0cfg2vpfgr0c7', 1312768801, 86400, '', NULL),
('iv2lijollqcdclnlqtj2l4io21', 1312898101, 86400, '', NULL),
('ivg2vgi7j322k5qoel4uim9qk1', 1312865101, 86400, '', NULL),
('j0jm5b0jre7v0av5tgi6sera75', 1312806901, 86400, '', NULL),
('j0v66eg0uq7orr8udc2dlbegn4', 1312840501, 86400, '', NULL),
('j1gsrvffs0hutrqaes6sbn3eu4', 1312962001, 86400, '', NULL),
('j2clsgf74pf372kae2svitj0k1', 1312966801, 86400, '', NULL),
('j2iersdemj0j2pg81sq16h36g3', 1312754701, 86400, '', NULL),
('j3mat7tbnp3gr9jji5bsktsst6', 1312989001, 86400, '', NULL),
('j401gb9mjsl7jkslomho8l15p5', 1312842901, 86400, '', NULL),
('j40kr9i5ve2u364429rfihd4m6', 1312922701, 86400, '', NULL),
('j43ohfeha88f4j029fujqro4u7', 1312830601, 86400, '', NULL),
('j49efjk4p9b62j4kp8g9qfs147', 1312847101, 86400, '', NULL),
('j49ml6ni6sleogg5p3e5j61fs5', 1312794001, 86400, '', NULL),
('j4k854la449frolrah1modof74', 1312918201, 86400, '', NULL),
('j563rqvi37eidufo0rot4t2a37', 1312850101, 86400, '', NULL),
('j5mil1ob29k5asm7rn6453u0i0', 1312889401, 86400, '', NULL),
('j7gaas9bc8r1k52qf7jlamaro3', 1312977901, 86400, '', NULL),
('j8f7iul6hdgo3oqk709n9tn5n6', 1312897501, 86400, '', NULL),
('j9q6au52kf0m6i43nka0a93oj3', 1312985401, 86400, '', NULL),
('jab22agsshjppr054bmlchhmi7', 1312767901, 86400, '', NULL),
('jaip49pie8ao45dnnnvvhu6fe3', 1312969501, 86400, '', NULL),
('jbtdn7uqgp2lr6rll99djmjod3', 1312762801, 86400, '', NULL),
('jbu775l4kf157ajtggeiikrjq1', 1312812001, 86400, '', NULL),
('jc3871eo5gdt79jvho7bvh8tq4', 1312910101, 86400, '', NULL),
('jdalqr0aj9tg1vpdegnuok1sf5', 1312867501, 86400, '', NULL),
('jdnhl0lr11djqavkhg8e5se2a2', 1312892401, 86400, '', NULL),
('jeml4k9gv87ki1doqi6j1rjm43', 1312828801, 86400, '', NULL),
('jemrecdvn96kte19c4d4vp2d54', 1312805101, 86400, '', NULL),
('jev7h1njt64n7eudcuvdr2dje2', 1312897201, 86400, '', NULL),
('jfj8tl95if3cpue80cmcfuv6v4', 1312940101, 86400, '', NULL),
('jg1vk6fd5mceieambta5f0anr5', 1312855501, 86400, '', NULL),
('jgb23a6ku2s231691p5ofht8l3', 1312837201, 86400, '', NULL),
('jgcdgrfgo8pnis4c54uslfbaf4', 1312874101, 86400, '', NULL),
('jhbv19bl7t0s8vq71upjmm49s6', 1312726201, 86400, '', NULL),
('jhfpall6stnv81htlchcuoqcv5', 1312892101, 86400, '', NULL),
('jhpu6tu8junrmqgeq7rnhorjg3', 1312778401, 86400, '', NULL),
('jic1ir7fi47q03fte12ibdr915', 1312944001, 86400, '', NULL),
('jiemmfu25stuagdk9ucpvk90u2', 1312828501, 86400, '', NULL),
('jj13ttmk0og0vbkp0o29hkif26', 1312924501, 86400, '', NULL),
('jjb4g7og78s13d2bprf87c4mb5', 1312760401, 86400, '', NULL),
('jjdkh52mgv78f7luo5h2qdhrk6', 1312777501, 86400, '', NULL),
('jjebcamprd2fjkir8trr49olv7', 1312910401, 86400, '', NULL),
('jkhiluitd6ujmfl4u8c9vrc9v0', 1312746301, 86400, '', NULL),
('jkmudkd6qghdqd67969ueq07m2', 1312972801, 86400, '', NULL),
('jmfg39ogagcc6frri0u8k26lu3', 1312994401, 86400, '', NULL),
('jn1tjs9p5l7udk0do8mat90500', 1312854901, 86400, '', NULL),
('jnalnr1k5egfb1939d12qh2oq7', 1312993801, 86400, '', NULL),
('jnjab782taet6huaaksimpql50', 1312996801, 86400, '', NULL),
('jnnsmbd9691a69uii6hf63ffp3', 1312860301, 86400, '', NULL),
('joadoq63nebi2ohiaerh1p3ld1', 1312724401, 86400, '', NULL),
('joj5s9uvqhe74v39ooua0851r5', 1312902601, 86400, '', NULL),
('jp3as9a7925f2l1rkv48090qo0', 1312910701, 86400, '', NULL),
('jpdrjp7m48hq3up2trnbrsrjb5', 1312758901, 86400, '', NULL),
('jpm7rubm5s5tmborm497j70l16', 1312854301, 86400, '', NULL),
('jqosi09n9tdfumbne7fqhppsu2', 1312971301, 86400, '', NULL),
('jsdgfnosb5n6qaomkj0t2o7s90', 1312880701, 86400, '', NULL),
('jshbuet5d3ctunfin6q237ss23', 1312962001, 86400, '', NULL),
('jtlkp8ho4lf1nsnllpdja76ut0', 1312782301, 86400, '', NULL),
('jvb66286qfn9cs9u0622mej721', 1312964401, 86400, '', NULL),
('k06h1brs8q0slh35ga89guups5', 1312731301, 86400, '', NULL),
('k07u20gdki0mma6qmur2q1akh0', 1312951801, 86400, '', NULL),
('k0fjmn0lsq6dndogavorvsdn80', 1312806601, 86400, '', NULL),
('k1eb463tbn9huqpu679scncsf0', 1312757101, 86400, '', NULL),
('k1es3itsnsgu1mtermu4jspaf7', 1312914901, 86400, '', NULL),
('k1evmodlf6n85hige5draq0hd2', 1312950901, 86400, '', NULL),
('k28eq1nhbq3dvhc7kop96urak7', 1312910401, 86400, '', NULL),
('k2ei5jgoorr2lisdvf4r07h792', 1312973101, 86400, '', NULL),
('k42oahrrprpq6e70vocf5c9g14', 1312761901, 86400, '', NULL),
('k5cemukudf34n4augg9amoo2p6', 1312808401, 86400, '', NULL),
('k5d4d89uv9m6tu6mabq695aij7', 1312891801, 86400, '', NULL),
('k5j8tikfil678o5tuk79psinj4', 1312981201, 86400, '', NULL),
('k7ij6f76lsjg55blh4001kolc2', 1312982101, 86400, '', NULL),
('k7p0cdtkol0rob1pu32mpliue6', 1312880401, 86400, '', NULL),
('k7s3as1den86tq1vn6erl2vbc1', 1312797901, 86400, '', NULL),
('k86vhc54ag8geik0s40g5gfsj1', 1312946701, 86400, '', NULL),
('k8l2asaid4a5cocf0ondlpiht7', 1312836901, 86400, '', NULL),
('k93jhamdm5hvn3vc0j8i0tgnm5', 1312798501, 86400, '', NULL),
('k9i738hq7kk5b1sef49flp4690', 1312992301, 86400, '', NULL),
('k9nm9pavcvht978cgetc8gi6a0', 1312917301, 86400, '', NULL),
('k9p2o3u3kvng2jrh8iksn55a40', 1312939501, 86400, '', NULL),
('kavbj43olmunfh9qq4ln7thtj5', 1312996801, 86400, '', NULL),
('kb9cvj40bsicoiojk76vbg3416', 1312866004, 86400, '', NULL),
('kc24l34m6ihrg5hdno84fnts34', 1312775401, 86400, '', NULL),
('kc3s840k6e8nqlq4o8oe4qf183', 1312912201, 86400, '', NULL),
('kc6figmmqdmjus3ef4rlkc8jd3', 1312947301, 86400, '', NULL),
('kcbuj3lbakbg7dp1925udv06u7', 1312948201, 86400, '', NULL),
('kctd53ec74388dqc4pcate66g2', 1312728301, 86400, '', NULL),
('kdvvtcs0df1sfcu82l7qhe7pk4', 1312779301, 86400, '', NULL),
('kedjlnv1hkufd6dok4pr4ilhd0', 1312733401, 86400, '', NULL),
('kerg13lp0jvge956ujvldqh751', 1312814101, 86400, '', NULL),
('kf1i8a68cj75r04ej8vh4ggoc3', 1312905601, 86400, '', NULL),
('kfrqsbflcsfn7jj4djppmnivu2', 1312776301, 86400, '', NULL),
('kfvpu8ah3bdh43bbjh8idu3950', 1312854601, 86400, '', NULL),
('kg4fde6js9bu3h36p77pvdp2v6', 1312807201, 86400, '', NULL),
('kh7angdv8rhoppqdnnon5cqdq2', 1312892401, 86400, '', NULL),
('ki3v58c73qkfsjvsjpao0lpni0', 1312815001, 86400, '', NULL),
('kid1a0fibdf55h6pi5p2j8h263', 1312978501, 86400, '', NULL),
('kigud1hl9hm7ql77b0m6140um4', 1312739101, 86400, '', NULL),
('kiqdg0thvugl5o162pkrrdf6b0', 1312911901, 86400, '', NULL),
('kjglm2spolqig8f8pgf47alnf6', 1312795501, 86400, '', NULL),
('kkp1um4sm6l5je6m9djqmd35l6', 1312909201, 86400, '', NULL),
('knfc01lo1o30hkalhvkpuu4tt6', 1312880101, 86400, '', NULL),
('knkilbh75n6gr4jbncfibn5rc7', 1312985101, 86400, '', NULL),
('knm9d9pqul85r25f2vcsfj8iq1', 1312834506, 86400, '', NULL),
('ko140pa50g80g7neobadr9bjl7', 1312827601, 86400, '', NULL),
('kog70qirkm8528ruuva5nosa86', 1312768801, 86400, '', NULL),
('kor1knic48v2daidm05smgahi6', 1312968301, 86400, '', NULL),
('kpb0mep6l2rafnn9qf88l013a7', 1312844401, 86400, '', NULL),
('kpjvifd8jar01gf0mr8qnvc334', 1312883401, 86400, '', NULL),
('kpkcbf5n81ht15p5qunv1gufm3', 1312921801, 86400, '', NULL),
('kqmn3vic0m0rb1cbhgj04kkf90', 1312827001, 86400, '', NULL),
('ks0ltthbuus1kn28irm54b51r1', 1312975801, 86400, '', NULL),
('ksmjcbbakin9v0r9v8qstvnth2', 1312770601, 86400, '', NULL),
('kta7eoc5q350qvac5h8pn4enf7', 1312946101, 86400, '', NULL),
('ktciq08tsoae0bvac3u0esseb0', 1312873801, 86400, '', NULL),
('kts3kvi96g1kqi8g6uf5m10bp0', 1312883401, 86400, '', NULL),
('ku5hebqlhg4228f5jtcn76ve05', 1312955401, 86400, '', NULL),
('kunj63r32vadbi49a5ch0gho01', 1312946101, 86400, '', NULL),
('kvcna0b7mu9oh1ud6e1iajti02', 1312733701, 86400, '', NULL),
('kvj34lbaegm0i1ngi10hjuov06', 1312924443, 86400, 'Zend_Auth|a:1:{s:7:"storage";i:1;}login_id|s:3:"291";payment_sercurity|s:16:"m1UgTa0FbiL9DC7s";url|a:1:{s:6:"cancel";s:73:"/products/se4/groupbuy/group-buy/browse/req3/cancel/req4/m1UgTa0FbiL9DC7s";}receiver|a:1:{i:0;a:2:{s:5:"email";s:31:"store1_1300518495_biz@gmail.com";s:7:"invoice";s:16:"YH6N8SMZPPsablyL";}}', 1),
('kvps9a40u0hm1ip2bqoho0sgo2', 1312917301, 86400, '', NULL),
('l0p5q2ketb2862gvkrgtqdfbk6', 1312828801, 86400, '', NULL),
('l0upsqg5shd6resbiu0kh8rvj4', 1312767001, 86400, '', NULL),
('l1arttu4ae6dt0sbk01bot69g6', 1312897801, 86400, '', NULL),
('l2emu4u8l1uuv3t0f8epkpt9i6', 1312990801, 86400, '', NULL),
('l2u8uq23le0s2kce79m7o178b7', 1312915501, 86400, '', NULL),
('l3e3q7rlgmlpdnbn0er0ba7s82', 1312780801, 86400, '', NULL),
('l3m8kbrgqc4vrlaqt1ofis3ql1', 1312982401, 86400, '', NULL),
('l3rchgu7ag58ljgr4t1r9b1221', 1312805701, 86400, '', NULL),
('l3rtgtne034fdqoi4ude0a59t0', 1312862401, 86400, '', NULL),
('l5f4t82fdo7nk9vuog4rv1p737', 1312730701, 86400, '', NULL),
('l5k4lln44f54hie0diqj9fli21', 1312891801, 86400, '', NULL),
('l5m6l7cojr5agnifhndf2f2l86', 1312737601, 86400, '', NULL),
('l5pis91hp5qd3fjq2lo2oodei1', 1312777201, 86400, '', NULL),
('l5v1h2snmma9flu2cektcqb9n3', 1312983001, 86400, '', NULL),
('l696al6g7p7d6n7m9b7b1tl8o7', 1312805701, 86400, '', NULL),
('l7ef3bug75h657p4l5jrf5rpi5', 1312857601, 86400, '', NULL),
('l7kia6p7c3gpjf2clsp9oql176', 1312958101, 86400, '', NULL),
('l84oi2uvqitk68hbq7epvf3pu3', 1312737001, 86400, '', NULL),
('l8jcahn63s3k7llvl5its8dno1', 1312836601, 86400, '', NULL),
('l8qiqnc2dl2e3rnt38hb681ln5', 1312917601, 86400, '', NULL),
('l9444nc3cdqaj5417ak5dna731', 1312925401, 86400, '', NULL),
('l95bv7m7hq9c0ko0bbjk15r9a1', 1312947901, 86400, '', NULL),
('l9cv0sqnuqfk5ig22da092uo91', 1312909801, 86400, '', NULL),
('l9m2bn6fu3api6864uc2ltu537', 1312958401, 86400, '', NULL),
('l9mpp6l9ibtqkjd0dnu3up1lj0', 1312860601, 86400, '', NULL),
('lac3dr3ap18ufcovkm006jkec5', 1312896001, 86400, '', NULL),
('lan1r57pueqg8k355iq50f1s11', 1312834506, 86400, '', NULL),
('laoa04aaghprg6bd9ga59u8ov6', 1312949101, 86400, '', NULL),
('lat6tl8lm50ltl1k6h9paudne2', 1312938901, 86400, '', NULL),
('lb87q6lelo8n2lcmbghul3r3r7', 1312970101, 86400, '', NULL),
('lbba4dolm2bkj47dr07cb5mcl1', 1312905001, 86400, '', NULL),
('lbhf55vp562kr0uu6mvdedltj1', 1312906501, 86400, '', NULL),
('lbl6hgr6tmrumnjhm1f52rfqe0', 1312799701, 86400, '', NULL),
('lc7keptmhs86dhf3230vg7not2', 1312850701, 86400, '', NULL),
('lcgtuloarb8aqgaep1cfkq2fs7', 1312758901, 86400, '', NULL),
('lckfb37hcgij5i16sckcer4di2', 1312975201, 86400, '', NULL),
('lclbvuc8vf1hjsff1gi6fo8i27', 1312728301, 86400, '', NULL),
('le3rvf6tcampvkoh5tr0e0vkg0', 1312864501, 86400, '', NULL),
('ledepv1mpl6a3705hi5pusiet0', 1312996501, 86400, '', NULL),
('leh03efjol9qalrt7hjt5nvpu0', 1312748704, 86400, '', NULL),
('lekap9nun02iigmufh2gkq6dt0', 1312783201, 86400, '', NULL),
('lf0jt72ij8eh1k62k3s2403pr7', 1312783501, 86400, '', NULL),
('lfghclt6hft5ntq15325fe7740', 1312950001, 86400, '', NULL),
('lfmp8foqn5kobkgkttel6se2b4', 1312807668, 86400, '', NULL),
('lfvmmalmv5n3glcudlhqg5tar2', 1312914601, 86400, '', NULL),
('lggkukufdnkhes77igjg4bguv0', 1312793101, 86400, '', NULL),
('lgh5d48onvge2d3r9moikpaoa6', 1312856401, 86400, '', NULL),
('lgjaj5c9pm8m8r22oo6f233k95', 1312847101, 86400, '', NULL),
('lgji7fvrsf2kht42c9or8meek4', 1312790401, 86400, '', NULL),
('lgmujbble4gl4kik2qkhg5tpr1', 1312923301, 86400, '', NULL),
('lhm0ja8f6akih6qhk1ukebkr55', 1312866001, 86400, '', NULL),
('li03k1foa9bb7680utth1stoh0', 1312740601, 86400, '', NULL),
('lia0e20crgruadll4dn4gc71h2', 1312833301, 86400, '', NULL),
('lih2m0evjg1bkd39miot7c7u21', 1312815301, 86400, '', NULL),
('lkf90qpnmadjf7t9339pncpmt7', 1312955701, 86400, '', NULL),
('ll3uojk3ig5ve24r7t5nmb47u0', 1312830301, 86400, '', NULL),
('ll4gq9d1glg7isfq2qdqoujm02', 1312851301, 86400, '', NULL),
('lli8bjfl7rg3ublud8ejsfvii1', 1312800301, 86400, '', NULL),
('lll4ogav8g924e2u83l1g1lnt3', 1312907701, 86400, '', NULL),
('lmfc4an34sfr7luq5rcerbc557', 1312929001, 86400, '', NULL),
('lmvgg7eddt4bm7ql1r1gunhbr3', 1312973101, 86400, '', NULL),
('ln864suuq9b3pno7hfrnao1ac2', 1312897501, 86400, '', NULL),
('lnb1lskfckp98osvi18um0mup4', 1312802101, 86400, '', NULL),
('lnh14r7ns6elq1h31e81u0mu17', 1312888501, 86400, '', NULL),
('lnjuub02qopboub6o3eom00lk2', 1312802701, 86400, '', NULL),
('lnraesc9648lemmoi007v24vf7', 1312884001, 86400, '', NULL),
('lo5u9suc0juj74g7lubkj5nmb2', 1312849201, 86400, '', NULL),
('logec2fvifh8advre7ov07l083', 1312828201, 86400, '', NULL),
('loghmhmkjkkb4c7790nra6gds1', 1312979101, 86400, '', NULL),
('lomsk6c32v73l9pb8aa0bofnv1', 1312901401, 86400, '', NULL),
('lqeu4dlsncakrglv4ksnnvn0t1', 1312768201, 86400, '', NULL),
('lqk01tdgb8h8h0ihcamhhge9k3', 1312790401, 86400, '', NULL),
('lqlng8i6328u12o381lu5if4h6', 1312978201, 86400, '', NULL),
('lqng0de6t30ki81mgmdnehp7p2', 1312807201, 86400, '', NULL),
('lrju1h4rr24phcgrrl7ijl6420', 1312808401, 86400, '', NULL),
('lrq8mbp7gsdv6cqhjr14neh2s4', 1312754401, 86400, '', NULL),
('lrvbb1uums0bf5nmhg74vd2743', 1312866601, 86400, '', NULL),
('lsemm2et6eejq1v1komt7t3j35', 1312880101, 86400, '', NULL),
('lsjrb8nr3gjgm0t1durel9k984', 1312992601, 86400, '', NULL),
('ltkv8bjv8f190dtli7rhrro6c4', 1312856701, 86400, '', NULL),
('ltt644s145kvf6hf9tgk287g71', 1312850401, 86400, '', NULL),
('lttm77v5jpqofmh4um2fh5os54', 1312833601, 86400, '', NULL),
('lubmrjpeguhr0t1gkrhjicrbg3', 1312989001, 86400, '', NULL),
('lvbu16euhtvs0q33da1o4u5rk3', 1312727701, 86400, '', NULL),
('lvilmkrn7io4g707glvc2k3mn4', 1312835401, 86400, '', NULL),
('m04qkoqqkak1i1jgtchmh3u3d5', 1312745101, 86400, '', NULL),
('m0bcdoqugp1a1j1fdst45k4gb7', 1312935601, 86400, '', NULL),
('m0fk36g2680qvtnv4085nnq1q5', 1312798201, 86400, '', NULL),
('m1c1rjccoofo8fsh8j3jk4hob1', 1312731901, 86400, '', NULL),
('m22v68pbl6rj558qee8q7ovgc6', 1312927201, 86400, '', NULL),
('m29ms9jtjqkimh78smb864hk42', 1312886401, 86400, '', NULL),
('m2a3a8vc1vrujc8i4rcueb7jj7', 1312926601, 86400, '', NULL),
('m2io2jjugjt3o3ok4uppjp6fg1', 1312830901, 86400, '', NULL),
('m33okqhle3tu796imde97jmur2', 1312817401, 86400, '', NULL),
('m4r6cb3eq04b1sun8ithsdogl1', 1312959601, 86400, '', NULL),
('m4r6l1jt695mt1b454ilbgaqn1', 1312986602, 86400, '', NULL),
('m4t62820krpusm2klls11ri9d7', 1312943401, 86400, '', NULL),
('m5860n7v2p0st3l3vd0usq4du5', 1312965001, 86400, '', NULL),
('m5a459thsmept8bfs5g08d9rn4', 1312839001, 86400, '', NULL),
('m5f9f6hv17vn8rekacl8k46kj6', 1312773301, 86400, '', NULL),
('m5hmghejssoou0rfukhbtar0o1', 1312752601, 86400, '', NULL),
('m65obuqfqrh1njv9dd8eia90o4', 1312729201, 86400, '', NULL),
('m6dmcp03716p5r18l69capt8g3', 1312780201, 86400, '', NULL),
('m6mvbvgrpsuagttgvadrd24n70', 1312961701, 86400, '', NULL),
('m72c3oedgr76rk0sp3lj84j7u6', 1312807404, 86400, '', NULL),
('m76c7jf4gdti5e6ck1af9s33p0', 1312995001, 86400, '', NULL),
('m7bf0fcaad07s2mbu0s8kg4ud1', 1312962301, 86400, '', NULL),
('m83qj1dj9pp5h9pkufhgf594e0', 1312809301, 86400, '', NULL),
('m8id6lbqj8k0nvm0s5f8kcb6j7', 1312745401, 86400, '', NULL),
('m8nqku8sc5fqlnqtt07md12s14', 1312859101, 86400, '', NULL),
('m983mjnjua3kdcofrrhc9mmq17', 1312998001, 86400, '', NULL),
('m98o6nd80mhofoahmmclkl1rg2', 1312765801, 86400, '', NULL),
('m9ru5ff8s66jdpruct6p6mm730', 1312947601, 86400, '', NULL),
('ma1cbnsr41hi6ekhg92oma2qk2', 1312987502, 86400, '', NULL),
('ma7nthcs4jpt2gl016a3sgnj65', 1312856401, 86400, '', NULL),
('maobpp1b6sg41dos5lg061v1q3', 1312977001, 86400, '', NULL),
('maqdvcqlb2i0aloa1tms23g2c7', 1312996201, 86400, '', NULL),
('mb4bu4470bq394kgflh0l4aku3', 1312853101, 86400, '', NULL),
('mca26lu6r7q4kgh63b6o7ig3h3', 1312849801, 86400, '', NULL),
('mcoq2gl1j62eeei1qq49j5oq80', 1312968601, 86400, '', NULL),
('md5f6p1altk0fs4lbel8l0ieg6', 1312983901, 86400, '', NULL),
('mdfj3vavqtnb9alhou9c0gtga6', 1312943401, 86400, '', NULL),
('me5p9p25nn396d5vjjbat05612', 1312865101, 86400, '', NULL),
('mfen7dqpqj63q737v4emncpvp0', 1312855201, 86400, '', NULL),
('mgd6lee1o1lrr7g0i4i48mr3i5', 1312967701, 86400, '', NULL),
('mhhbsgmahvillv9qe8b9nfud30', 1312817702, 86400, '', NULL),
('mhk8d7aa7umepp9qc2sjk43110', 1312841701, 86400, '', NULL),
('mib5jbd49k9vcsbeu2h1pilou1', 1312881601, 86400, '', NULL),
('miinuvat6nl42so8b31b7n5bn3', 1312764301, 86400, '', NULL),
('min4krsq06917sicr9tohpqhd0', 1312802401, 86400, '', NULL),
('mirucs42dpo31urp4bb40u5450', 1312780201, 86400, '', NULL),
('ml9bog6k29q7s76t7ve48vfin0', 1312810801, 86400, '', NULL),
('ml9ga15ba6p4mt3fl81u7tgcr2', 1312790401, 86400, '', NULL),
('mlbskiu6gbjtma0mm869d7qmk7', 1312859101, 86400, '', NULL),
('mlck1i2evh8ac91iqf5q04rrs5', 1312749903, 86400, '', NULL),
('mlf1r3ugptarpa5ojpbdi1ri36', 1312841101, 86400, '', NULL),
('mlgb6bak96drt7n8rn18520cc6', 1312995601, 86400, '', NULL),
('mlje3ndh3ppnq4668q459n1od5', 1312844701, 86400, '', NULL),
('mlo6vig4heb2p0h7npjc87vb05', 1312899301, 86400, '', NULL),
('mlqhcblpvfods28j4ci4iv9pq0', 1312742701, 86400, '', NULL),
('mlr1rnenph1jja8mfda72410u3', 1312745101, 86400, '', NULL),
('mm5s22sagrle9dk5mqjke4cjc2', 1312971001, 86400, '', NULL),
('mmqcj2d6d004k4pa7mb2crv2g2', 1312803301, 86400, '', NULL),
('mo205vhcc2523ruh1ekgeshrd6', 1312804501, 86400, '', NULL),
('mo4qv807nud56jpi0unkjh1ce0', 1312744501, 86400, '', NULL),
('moglq0hsq7qst235qf4baclfk0', 1312787701, 86400, '', NULL),
('moguhkfump08ebvmqhkkmfqp11', 1312861501, 86400, '', NULL),
('morfo1gbf0ntjslph8m8btppe0', 1312933201, 86400, '', NULL),
('mpcrau0b3ha6698lerjiul02u4', 1312797901, 86400, '', NULL),
('mpm9mbc7bfsusm6em7dqqkrcc1', 1312783201, 86400, '', NULL),
('mpqh3816pi60h173jqroamgl54', 1312941001, 86400, '', NULL),
('mpvt0uskvcpllof9urcton06t4', 1312942201, 86400, '', NULL),
('mqq8c002g04errr0d230pj0hi4', 1312746603, 86400, '', NULL),
('mr54tpvgkilqqfb6h400a4fjl7', 1312870801, 86400, '', NULL),
('mtf2sp75qu2jf4asru0om9f870', 1312965301, 86400, '', NULL),
('mtocob48nanm4ajnn3mth321l3', 1312953301, 86400, '', NULL),
('mu0kqu760e55fu9d2gcq03ba25', 1312736101, 86400, '', NULL),
('mug7aqhmnqvaqd1m77eo8abhe5', 1312752601, 86400, '', NULL),
('mui6elg8360fanedg1qeo22d63', 1312956001, 86400, '', NULL),
('mut8b3g9fo2ssv9nmmjc1l54b6', 1312744501, 86400, '', NULL),
('mv37jlge083cormevvm2cn1c23', 1312765201, 86400, '', NULL),
('mvsd9tt83i295dg5l55t6ivlj2', 1312770301, 86400, '', NULL),
('n06g9fsm9aqhnmd55gkos45q73', 1312902001, 86400, '', NULL),
('n0fjq0h0hvu1p5p2dabq1mdrg2', 1312920901, 86400, '', NULL),
('n0l38qibvo8jvonnsbmnqbc026', 1312927201, 86400, '', NULL),
('n0qrjhcrtteb4b6voigtdorcl2', 1312811701, 86400, '', NULL),
('n0u45dng9rnpf7u347qfvoiml4', 1312974901, 86400, '', NULL),
('n2bpl01vrpqhh4uddb9o0rf047', 1312749903, 86400, '', NULL),
('n2lt9onga6o82nc1fav1bqrjr6', 1312830517, 86400, 'Zend_Auth|a:1:{s:7:"storage";i:1;}login_id|s:3:"286";payment_sercurity|s:16:"pUKC7MD3HEbc7sQg";url|a:1:{s:6:"cancel";s:73:"/products/se4/groupbuy/group-buy/browse/req3/cancel/req4/pUKC7MD3HEbc7sQg";}receiver|a:1:{i:0;a:2:{s:5:"email";s:31:"store1_1300518495_biz@gmail.com";s:7:"invoice";s:16:"Va3TE6mQDS2QQfeF";}}', 1),
('n2rnscfudsmp1tmq6hme4qv506', 1312784101, 86400, '', NULL),
('n36v27n4idl4u57ob5j6hufgg1', 1312729501, 86400, '', NULL),
('n3mmgpoh0so2ru5kcf6vrv7kv1', 1312842301, 86400, '', NULL),
('n3n4f7p0vfji34mrc2vsi22e63', 1312986602, 86400, '', NULL),
('n4mebs314fmqc732jlc1583bm0', 1312831801, 86400, '', NULL),
('n5dqqfpktqief24bbaou4i4as0', 1312764001, 86400, '', NULL),
('n5mnsj1vuealvl53u9opumn515', 1312866301, 86400, '', NULL),
('n5s6utr5tdg3vo98evij9aiaq0', 1312957201, 86400, '', NULL),
('n6lblca8ki4hm7e5l0dfmn3m81', 1312935601, 86400, '', NULL),
('n7digsra2mcqk0at05rvgos8p5', 1312764601, 86400, '', NULL),
('n96m16o6ocftica91ff86gits3', 1312753201, 86400, '', NULL),
('n9osp1vht5j4dq71idhps4q030', 1312983901, 86400, '', NULL),
('na40bqmek5gp4h08e1gnk0gd31', 1312812601, 86400, '', NULL),
('naccsv7hp350p4hemgo955ams1', 1312988401, 86400, '', NULL),
('naf50ie0eg5c9kp8proegj0082', 1312968601, 86400, '', NULL),
('nai2blm3cqag8k5b4n3gdopt13', 1312865701, 86400, '', NULL),
('nb51b5spo3gc7ok66jeuaufa62', 1312899301, 86400, '', NULL),
('nbbdhrje3frqjpgu05b4nba7j7', 1312812901, 86400, '', NULL),
('nbsk2vjktc4ncabav38ibku422', 1312869301, 86400, '', NULL),
('nc2nfb8el6vcs6e1vooqs8bao6', 1312952401, 86400, '', NULL),
('nch0cc317uo349si783i743ef6', 1312926901, 86400, '', NULL),
('ncv2r9qpfro1dgubcev10qbc40', 1312910701, 86400, '', NULL),
('ndcpm4k333v238mqngf7lu8qq6', 1312799401, 86400, '', NULL),
('ndqmflmk2tcbrkcr6vcfr20571', 1312997101, 86400, '', NULL),
('ne3t4v53mo2g4too8nl658eph2', 1312919101, 86400, '', NULL),
('nemu2bfcl6ct4krfqi5gr4a1k4', 1312760101, 86400, '', NULL),
('nf91p0tbn3ihq72e6magg0pqb1', 1312832401, 86400, '', NULL),
('nfnse6bkg7t9unfo68fb1rd812', 1312784401, 86400, '', NULL),
('nfptlltn94b5g4cko16c9oje30', 1312868401, 86400, '', NULL),
('nfua236ov8gdto81c6a49dvuo5', 1312758001, 86400, '', NULL),
('ngsr5o8nceu549fte5gm7iekk0', 1312911001, 86400, '', NULL),
('nhab2p555r0g5ne1g2u3hbamp2', 1312782301, 86400, '', NULL),
('nhj70iqngr4o8s8bp8ddmdnia3', 1312899301, 86400, '', NULL),
('nhndjv3bnqvscl07re952vsmi4', 1312898701, 86400, '', NULL),
('ni6no4b9l77jbslp10i73a0hq7', 1312781401, 86400, '', NULL),
('ni74odpepapl3l517r8mieuvi2', 1312764001, 86400, '', NULL),
('nj6ld1he9lrngqhn328rmpl627', 1312935301, 86400, '', NULL),
('nkdp61hf1nqprcjk7mcblmcdg4', 1312982701, 86400, '', NULL),
('nkr39opi2fs9mms4m2fnagh445', 1312741201, 86400, '', NULL);
INSERT INTO `engine4_core_session` (`id`, `modified`, `lifetime`, `data`, `user_id`) VALUES
('nkuodvrjno0pgj4k0s05h2h7r5', 1312919401, 86400, '', NULL),
('nm1lf5pg1g8ulg6nm9pkqpq967', 1312968901, 86400, '', NULL),
('nmu888fvk5bov73n1t93htrda2', 1312941001, 86400, '', NULL),
('nmv0hca2t93atmkvshcid246o2', 1312923601, 86400, '', NULL),
('nnqmk2vgkp45c5crnbj18qvlv4', 1312757701, 86400, '', NULL),
('novqtvidj0fs6m5krom1773se5', 1311879542, 1209600, 'invite|a:2:{s:11:"invite_code";s:7:"1c3aae7";s:12:"invite_email";s:20:"binhnth@younetco.com";}User_Plugin_Signup_Account|a:2:{s:6:"active";b:1;s:4:"data";N;}User_Plugin_Signup_Fields|a:1:{s:6:"active";b:1;}User_Plugin_Signup_Photo|a:1:{s:6:"active";b:1;}Zend_Auth|a:1:{s:7:"storage";i:51;}login_id|s:2:"83";twitter_lock|i:51;twitter_uid|b:0;', 51),
('nqidp2n9dd7q63832t3fd3ltq5', 1312797601, 86400, '', NULL),
('nqkivkhnlh96sbjvokcqb5ai81', 1312869901, 86400, '', NULL),
('nqmj500repud13uq8sme9bu2b7', 1312852501, 86400, '', NULL),
('nr3l8a69es14k7duu6h1iuf927', 1312891201, 86400, '', NULL),
('nr6pn4rto4tco730hs1qe0uea6', 1312884901, 86400, '', NULL),
('nrbsmcnvss6suor5ktekmgmiq4', 1312740301, 86400, '', NULL),
('nrfn0a4d0e9s5h6olnmiqku3c4', 1312763101, 86400, '', NULL),
('ns7f4p6alslh6pb9d8r0tgmj63', 1312762501, 86400, '', NULL),
('ntr2qs7820frunhrlnnpbt1mb5', 1312992901, 86400, '', NULL),
('nttbpabnnko47cppe175usjo14', 1312832101, 86400, '', NULL),
('nttc022psrll0eqb68jssc8ta6', 1312975801, 86400, '', NULL),
('ntvke79eq80ddc3i7dpm9ppt55', 1312996501, 86400, '', NULL),
('nvsfk79fn042smtqbf7pb46o71', 1312965901, 86400, '', NULL),
('o128o5ch3bcb0q8frcp59fj225', 1312851901, 86400, '', NULL),
('o17puhreldqv4908nm8guv51p0', 1312963801, 86400, '', NULL),
('o1hgot17audrtdqclr3blnnca4', 1312864201, 86400, '', NULL),
('o1l3h2p4oua7i30pc2e13kfu17', 1312966501, 86400, '', NULL),
('o1l52gn2nvnrb9oc977vfcid14', 1312919101, 86400, '', NULL),
('o1m8r2gvg1echl49u89jlmap31', 1312939501, 86400, '', NULL),
('o1m9mam1bhblobsjkuqdg20dq6', 1312881901, 86400, '', NULL),
('o22v0pep1m89dtk79848gj1ac7', 1312954201, 86400, '', NULL),
('o36ihd6o4mmgkr24p7bt8cg9a7', 1312794601, 86400, '', NULL),
('o3dl9kj0eg92pvik2kurpf3tt6', 1312942501, 86400, '', NULL),
('o4ho2h96qpd0f4prdhlc7tbhm5', 1312722902, 86400, '', NULL),
('o59l6v1mk65nv588bt9b719ll5', 1312764901, 86400, '', NULL),
('o6o9cnbq9b3vvine132m54uif2', 1312851301, 86400, '', NULL),
('o6r07i5g5kl6a1su7hh5vj84o1', 1312777801, 86400, '', NULL),
('o711gknj8kaen8gaij31sd8sq4', 1312772101, 86400, '', NULL),
('o734e8i5oi2amg5i14p2lead50', 1312930501, 86400, '', NULL),
('o74p8je3nhahml809vg95fhbb7', 1312975501, 86400, '', NULL),
('o7fg7umehqfbc5thjd71u86gl5', 1312749002, 86400, '', NULL),
('o8o50aucjpo156dbbe7oqmug61', 1312766101, 86400, '', NULL),
('o97sudtjftmurc6k1mpk78b391', 1312976401, 86400, '', NULL),
('o9s2jn26lp29n01s80o5k0srb7', 1312870201, 86400, '', NULL),
('o9vl96vt92qmpc7hhh1rftcq97', 1312932301, 86400, '', NULL),
('oacb30dtqqsfon08l7j9f6g567', 1312761601, 86400, '', NULL),
('oaf1v7h9g0bnvq1lqvibfbtn64', 1312862701, 86400, '', NULL),
('oah88cgvvgd6gkj17dai4ibch6', 1312913401, 86400, '', NULL),
('oahmg8glk0jtk9qvbqae6eert6', 1312777501, 86400, '', NULL),
('obit09vjvu5d7lk8337mir49q2', 1312987801, 86400, '', NULL),
('objhahmrgg8fus18u9lcm8ejp2', 1312756501, 86400, '', NULL),
('oc5s948c4i72gvsqeb5mit5p63', 1312743901, 86400, '', NULL),
('ocia6pjavpsukntmf4tg0bdsv5', 1312794001, 86400, '', NULL),
('ocjngo2cu7puh6nag5pqvoqdk2', 1312896601, 86400, '', NULL),
('ocqhpiie519nbm5q3fdjrt4fc4', 1312863901, 86400, '', NULL),
('ocr2nc11hgqoe3lthv96hlgmm0', 1312818001, 86400, '', NULL),
('odco6h4cvktn1m05013fd72p20', 1312751401, 86400, '', NULL),
('oerkop148je981oe8blqh2o3e3', 1312924501, 86400, '', NULL),
('of2mqjq9vqujgm9dif8dr8t3m3', 1312771801, 86400, '', NULL),
('ofr13lit8r3cvejotnlq4rerg6', 1312856101, 86400, '', NULL),
('og3i6elm1qstjbf9k73ph1ht73', 1312868701, 86400, '', NULL),
('og6rvgbbf94q5n9hs8jg0j6151', 1312740901, 86400, '', NULL),
('ogeru33484kuajrbapubk2ln61', 1312729801, 86400, '', NULL),
('oiake3023jlkd4brcphisu1jd4', 1312979401, 86400, '', NULL),
('oigcmk70jp077b93r8b768mbt2', 1312945501, 86400, '', NULL),
('oikcptsd5iifbd1ltdufplf1e1', 1312809903, 86400, '', NULL),
('ojuq759epnt7c2e4re9ld2t3b2', 1312815601, 86400, '', NULL),
('om3jm826qkmlao8tf4s634bma7', 1312998601, 86400, '', NULL),
('onkf7h39nit1b0fkmm82h1h251', 1312731601, 86400, '', NULL),
('oo1evp01e0s2gahh1366nsk0r0', 1312816009, 86400, '', NULL),
('oo48f4v704p35k70qlt5gqtd32', 1312931702, 86400, '', NULL),
('ook5617l3a6p8som9gp8j1dqv5', 1312892701, 86400, '', NULL),
('oq0v0qidc3rc6srkclsgb0nur6', 1312956301, 86400, '', NULL),
('oq29ijmc869o3s2sout2mos977', 1312903801, 86400, '', NULL),
('oq76c0bvqb6quvnmtet1l8tf17', 1312994101, 86400, '', NULL),
('oqgucakj0l0i52jvqu9b3hkuc1', 1312755602, 86400, '', NULL),
('oqt91qmag3b474ust91u1fp5v2', 1312757101, 86400, '', NULL),
('orhvdu6n4vnl7qsh56q0d2v1g5', 1312779601, 86400, '', NULL),
('os44mevedu24f7com9n61jlo03', 1312751401, 86400, '', NULL),
('os5cnbu88kje2peith868v9bu5', 1312829764, 86400, '', NULL),
('osek5f723h01kij9u05k2v0f84', 1312994701, 86400, '', NULL),
('oshoab0clvsp42ijbnlp244ar6', 1312995601, 86400, '', NULL),
('osjks099nsmh00p12l3lou0jm2', 1312954201, 86400, '', NULL),
('ossd9oh332d9p4p24f9db29ka5', 1312771501, 86400, '', NULL),
('otujrhg4sk5vtf8d5b2h66ah92', 1312749002, 86400, '', NULL),
('ou4rgtutvkk22h96v9er5ecvo1', 1312966801, 86400, '', NULL),
('ouqeqak0th203aigat642lkfn3', 1312724101, 86400, '', NULL),
('ovc8ji0pqjbqaa8g3akfi9rnr3', 1312996501, 86400, '', NULL),
('ovficnsp66mmndikfbdgrcqo61', 1312946401, 86400, '', NULL),
('ovhghcr1if76hf5junmrfhhum4', 1312770601, 86400, '', NULL),
('ovi5db5b7j5jl7sv424jak25v3', 1312739401, 86400, '', NULL),
('p0no13ca5qnaavlbf0bseusbf2', 1312930801, 86400, '', NULL),
('p0r7d38gfstjnscl14a649l8f4', 1312761601, 86400, '', NULL),
('p1jk2pi5au60tecg77t9n213r3', 1312883101, 86400, '', NULL),
('p2iflslgqb1ttje8qneohbigq6', 1312980301, 86400, '', NULL),
('p2kbu3632th6kbfbrue7kkd1m2', 1312874701, 86400, '', NULL),
('p2o5fhtfme7nhkrn4j4opclnv4', 1312873501, 86400, '', NULL),
('p3mb42s82n54dki1fshvoia2v2', 1312776001, 86400, '', NULL),
('p3rdm1q8516ehrp5p58b25sv27', 1312942801, 86400, '', NULL),
('p3vqe7vnvhsa8lvloddgdvf283', 1312953601, 86400, '', NULL),
('p4cetfad5pj2m0g8hsrf3t8sm0', 1312997401, 86400, '', NULL),
('p4kcjhi1dn852jch5pplglmnp1', 1312812901, 86400, '', NULL),
('p4l8u2cn2ls58rfkpfin529j07', 1312893601, 86400, '', NULL),
('p4nfe4ufd5n1u40naus0g2avg4', 1312931702, 86400, '', NULL),
('p4tkbfp6m541qieorgnclfqhd3', 1312816501, 86400, '', NULL),
('p4vmsd5bcto8of1dganfq5cei3', 1312813801, 86400, '', NULL),
('p5ivileon3uo6n13qhe9cuaq95', 1312732501, 86400, '', NULL),
('p6e537nbvam2qmos74cvgk69g3', 1312852501, 86400, '', NULL),
('p6t5t8b4hfss8sf164rl22snj1', 1312872601, 86400, '', NULL),
('p7bv8afs1e84943ctqo1sdl8b5', 1312858501, 86400, '', NULL),
('p7de28jne5i1qccdctnudtb6c1', 1312723501, 86400, '', NULL),
('p7stnb6dv5d3undogulhpbl9i4', 1312801201, 86400, '', NULL),
('p814iber4mg40ruidpb891eij4', 1312723201, 86400, '', NULL),
('p87d709rep118g3i4srdrm60o5', 1312938901, 86400, '', NULL),
('p8oud9rq3oav65nlp1b5b3op60', 1312977001, 86400, '', NULL),
('p9hvih94k4uea639726ln8p2c5', 1312394163, 1209600, 'twitter_lock|i:1;twitter_uid|b:0;User_AuthController|a:1:{s:4:"data";N;}Zend_Auth|a:1:{s:7:"storage";i:1;}login_id|s:3:"104";payment_sercurity_adminpayout|s:16:"d1ge1Xzuok9tUDLI";total_amount|s:7:"1443.00";', 1),
('pa0radk4lc718fha05t0khs415', 1312877401, 86400, '', NULL),
('pa23jqj8c3uqidfefg5q10kbm3', 1312809903, 86400, '', NULL),
('pa5asoqjrl5738o25dolq2tfv5', 1312884601, 86400, '', NULL),
('par3p6tt9nnmir4aomnd7cuju7', 1312725301, 86400, '', NULL),
('pbb7u3np9ijd09d7mkp968mjc3', 1312830001, 86400, '', NULL),
('pbscu2d4v2q8ai0lsoto69tmc6', 1312866601, 86400, '', NULL),
('pbv3n01j7nsur6ii3cv9trn5n0', 1312786801, 86400, '', NULL),
('pc32o8jqo4u053m6omosd8es82', 1312971301, 86400, '', NULL),
('pcigo06vpndhj680hbifkasot5', 1312811101, 86400, '', NULL),
('pg3k89u38g3t07cr1pb2jreku2', 1312959301, 86400, '', NULL),
('ph7hrjpbvpli2lkjlr2vkmlbd0', 1312917301, 86400, '', NULL),
('phpgiqd4lmdmadc1efs96m1j92', 1312955401, 86400, '', NULL),
('pjlf26ht0m3r1bcv202k63n4f4', 1312837201, 86400, '', NULL),
('pkcr2j3l46p3forknhdb20fmv2', 1312859401, 86400, '', NULL),
('pke8nh5nr09ct5tklo8tan0sp6', 1312851601, 86400, '', NULL),
('pkvq041nt38871r1jqm4lp45g2', 1312785001, 86400, '', NULL),
('pl2g9bipd2cjnsi9sh5kdgn1u0', 1312911901, 86400, '', NULL),
('pl8vnuv3reu61n8s39gppvd5d0', 1312848001, 86400, '', NULL),
('pldckhp139pa2e4upu69e78h57', 1312895701, 86400, '', NULL),
('plep6921ues2divgfue5djv270', 1312830901, 86400, '', NULL),
('pm7chsmuoue90qp092fvdcvbd4', 1312957201, 86400, '', NULL),
('pmgacskr3cu56utase70flpp82', 1312770001, 86400, '', NULL),
('pn2sm925douhnn0hqucursq4f6', 1312747505, 86400, '', NULL),
('pn6k5ej5tg7aobbpd9f1ohlgi1', 1312958701, 86400, '', NULL),
('pn975hhlcq4g3m89931s25pps6', 1312817104, 86400, '', NULL),
('pnkq792pj6iu2044atd5iu7ap5', 1312789201, 86400, '', NULL),
('po064r0bqli3sp5dpa33kvk3q2', 1312941601, 86400, '', NULL),
('poeb6sm6327cjk5efavoilneq1', 1312855762, 86400, '', NULL),
('pphjf5sa9o00astjkte9j6cl03', 1312972501, 86400, '', NULL),
('ppnqs6a6kiifrfkrbbqt4sc7f4', 1312991401, 86400, '', NULL),
('pprq2o6nfnldohsojipptqprt3', 1312749002, 86400, '', NULL),
('pqjoc94q8jm4pa1ugrov53rgr1', 1312909201, 86400, '', NULL),
('ps450ammnnloaf15npvmsdn091', 1312766701, 86400, '', NULL),
('pssd3g945bq1ng1unek1jda992', 1312970401, 86400, '', NULL),
('psti0krcosrhfgq8o7711s4ot6', 1312839001, 86400, '', NULL),
('pt6vsgoi02bouupja5sqhr8273', 1312952401, 86400, '', NULL),
('pt8vkikroje4lfovdqch882r92', 1312783801, 86400, '', NULL),
('pthkieajh4lmvrngp2toqq43o3', 1312924201, 86400, '', NULL),
('ptjpllr1rhi1s83psn0h7s5it5', 1312944301, 86400, '', NULL),
('pu4m1j62rccrhro6det35f7k77', 1312858801, 86400, '', NULL),
('puidhbi48v3ljfhgq2nmbdk9m7', 1312808101, 86400, '', NULL),
('puiqh2t28u2fp88bvsjoheep66', 1312907701, 86400, '', NULL),
('pupb6uamdeknf2msca8t0o8o31', 1312768501, 86400, '', NULL),
('pvcjf15lrtp7ou2kko04difr60', 1312756201, 86400, '', NULL),
('pvkqu7ktd59ak8rb6ac3ccjei0', 1312772701, 86400, '', NULL),
('pvpn3jjmub87g1vamh0lj6tll5', 1312782001, 86400, '', NULL),
('q03c7ckmoaqd628f0ou2jc34h4', 1312992601, 86400, '', NULL),
('q08qo87vnbr4hspff8ffgvune6', 1312875601, 86400, '', NULL),
('q16d05vhbajrr1uhbubhg9dbd4', 1312900801, 86400, '', NULL),
('q1m5jifpjcsg9k6sfdc17s1ka4', 1312900501, 86400, '', NULL),
('q1nmsfjhheqgdcnnoip6qcohq7', 1312882801, 86400, '', NULL),
('q2gg8dtnss39h9f66816ookdn1', 1312724701, 86400, '', NULL),
('q2nknb69dplhnlir47lthmh757', 1312749304, 86400, '', NULL),
('q30n6bf0fem449f6gat5g1dnm4', 1312927201, 86400, '', NULL),
('q371q8ckabp6disgt73j0gt8r7', 1312898101, 86400, '', NULL),
('q41h26cpfpjt50b32s6pppkvo3', 1312804201, 86400, '', NULL),
('q4dj1l7skfsds89oi1jfqi32f3', 1312943701, 86400, '', NULL),
('q4vkutluhe32vp8nptu98h4p92', 1312804801, 86400, '', NULL),
('q5gq3rf59doetf3vdv715qbl83', 1312782601, 86400, '', NULL),
('q616bqdiv0d2pam1rc2d58g560', 1312851001, 86400, '', NULL),
('q61b3er3k7a7osir99def2vjj0', 1312942201, 86400, '', NULL),
('q62sgcs396mndkrqm30fj2d5b4', 1312755301, 86400, '', NULL),
('q67n5gbohncke6pjjr36pnu8v5', 1312794901, 86400, '', NULL),
('q6brefjtrut87u5umnhir4q231', 1312874101, 86400, '', NULL),
('q8a6l2cvn5gqtvc9kn4cguepe6', 1312885501, 86400, '', NULL),
('q9bkbvs69kqo8f4hsb8p2smq40', 1312814701, 86400, '', NULL),
('q9oqn1am3d2bjrmvo3840ncgj5', 1312805401, 86400, '', NULL),
('qai2q2ghkb8dtt0bg81slbsjg6', 1312931101, 86400, '', NULL),
('qav28fl613390d78befkhorv01', 1312970701, 86400, '', NULL),
('qbatbrqe5v6spd2a3idfr50g06', 1312948801, 86400, '', NULL),
('qbo599o0kp55go1p4v8330d310', 1312965601, 86400, '', NULL),
('qciij8cqtkqimshjlhjdbhfpe3', 1312898401, 86400, '', NULL),
('qcuipcn285dqea71h1aobjoej2', 1312914001, 86400, '', NULL),
('qfb55rkb9csoh5ovjipclbt3j6', 1312755901, 86400, '', NULL),
('qffqiu2d1o8dn3a5qh4jh1p9o2', 1312933201, 86400, '', NULL),
('qfnpj88u7hts9n1c2169mugv55', 1312731601, 86400, '', NULL),
('qg80aliuh73p1qns4v5s4igu20', 1312791001, 86400, '', NULL),
('qg8sv35f7im72uqnjfk53korq3', 1312769401, 86400, '', NULL),
('qg9a12qtoin8cjff86mv1pull5', 1312862401, 86400, '', NULL),
('qgd1gpmqjbrng03hifjng60uo6', 1312762801, 86400, '', NULL),
('qggpjrrpqm75i9d1dej49iupc1', 1312982701, 86400, '', NULL),
('qhssggvsurj5qa1747r9e4kg16', 1312766401, 86400, '', NULL),
('qiadjbdlismvp2ihfnt6li6hn3', 1312902901, 86400, '', NULL),
('qjkstt12hl2lcqklupjm56qg96', 1312949701, 86400, '', NULL),
('qjl17o10n76at6gvq2lc72leh3', 1312798201, 86400, '', NULL),
('qjtjgp3i1u0kf1pqhdqugt7fc6', 1312953601, 86400, '', NULL),
('qk7bpq6k48go54q6gt7srfq0a0', 1312752901, 86400, '', NULL),
('qkieihl2siieb1110fdl893f40', 1312828201, 86400, '', NULL),
('qkki6phujvmf3942mocpf8n3l4', 1312969801, 86400, '', NULL),
('ql4trplvfu2ohe61gvha46r8o0', 1312740601, 86400, '', NULL),
('qlhqvvvkrm9sub34qbaa3458g7', 1312926901, 86400, '', NULL),
('qlie04uk2b2k96uusnujjl8dr0', 1312812001, 86400, '', NULL),
('qm37ku1daod5l8qta6240j34r5', 1312980901, 86400, '', NULL),
('qmnp7v19vhf8hmphevp3tctst0', 1312766401, 86400, '', NULL),
('qn120bm9a9qeure76ugvtv0hi3', 1312744801, 86400, '', NULL),
('qngk70c0ls3p0na5uh6j6kilu0', 1312773601, 86400, '', NULL),
('qo9p24kl2m3c29mss8ht96kq23', 1312734001, 86400, '', NULL),
('qphqgd1jsk98k6cd4annjddhd4', 1312988701, 86400, '', NULL),
('qqedvf6i915o6sh0nlcnokipj4', 1312843501, 86400, '', NULL),
('qrsivurf42u9b5dpkleaanm2p2', 1312911301, 86400, '', NULL),
('qsab9j1gjjd0dr5voao5f6bm66', 1312868101, 86400, '', NULL),
('qsp1b93e5prq07oeug5ickmfl3', 1312896601, 86400, '', NULL),
('qst2id1lbqlc06m74vkil65qu4', 1312956301, 86400, '', NULL),
('qt0kjb3f8d56po0rooh6ujoc60', 1312971901, 86400, '', NULL),
('qt9m9kuhtj2ms13me08hqqfr27', 1312731301, 86400, '', NULL),
('qtu378kg3lgin5q3njdko250g3', 1312827901, 86400, '', NULL),
('qubdhtbod7vj58h9p7d9cc0pi6', 1312892101, 86400, '', NULL),
('r02o7ron6s7f0g190nsv4v1362', 1312783801, 86400, '', NULL),
('r0vh4u3i1ttfumvucnt6034h44', 1312966201, 86400, '', NULL),
('r1tc0cb83hnicvms3n5b6v0vg0', 1312922701, 86400, '', NULL),
('r3e311lj84rsejrcqetq0ae2p5', 1312916401, 86400, '', NULL),
('r3f13r4usi6a29pgseen252ir7', 1312880401, 86400, '', NULL),
('r3rv4qeoulgs8492g4756knfi5', 1312778701, 86400, '', NULL),
('r5h7nvc58vni7b09qhv2ai97j1', 1312832701, 86400, '', NULL),
('r5p56urbn7f1i6bjil4jjr3h77', 1312795801, 86400, '', NULL),
('r5qqulia6igi0hrv0cr5rou8a7', 1312907401, 86400, '', NULL),
('r5tja5bbj4op606fg4pesmejm1', 1312904101, 86400, '', NULL),
('r6lbm9mgahnvbi8di1oc0nebc1', 1312839301, 86400, '', NULL),
('r6oi83ib54gukv9acv5kdmb2k0', 1312848001, 86400, '', NULL),
('r6ot4fhnutub964555rvo5h684', 1312836301, 86400, '', NULL),
('r6t0ju068ckjkic6btchqueja2', 1312936201, 86400, '', NULL),
('r78u98dkt1eom8kih20kivik83', 1312780501, 86400, '', NULL),
('r7a8epnb354rmgl26lvtfvaub7', 1312886101, 86400, '', NULL),
('r8gj5aj2gf4ekp2sa24rfmpth1', 1312976101, 86400, '', NULL),
('raibrtgv5g0vl462of121citq1', 1312746001, 86400, '', NULL),
('rcvjh0n8rj23jt1am6j1phb606', 1312763701, 86400, '', NULL),
('rd9g2h16sivu3ofvdqcrh1iup2', 1312790101, 86400, '', NULL),
('rdmg8fvv6pf0qra1096k4re6s0', 1312971601, 86400, '', NULL),
('rdseco8rtnh8v8sl9r3ikrmot2', 1312863301, 86400, '', NULL),
('revhcns6godlfr9bdu9tamaek3', 1312915801, 86400, '', NULL),
('rf5otrbvd675jl4ikq69lauvd4', 1312863901, 86400, '', NULL),
('rg02734p29m66mcvc7kjero973', 1312988101, 86400, '', NULL),
('rgt7o4mc95m9fotibd61ajas13', 1312750806, 86400, '', NULL),
('rh88rhn5td9gt99502pd0u88l6', 1312789501, 86400, '', NULL),
('rhj81e08ne7gjbe48ql2qg6eu4', 1312987874, 86400, '', NULL),
('ribas2o01shj95ldsp2mk2jb72', 1312778101, 86400, '', NULL),
('rigkonqq5cvnmkeilbuln75587', 1312781101, 86400, '', NULL),
('rikm6vft00p0k5hf4e3lkdhmg7', 1312857301, 86400, '', NULL),
('rjiskb6su5m8rjfmd53vbasp34', 1312857001, 86400, '', NULL),
('rjiv2oj0us1mgq3j60578cv095', 1312811401, 86400, '', NULL),
('rju4eea8dt392lghd5jsoibq21', 1312830001, 86400, '', NULL),
('rkg8uvkv382v9nsa56hmp145i3', 1312914601, 86400, '', NULL),
('rklq2hisjktjkv067l1dlk27b7', 1312813201, 86400, '', NULL),
('rm0d0uin9pje0fkgpj2qckb556', 1312806301, 86400, '', NULL),
('rm3msi4lqqng23agh5k7m13mk6', 1312826401, 86400, '', NULL),
('rm5uqnivivi3aue14fmmrqr7r0', 1312993501, 86400, '', NULL),
('rmm0q8aae998h88qj338e0ohh2', 1312773001, 86400, '', NULL),
('rnhipbm0itkjkgl0929buj7a81', 1312793701, 86400, '', NULL),
('rnos2fuu6dn6sfl0duikgebkc2', 1312876501, 86400, '', NULL),
('rp1na71a71irtjdo4nj751voc0', 1312809601, 86400, '', NULL),
('rq04jv1cefhahqaqthkr6ra8c7', 1312876201, 86400, '', NULL),
('rqlfj5vdjfsl44i6aod17pv476', 1312954501, 86400, '', NULL),
('rqr2k7djcbbvenqj5t0itjijv5', 1312922401, 86400, '', NULL),
('rs6kqis56i2s4inbmutakc6kh7', 1312756501, 86400, '', NULL),
('rsfl7qs3vhaqb8sqbhk8pnqsd1', 1312885201, 86400, '', NULL),
('rt5g52mknhmo0rm44sn5fj1cl3', 1312807501, 86400, '', NULL),
('rt5iathglju6o30v643cp61jm6', 1312867201, 86400, '', NULL),
('rtaetthlv8lk243bmv31stv587', 1312929001, 86400, '', NULL),
('rtcone4t539fhneisjcc82p4o3', 1312806301, 86400, '', NULL),
('ru164q02gv7pobq82pdjtg9ts4', 1312977601, 86400, '', NULL),
('rvdvhe29ohiv1ur8toebev48l5', 1312741801, 86400, '', NULL),
('s05p2jmnle66p93el3ncrligh4', 1312783501, 86400, '', NULL),
('s0jck5q7rnkhefso91jkecmo04', 1312960201, 86400, '', NULL),
('s11j26br78640sjh385pl44cn0', 1312909501, 86400, '', NULL),
('s272ivuhplm2mvmj4dp1opfma4', 1312890901, 86400, '', NULL),
('s295pjmt9c6hdss05i4psnnsq7', 1312857601, 86400, '', NULL),
('s2l6u4983j61otou01asb4rm20', 1312956001, 86400, '', NULL),
('s3dcqfj60sllf945k74a3mf0a1', 1312737601, 86400, '', NULL),
('s3qs9bb1orocv6t7br035lkal5', 1312797001, 86400, '', NULL),
('s3trk4f35jceotdkhaau5iqu54', 1312970701, 86400, '', NULL),
('s454rvhfnjoeaa9lr6mnocjoe3', 1312952401, 86400, '', NULL),
('s4aui1q9pjiflqo1168mdqoig6', 1312843801, 86400, '', NULL),
('s6jln3ihvf78v8qg2d5dpnl827', 1312964701, 86400, '', NULL),
('s6rf8jv28roigvh6ccf639b752', 1312934401, 86400, '', NULL),
('s6udacvq75vqcbeid7clibhre2', 1312772401, 86400, '', NULL),
('s7fcch6ek4u6lkmr60rf82ou56', 1312904701, 86400, '', NULL),
('s7gin8vh37kpho59178spk2rq6', 1312772101, 86400, '', NULL),
('s8sda6uipsbvc7q08p8dhg6ik7', 1312906201, 86400, '', NULL),
('s9c2repkjc3p0itr9g33eu6nb5', 1312975501, 86400, '', NULL),
('s9pmvq21s3foem5vdj43mg6j77', 1312804801, 86400, '', NULL),
('sa588pp91utg5m12s591avihc7', 1312755901, 86400, '', NULL),
('sacfmslmstduvm54nvvoblqln5', 1312728001, 86400, '', NULL),
('salvpukb3fv4n2r96p6hvlkun7', 1312726801, 86400, '', NULL),
('sb7c2si6tcqas4evbfocf0sj30', 1312890301, 86400, '', NULL),
('sbvks7ec6oearnvgljuig9rf16', 1312779001, 86400, '', NULL),
('sc120uodpijnetqlvhebtrt4c7', 1312846201, 86400, '', NULL),
('sc6c6ikesj4pppo23and3sgru2', 1312851001, 86400, '', NULL),
('scbqscgm7k39sjmeeag8r40j76', 1312884301, 86400, '', NULL),
('scm35u6hicgcthkih1ce7adue6', 1312882201, 86400, '', NULL),
('scr96p3jdrl475h2vas69mlrk2', 1312732501, 86400, '', NULL),
('sd96jnt0psbkpl1i7obd5u6gc0', 1312875301, 86400, '', NULL),
('sdinfh9rfqmdkvcj7tsg2nkt12', 1312990501, 86400, '', NULL),
('se8rq8aokbbm0mueop37ntudv1', 1312890301, 86400, '', NULL),
('sfdl9r4dj21kj7i6aag0b4rka1', 1312739701, 86400, '', NULL),
('sfnnc7219784ja3osurjgfnn31', 1312950001, 86400, '', NULL),
('sfo5h50e5fhjfsg011ssdi3vl0', 1312990201, 86400, '', NULL),
('sfr3hihgc3cnnv19cut6bbtbo3', 1312984801, 86400, '', NULL),
('sh6pp5evn198b57i68e2tnrd90', 1312955101, 86400, '', NULL),
('shuje0gob1teu13e9tkqrekol1', 1312787401, 86400, '', NULL),
('shvf9aj8t9t3cimu9qtfm1miv1', 1312757101, 86400, '', NULL),
('sialu1mr93m2otf96g6b5j0dh0', 1312839901, 86400, '', NULL),
('sif50j66c0cvl2qebjhbb2ce47', 1312763401, 86400, '', NULL),
('sj2fof009q94k9lj4o0tu6tln4', 1312973401, 86400, '', NULL),
('sjdt6acv42ha47utkda6gvfvt1', 1312920002, 86400, '', NULL),
('sjjm736cla211hgq5krnk1bms0', 1312864801, 86400, '', NULL),
('sjl919ml4ja0m22r47if07c451', 1312810201, 86400, '', NULL),
('sjncgvrtc9qnbjcqaoj7rbn672', 1312776601, 86400, '', NULL),
('sk3mfuo6ljehp226k13sq8ll71', 1312814701, 86400, '', NULL),
('skdib26ed7c9ji6g09a9o1vk66', 1312733701, 86400, '', NULL),
('sllonnh2co1nv41478suslu8o3', 1312981801, 86400, '', NULL),
('so847aqniubgm6n86vm7h81lj7', 1312858801, 86400, '', NULL),
('sohj0no9ji8fidvgfjmpvc2dn7', 1312868401, 86400, '', NULL),
('soi4cfoei8edtrr0o6270sioi1', 1312962901, 86400, '', NULL),
('soq7m5onljdphue2njon1mo483', 1312977601, 86400, '', NULL),
('spas0h00iqah0pgjimi7efs1e4', 1312791301, 86400, '', NULL),
('spbsvsb2gv8smbt468o7i3lmt2', 1312914301, 86400, '', NULL),
('sq29f9k5ilf435qbmsfunol7h4', 1312943401, 86400, '', NULL),
('sq6g62p3qkp535fuh5l5egubm6', 1312748104, 86400, '', NULL),
('sq8kuu7gv55qc7hvbme138ofq2', 1312840801, 86400, '', NULL),
('sqgp2c16mdccfrlcku2nfbkuj5', 1312987874, 86400, '', NULL),
('sqh7rcb5b7bjlbcptdhtj17f60', 1312838101, 86400, '', NULL),
('sraduf5si3ilpt26612bl2hd87', 1312843501, 86400, '', NULL),
('sragsk6dcbehkgn664ch5esco6', 1312807501, 86400, '', NULL),
('ssj2naj3344simlghjfjurj7r5', 1312754101, 86400, '', NULL),
('ssog3d3mo7vm988bu2bqfdc790', 1312838401, 86400, '', NULL),
('sssdtm8hd9dh1cbacc9pqjmlc0', 1312964401, 86400, '', NULL),
('st8h2r5igiur07dta0gr8hcgh7', 1312780801, 86400, '', NULL),
('stlp4kr64k1e3eiutt5asmksq7', 1312753201, 86400, '', NULL),
('stnhooeqtmrltd52g9k1hge5s5', 1312976701, 86400, '', NULL),
('su2o08mbmkja4u893gdli62542', 1312990201, 86400, '', NULL),
('sua8dbcfa211pr9ii06m3ktut3', 1312810201, 86400, '', NULL),
('sudsofhv043jpfbmenm2l21in5', 1312972201, 86400, '', NULL),
('suopr1ltnibj8eb5g007seo395', 1312873201, 86400, '', NULL),
('t03umf09gvl4mj4fh5n3pbj9r1', 1312923301, 86400, '', NULL),
('t08lajtb8ui75qgbd8lsp6lbt7', 1312887601, 86400, '', NULL),
('t0phlpdig3k0n1e4vvmn618sf1', 1312932002, 86400, '', NULL),
('t2bt4r72m7362ir45t5hgp57j4', 1312757401, 86400, '', NULL),
('t3j28ko47cq903jqjcgp3r1gm3', 1312941601, 86400, '', NULL),
('t3o07cfc9gc20kjdqfqkb8dr20', 1312922701, 86400, '', NULL),
('t5bjke8p5cke42dp4jficp60f5', 1312736401, 86400, '', NULL),
('t5rodhdh0rbggdkbnpngkagpl6', 1312899001, 86400, '', NULL),
('t697hmqr4eqd2jr6dn27ac6rf6', 1312791301, 86400, '', NULL),
('t769sh21b49f3abn6kg0dsojl3', 1312896601, 86400, '', NULL),
('t7895th0q82spii1tjt8i1r8n0', 1312815001, 86400, '', NULL),
('t7igrjg42jh1g4hifa8dju04v3', 1312775401, 86400, '', NULL),
('t7lphsujomc0f5thriuu0imo14', 1312787401, 86400, '', NULL),
('t7onpcbvarfpbpvh243r61b890', 1312749903, 86400, '', NULL),
('t84qsgom2t1kk92fi84d3r0ll4', 1312788601, 86400, '', NULL),
('t89jgqbjm8l22pldj0gr4m8ho2', 1312965001, 86400, '', NULL),
('t8f4jirjapmqda663oe0j60490', 1312886701, 86400, '', NULL),
('t92n4udg7v2l935qblq1guv451', 1312895401, 86400, '', NULL),
('t9fcib8e53h0mr2scnfjmd0sb1', 1312740901, 86400, '', NULL),
('t9j79ko1vd31hvaodm1epq17u4', 1312725601, 86400, '', NULL),
('t9s3apgaf2v24itheh72hnt341', 1312746301, 86400, '', NULL),
('taf56cc89ulnm4dpt1k5qo5tj3', 1312806901, 86400, '', NULL),
('tb32pt9b0cvd61an173nhk0qu7', 1312788001, 86400, '', NULL),
('tbaudb4b294b1fpj6c4t6fsuj4', 1312935301, 86400, '', NULL),
('tbt4jgg16m7ra9dsl6bk5grln1', 1312960801, 86400, '', NULL),
('tc6m31mtcfaftti6ag881fets2', 1312737301, 86400, '', NULL),
('tctlm4bmjgh6sg02h73h9g0v24', 1312963801, 86400, '', NULL),
('tcvpbqj6qeind1hln37omc4eb5', 1312861201, 86400, '', NULL),
('tdt4r0737ukksuldq2mk17svd4', 1312756201, 86400, '', NULL),
('tf72t7vdjnneb8lunt0rrp1t96', 1312914601, 86400, '', NULL),
('tfcreiugg48v60j5rfqsscr747', 1312793401, 86400, '', NULL),
('tgoh8gq7t12314h34mr6ejpsj4', 1312835401, 86400, '', NULL),
('tgrpuks52dcrllike2ubdf5ob1', 1312857901, 86400, '', NULL),
('tieuv34gilpbl1p1e77rmikgk5', 1312737901, 86400, '', NULL),
('tjl2jsq3ljp65gdc274vj3nii1', 1312950601, 86400, '', NULL),
('tk3fbcg7mkmvp27hvl0cmrtkc1', 1312938301, 86400, '', NULL),
('tk7k009rmq1s9dac71anb78lt4', 1312978201, 86400, '', NULL),
('tldajsfutlc6n3ii9o6ofdsr45', 1312974001, 86400, '', NULL),
('tnikha4vcrsnj5av2nrpjv23c7', 1312848301, 86400, '', NULL),
('toleek5q1kmjgjmdm5dhk9ej24', 1312931401, 86400, '', NULL),
('toqaf4b9fgecmh5r98oadqabq7', 1312912501, 86400, '', NULL),
('tp43iukqa94tlc6bi31sae3t51', 1312798801, 86400, '', NULL),
('tq3uroa1itbbo15f7hqpjnsjm4', 1312966201, 86400, '', NULL),
('tqq58erfm4n4bltj4j1depa6i2', 1312905301, 86400, '', NULL),
('trtpg1hjgprp2qq6cvq2dfgi66', 1312947901, 86400, '', NULL),
('tsufvm5g3r9pr67q6mn5c6i8r1', 1312789501, 86400, '', NULL),
('tsumr62h8q6q0osvttd2uoqjj6', 1312788001, 86400, '', NULL),
('ttl0fiqpe6r5qgde013eebhbo6', 1312965901, 86400, '', NULL),
('tts288kqaejs6m1finasvpl7q0', 1312929901, 86400, '', NULL),
('tu6u1oepbc66toqm673vfu98g0', 1312725301, 86400, '', NULL),
('tuaul31v9vvq15g5g7f0dhilf6', 1312735501, 86400, '', NULL),
('u00jm81qp76iki4tsdm92ptnm6', 1312747505, 86400, '', NULL),
('u0288o6rg88l66spvgimeen3f3', 1312934401, 86400, '', NULL),
('u03pfndmp5skrp75tqag8pjmg7', 1312737001, 86400, '', NULL),
('u08kp6r099255rs0qufks629o4', 1312782901, 86400, '', NULL),
('u1d5d8osp9viag4la79lqee1b3', 1312866001, 86400, '', NULL),
('u1i53il8nji28t0tj8vg10ck47', 1312968601, 86400, '', NULL),
('u2mjr5asivni42uc6e5vobqr13', 1312928701, 86400, '', NULL),
('u3mi4hjrit6vekd6a9sj6vsul1', 1312762201, 86400, '', NULL),
('u43j1hktm8ko2t8i2eavse8sb6', 1312797301, 86400, '', NULL),
('u4cboacl95dbsbq1v6gi329307', 1312950901, 86400, '', NULL),
('u4n0mrdjc1fqbm94p366dd4570', 1312926001, 86400, '', NULL),
('u5i16kbs6om0s6gn5igtj9i9d3', 1312907401, 86400, '', NULL),
('u78ckmbrcddvbejc1ehr7brai7', 1312961701, 86400, '', NULL),
('u7ehfesrvddc2n6lotceadls30', 1312878001, 86400, '', NULL),
('u99bcukiqvu6a3jhe0clg98tv4', 1312944001, 86400, '', NULL),
('uac0ujdjdoubnroum0f7ke8ev1', 1312869601, 86400, '', NULL),
('ub2b3ep50prk8hhdj8bqolvvg5', 1312873501, 86400, '', NULL),
('ubes7ci0n7cohu3nrc3h8a4874', 1312763101, 86400, '', NULL),
('ubscd73n9lo7lh3gq90i7kgs04', 1312847101, 86400, '', NULL),
('ubtbe3d930b1on9odgrr1b29l2', 1312816801, 86400, '', NULL),
('uc8agtil8uktb95fmaumen1ig0', 1312936801, 86400, '', NULL),
('ud0fsmsukm44qgevgdmrkebf26', 1312815901, 86400, '', NULL),
('ue33ss8el2h14gdeoie0fvff55', 1312845901, 86400, '', NULL),
('uecrg3pek35abl9qvqeg7irqp7', 1312887001, 86400, '', NULL),
('uek792n3pnalak26e31njmj4e4', 1312967401, 86400, '', NULL),
('uf26aug5nsj89v0gvf4reib047', 1312866301, 86400, '', NULL),
('ufa88n7ppkbor1vkgugt443kf3', 1312793401, 86400, '', NULL),
('ug9l4jnkr09r548nip1esussl7', 1312740947, 86400, 'Zend_Auth|a:1:{s:7:"storage";i:1;}login_id|s:3:"276";twitter_lock|i:1;twitter_uid|b:0;payment_sercurity_adminpayout|s:16:"FAOPVpXAQqTanS5N";receiver|a:1:{i:0;a:2:{s:5:"email";s:31:"store1_1300518495_biz@gmail.com";s:7:"invoice";s:16:"AN423sbEXyVCGYot";}}request_info_user_id|i:54;request_id|s:1:"3";message|s:28:"I have paid for your refund.";', 1),
('ugk12i6q91dp315k3b43cafnl4', 1312723801, 86400, '', NULL),
('uhbrrp7gpb6t4av4alkem2qdf1', 1312998901, 86400, '', NULL),
('uheie8r2uv9ookung9sqfs47s2', 1312766101, 86400, '', NULL),
('uhhcgdkrq8t31rtu6mektjlql7', 1312845001, 86400, '', NULL),
('ui3k69uboioi4orpil71vnvpb5', 1312961101, 86400, '', NULL),
('ui9laqthait6o7jlkcvn56heh4', 1312914901, 86400, '', NULL),
('uif79ap4qcfkr33vh9tdl618b2', 1312935901, 86400, '', NULL),
('uigucrbbfattct9d56hthkhur0', 1312905001, 86400, '', NULL),
('uimcsnbu1k2ueiba5kq87vhoo7', 1312920601, 86400, '', NULL),
('uinrbstn72lr1c8f8obp6bil21', 1312870801, 86400, '', NULL),
('ujb1bdmfarsofg81gf4oicg166', 1312812901, 86400, '', NULL),
('ujg18l06ng4hcv8qn798b5lte7', 1312827001, 86400, '', NULL),
('ujh4a8c00lepj9fo2mkqc1pfg6', 1312764601, 86400, '', NULL),
('ujj2b4tsh2fq6cpclojqhk3l24', 1312750208, 86400, '', NULL),
('ujpdsenjv7lfgrlv6tv9auc1e5', 1312836901, 86400, '', NULL),
('ukb45nitur3d1h63patlb1iv67', 1312985701, 86400, '', NULL),
('ukfm8f3renjr4nbbanubekg6v0', 1312869301, 86400, '', NULL),
('ul2oil5d5lpbqdhfj3arfct384', 1312893001, 86400, '', NULL),
('ul4n82jn2fbgeutf60s1rj3ek1', 1312866901, 86400, '', NULL),
('ulr5p98mcgv4h6q6bjm4ghto87', 1312755301, 86400, '', NULL),
('un66mnufbsn5iqf3guo49jvrd2', 1312786501, 86400, '', NULL),
('up64ok5qthgbkikm6oa93b00k3', 1312803601, 86400, '', NULL),
('up8jl3h5d55bc8lkegrc0j3as2', 1312876801, 86400, '', NULL),
('uqljl6moja6vq7b4jo9l46e175', 1312889401, 86400, '', NULL),
('urrtvejhdl38ceu7gqbp21u7b1', 1312767301, 86400, '', NULL),
('urt3jjsefd5bebb81o7nf8ois6', 1312734901, 86400, '', NULL),
('uslnejq1fu9nidn14trk8ae9r1', 1312906501, 86400, '', NULL),
('utehb21sgu480sntbv0rk96tr5', 1312807501, 86400, '', NULL),
('uthes4n8lavoiafape5aat0ua7', 1312758901, 86400, '', NULL),
('utonn6jggo8meb8d7eliil24s0', 1312994401, 86400, '', NULL),
('utt73357dartls3p5ju7rmhl53', 1312743601, 86400, '', NULL),
('uu0ccnto3u9n7tn1feq3cjkvc7', 1312765801, 86400, '', NULL),
('uu6gran13n4b3931n87dti13g2', 1312865701, 86400, '', NULL),
('uuetodpg8n47e2v36blvsom876', 1312785901, 86400, '', NULL),
('uv33md4hcfdpj7ol1fduru3807', 1312756801, 86400, '', NULL),
('uvh31j78luf3b3tt730hivbr32', 1312929901, 86400, '', NULL),
('uvmflvjq8der4t4juoiv5fp115', 1312898701, 86400, '', NULL),
('v0e7a8jcu8j7ldkp2re76qp6n6', 1312786201, 86400, '', NULL),
('v1en5fbfocvnuh67bn1rvhgia3', 1312935001, 86400, '', NULL),
('v26ehe0pc3qfmpk4hv82j5tt52', 1312936201, 86400, '', NULL),
('v2g0gpf430m6cm6mpobhba7r42', 1312830901, 86400, '', NULL),
('v2qadh45b2clp756ha91hhj8o5', 1312884001, 86400, '', NULL),
('v35f2nv3ibr1okqor26i07k121', 1312796701, 86400, '', NULL),
('v3c12o49upi7dsagvmbv7776o3', 1312817397, 86400, '', NULL),
('v3ef67d88tv5arpg3k4fr99bm3', 1312844101, 86400, '', NULL),
('v3l84i3qb3b1laef4mp37nns55', 1312745701, 86400, '', NULL),
('v4rhht9eno1i0ar8rqmb8sv693', 1312986001, 86400, '', NULL),
('v56m1g7a4ihsuqa41mb7mtvdu7', 1312959901, 86400, '', NULL),
('v5a231csn9isj35i1fvgo94a67', 1312872301, 86400, '', NULL),
('v5ck67e17c3innh61ma2ink671', 1312952101, 86400, '', NULL),
('v6fts3ac7mjtpiv0c1fp7uno33', 1312894501, 86400, '', NULL),
('v6q10q5ujnkhuhp1t421je60v6', 1312723201, 86400, '', NULL),
('v73ij0krv0dq4h0inonev0dq04', 1312803901, 86400, '', NULL),
('v82pvuevqt7qb0o3cqmvr4hug7', 1312736101, 86400, '', NULL),
('v86k6sq3utor76e2ulba778nb6', 1312957801, 86400, '', NULL),
('va37cs0bk7o79god6hep6ubkg6', 1312760101, 86400, '', NULL),
('vb110m3179b99b690n811ht7p4', 1312736401, 86400, '', NULL),
('vb3liolitv8kqtag3sru10rko4', 1312802101, 86400, '', NULL),
('vb6eau5d8pqjf2piaaqd6ompt0', 1312895701, 86400, '', NULL),
('vbs02bov3ukrnlci09bquhuse2', 1312884901, 86400, '', NULL),
('vcu57ulabdoe5a5kg1emv3ldv3', 1312920302, 86400, '', NULL),
('vd3co29qgcgkghsfranihn1a06', 1312771801, 86400, '', NULL),
('vdgg30364gnc9ecuqsge8omf46', 1312845301, 86400, '', NULL),
('vdj99t5mb6l0co4bsre61srjh5', 1312980001, 86400, '', NULL),
('vdve6a6vpjuco1udtlh0521kp1', 1312843201, 86400, '', NULL),
('vecj3qmq4i34ggufmlufj73t51', 1312999501, 86400, '', NULL),
('vf13d3m6girv92tbu4gveiago5', 1312877401, 86400, '', NULL),
('vfed5nqh2unejd6bqg5kkq7a55', 1312847701, 86400, '', NULL),
('vfibn9km4nocfloskm2efe6r04', 1312786501, 86400, '', NULL),
('vfjtdfnahluj9l589pom6e51g3', 1312818301, 86400, '', NULL),
('vft8idng92eq3963mabffvgfp5', 1312900201, 86400, '', NULL),
('vgq56fql3aih3pt5hcsg4brer4', 1312890601, 86400, '', NULL),
('vgs9eg17ppn7gihm4sr62mct13', 1312920002, 86400, '', NULL),
('vh7606jb3k7bf6c1of6c4g7f12', 1312944901, 86400, '', NULL),
('vhcbrgdmvhr02kmmih2m47a354', 1312958701, 86400, '', NULL),
('vhfm2jqhtc3lja115sf0qnr217', 1312908301, 86400, '', NULL),
('vhjoja5b0cps6l2qn9au5nkfo0', 1312925701, 86400, '', NULL),
('vi5b2aof5e94rlv8m7nj9lp0a0', 1312864801, 86400, '', NULL),
('vj5u7krth8nbjjpu673gkdjmb6', 1312746001, 86400, '', NULL),
('vjgi1pumhhh60nedafbdf62a26', 1312885801, 86400, '', NULL),
('vk3aj7dqt9v6f68q769iatils2', 1312881901, 86400, '', NULL),
('vkaqaq83mdp36378a3glntgid5', 1312862401, 86400, '', NULL),
('vlgqkjd6b1mstmrju0lvgq9ag3', 1312850401, 86400, '', NULL),
('vln9ohdhmec3466qjaieeu7tg0', 1312881001, 86400, '', NULL),
('vmcb7bs5o20s8jc4gf98rdhoh3', 1312777801, 86400, '', NULL),
('vmi4nqah9rmasql6bq1ddjobe6', 1312860601, 86400, '', NULL),
('vmvme5c3ervi8pgu67pdfa4lj5', 1312785301, 86400, '', NULL),
('vnpe07rp9265fh4um96bo8a2g1', 1312957501, 86400, '', NULL),
('vo5m6a4otrs6lp00t8il838ek1', 1312915201, 86400, '', NULL),
('voap42q79hr19874l46jvl0at5', 1312919101, 86400, '', NULL),
('voqg8knvkb2beinmllph6cqkr4', 1312843801, 86400, '', NULL),
('voqlsd3c282ipck08i56m9a5i0', 1312795801, 86400, '', NULL),
('vp0u0sjbagr5g40jufkr8duva5', 1312973701, 86400, '', NULL),
('vp8k7t25iilqj2cdkmpvknqhc3', 1312765201, 86400, '', NULL),
('vq8dloj554rol92onop4lq30f2', 1312813501, 86400, '', NULL),
('vqadpjhd30ijthc5orug1aacu7', 1312859701, 86400, '', NULL),
('vr1eflutas4q3tjn8dovemdfu7', 1312848901, 86400, '', NULL),
('vrfpilc95k3fjkmv4m813gjeu7', 1312722902, 86400, '', NULL),
('vrnepcvcrnllk2hv4224j7j5e4', 1312983001, 86400, '', NULL),
('vrtb9n497p3ojmjr8g6ltp0js6', 1312963501, 86400, '', NULL),
('vsspn4uoednvfld2cvo35bekb1', 1312779601, 86400, '', NULL),
('vte61olkrr4gee70snfbghjln4', 1312882201, 86400, '', NULL),
('vtpirhp6lf1dvjksgbr1sv7go6', 1312895101, 86400, '', NULL),
('vu9qlucufstg5l4532tifsigr3', 1312788901, 86400, '', NULL),
('vurh6b692f0ka0qhlobjfotp14', 1312811173, 86400, '', NULL),
('vv7hqpg0ud2d5b11049qtg5mj1', 1312724701, 86400, '', NULL),
('vvk0egrs6916kolakurjbpree7', 1312751701, 86400, '', NULL);

-- --------------------------------------------------------

--
-- Table structure for table `engine4_core_settings`
--

CREATE TABLE IF NOT EXISTS `engine4_core_settings` (
  `name` varchar(255) character set latin1 collate latin1_general_ci NOT NULL,
  `value` varchar(255) collate utf8_unicode_ci NOT NULL,
  PRIMARY KEY  (`name`)
) ENGINE=InnoDB DEFAULT CHARSET=utf8 COLLATE=utf8_unicode_ci;

--
-- Dumping data for table `engine4_core_settings`
--

INSERT INTO `engine4_core_settings` (`name`, `value`) VALUES
('activity.content', 'everyone'),
('activity.disallowed', 'N'),
('activity.filter', '1'),
('activity.length', '15'),
('activity.liveupdate', '120000'),
('activity.publish', '1'),
('activity.userdelete', '1'),
('activity.userlength', '5'),
('core.admin.mode', 'none'),
('core.admin.password', ''),
('core.admin.reauthenticate', '0'),
('core.admin.timeout', '600'),
('core.doctype', 'XHTML1_STRICT'),
('core.facebook.enable', 'publish'),
('core.facebook.key', ''),
('core.facebook.secret', ''),
('core.general.browse', '1'),
('core.general.commenthtml', ''),
('core.general.notificationupdate', '120000'),
('core.general.portal', '1'),
('core.general.profile', '1'),
('core.general.quota', '0'),
('core.general.search', '1'),
('core.general.site.description', ''),
('core.general.site.keywords', ''),
('core.general.site.title', 'My Community'),
('core.license.email', 'email@domain.com'),
('core.license.key', '2595-4179-5245-0200'),
('core.license.statistics', '1'),
('core.locale.locale', 'vi'),
('core.locale.timezone', 'Asia/Hong_Kong'),
('core.log.adapter', 'file'),
('core.mail.count', '25'),
('core.mail.enabled', '1'),
('core.mail.from', 'test1@local.younetco.com'),
('core.mail.name', 'YouNet Group Buy Team'),
('core.mail.queueing', '0'),
('core.secret', 'ad1cc56a766998d17f550500124966de799f7c40'),
('core.site.counter', '26'),
('core.site.creation', '2011-07-20 18:45:12'),
('core.site.title', 'Social Network'),
('core.spam.censor', ''),
('core.spam.comment', '0'),
('core.spam.contact', '0'),
('core.spam.invite', '0'),
('core.spam.ipbans', ''),
('core.spam.login', '0'),
('core.spam.signup', '0'),
('core.tasks.count', '1'),
('core.tasks.interval', '60'),
('core.tasks.jobs', '3'),
('core.tasks.key', '46a18cef'),
('core.tasks.last', '1312988016'),
('core.tasks.mode', 'curl'),
('core.tasks.pid', ''),
('core.tasks.processes', '2'),
('core.tasks.time', '120'),
('core.tasks.timeout', '900'),
('core.thumbnails.icon.height', '48'),
('core.thumbnails.icon.mode', 'crop'),
('core.thumbnails.icon.width', '48'),
('core.thumbnails.main.height', '720'),
('core.thumbnails.main.mode', 'resize'),
('core.thumbnails.main.width', '720'),
('core.thumbnails.normal.height', '160'),
('core.thumbnails.normal.mode', 'resize'),
('core.thumbnails.normal.width', '140'),
('core.thumbnails.profile.height', '400'),
('core.thumbnails.profile.mode', 'resize'),
('core.thumbnails.profile.width', '200'),
('core.twitter.enable', 'none'),
('core.twitter.key', ''),
('core.twitter.secret', ''),
('groupbuy.approveAuto', '0'),
('groupbuy.approveRequest', '1'),
('groupbuy.baseUrl', 'http://dev.younetco.com/products/se4/groupbuy'),
('groupbuy.commission', '5'),
('groupbuy.displayfee', '6'),
('groupbuy.fee', '3'),
('groupbuy.maxWithdrawBuyer', '50'),
('groupbuy.maxWithdrawSeller', '100'),
('groupbuy.minWithdrawBuyer', '5'),
('groupbuy.minWithdrawSeller', '20'),
('groupbuy.mode', '1'),
('groupbuy.page', '10'),
('groupbuy.photos', '10'),
('groupbuy.rate', '1'),
('groupbuy.sendemail', '1'),
('groupbuy.transactions', '10'),
('groupbuy.withdraw', '0'),
('invite.allowCustomMessage', '1'),
('invite.fromEmail', ''),
('invite.fromName', ''),
('invite.max', '10'),
('invite.message', 'You are being invited to join our social network.'),
('invite.subject', 'Join Us'),
('payment.benefit', 'all'),
('payment.currency', 'USD'),
('payment.secret', '22515d9f87326aaf37e10290d4e09e80'),
('storage.service.mirrored.counter', '0'),
('storage.service.mirrored.index', '0'),
('storage.service.roundrobin.counter', '0'),
('user.friends.direction', '1'),
('user.friends.eligible', '2'),
('user.friends.lists', '1'),
('user.friends.verification', '1'),
('user.signup.approve', '1'),
('user.signup.checkemail', '1'),
('user.signup.inviteonly', '0'),
('user.signup.random', '0'),
('user.signup.terms', '1'),
('user.signup.username', '1'),
('user.signup.verifyemail', '0');

-- --------------------------------------------------------

--
-- Table structure for table `engine4_core_statistics`
--

CREATE TABLE IF NOT EXISTS `engine4_core_statistics` (
  `type` varchar(64) character set latin1 collate latin1_general_ci NOT NULL,
  `date` datetime NOT NULL,
  `value` int(11) NOT NULL default '0',
  PRIMARY KEY  (`type`,`date`)
) ENGINE=InnoDB DEFAULT CHARSET=utf8 COLLATE=utf8_unicode_ci;

--
-- Dumping data for table `engine4_core_statistics`
--

INSERT INTO `engine4_core_statistics` (`type`, `date`, `value`) VALUES
('core.comments', '2001-01-24 23:00:00', 1),
('core.comments', '2011-07-24 21:00:00', 1),
('core.comments', '2011-07-25 21:00:00', 1),
('core.comments', '2011-07-26 21:00:00', 1),
('core.comments', '2011-07-27 19:00:00', 1),
('core.comments', '2011-07-27 20:00:00', 1),
('core.comments', '2011-07-28 13:00:00', 1),
('core.comments', '2011-07-28 14:00:00', 1),
('core.comments', '2011-07-28 18:00:00', 1),
('core.comments', '2011-08-05 18:00:00', 3),
('core.emails', '2001-01-24 23:00:00', 3),
('core.emails', '2011-07-25 13:00:00', 1),
('core.emails', '2011-07-25 15:00:00', 4),
('core.emails', '2011-07-25 16:00:00', 2),
('core.emails', '2011-07-25 17:00:00', 1),
('core.emails', '2011-07-25 21:00:00', 1),
('core.emails', '2011-07-26 17:00:00', 1),
('core.emails', '2011-07-26 18:00:00', 1),
('core.emails', '2011-07-26 21:00:00', 1),
('core.emails', '2011-07-27 19:00:00', 2),
('core.emails', '2011-07-27 20:00:00', 6),
('core.emails', '2011-07-28 13:00:00', 5),
('core.emails', '2011-07-28 14:00:00', 4),
('core.emails', '2011-07-28 18:00:00', 5),
('core.emails', '2011-07-29 21:00:00', 1),
('core.emails', '2011-08-05 18:00:00', 5),
('core.views', '2001-01-24 21:00:00', 1),
('core.views', '2001-01-24 22:00:00', 34),
('core.views', '2001-01-24 23:00:00', 45),
('core.views', '2001-01-25 00:00:00', 38),
('core.views', '2001-01-25 01:00:00', 11),
('core.views', '2001-01-25 02:00:00', 39),
('core.views', '2001-01-25 03:00:00', 57),
('core.views', '2011-07-21 13:00:00', 11),
('core.views', '2011-07-21 14:00:00', 8),
('core.views', '2011-07-21 15:00:00', 8),
('core.views', '2011-07-21 16:00:00', 1),
('core.views', '2011-07-21 17:00:00', 5),
('core.views', '2011-07-23 15:00:00', 15),
('core.views', '2011-07-23 16:00:00', 13),
('core.views', '2011-07-23 17:00:00', 25),
('core.views', '2011-07-23 18:00:00', 2),
('core.views', '2011-07-23 19:00:00', 1),
('core.views', '2011-07-23 20:00:00', 15),
('core.views', '2011-07-23 21:00:00', 28),
('core.views', '2011-07-23 22:00:00', 10),
('core.views', '2011-07-23 23:00:00', 17),
('core.views', '2011-07-24 00:00:00', 1),
('core.views', '2011-07-24 01:00:00', 39),
('core.views', '2011-07-24 02:00:00', 16),
('core.views', '2011-07-24 03:00:00', 14),
('core.views', '2011-07-24 12:00:00', 26),
('core.views', '2011-07-24 13:00:00', 28),
('core.views', '2011-07-24 14:00:00', 61),
('core.views', '2011-07-24 15:00:00', 16),
('core.views', '2011-07-24 16:00:00', 49),
('core.views', '2011-07-24 17:00:00', 43),
('core.views', '2011-07-24 18:00:00', 105),
('core.views', '2011-07-24 19:00:00', 72),
('core.views', '2011-07-24 20:00:00', 98),
('core.views', '2011-07-24 21:00:00', 60),
('core.views', '2011-07-24 22:00:00', 59),
('core.views', '2011-07-24 23:00:00', 127),
('core.views', '2011-07-25 00:00:00', 55),
('core.views', '2011-07-25 11:00:00', 5),
('core.views', '2011-07-25 12:00:00', 33),
('core.views', '2011-07-25 13:00:00', 49),
('core.views', '2011-07-25 14:00:00', 132),
('core.views', '2011-07-25 15:00:00', 88),
('core.views', '2011-07-25 16:00:00', 21),
('core.views', '2011-07-25 17:00:00', 57),
('core.views', '2011-07-25 18:00:00', 96),
('core.views', '2011-07-25 19:00:00', 75),
('core.views', '2011-07-25 20:00:00', 80),
('core.views', '2011-07-25 21:00:00', 103),
('core.views', '2011-07-25 22:00:00', 21),
('core.views', '2011-07-26 01:00:00', 6),
('core.views', '2011-07-26 02:00:00', 4),
('core.views', '2011-07-26 12:00:00', 117),
('core.views', '2011-07-26 13:00:00', 74),
('core.views', '2011-07-26 14:00:00', 5),
('core.views', '2011-07-26 15:00:00', 24),
('core.views', '2011-07-26 17:00:00', 12),
('core.views', '2011-07-26 18:00:00', 61),
('core.views', '2011-07-26 19:00:00', 63),
('core.views', '2011-07-26 20:00:00', 69),
('core.views', '2011-07-26 21:00:00', 81),
('core.views', '2011-07-26 22:00:00', 64),
('core.views', '2011-07-26 23:00:00', 16),
('core.views', '2011-07-27 00:00:00', 11),
('core.views', '2011-07-27 01:00:00', 3),
('core.views', '2011-07-27 02:00:00', 6),
('core.views', '2011-07-27 12:00:00', 45),
('core.views', '2011-07-27 13:00:00', 130),
('core.views', '2011-07-27 14:00:00', 52),
('core.views', '2011-07-27 15:00:00', 75),
('core.views', '2011-07-27 16:00:00', 3),
('core.views', '2011-07-27 17:00:00', 43),
('core.views', '2011-07-27 18:00:00', 184),
('core.views', '2011-07-27 19:00:00', 72),
('core.views', '2011-07-27 20:00:00', 235),
('core.views', '2011-07-27 21:00:00', 217),
('core.views', '2011-07-27 22:00:00', 38),
('core.views', '2011-07-27 23:00:00', 1),
('core.views', '2011-07-28 12:00:00', 32),
('core.views', '2011-07-28 13:00:00', 100),
('core.views', '2011-07-28 14:00:00', 169),
('core.views', '2011-07-28 15:00:00', 150),
('core.views', '2011-07-28 16:00:00', 1),
('core.views', '2011-07-28 17:00:00', 50),
('core.views', '2011-07-28 18:00:00', 177),
('core.views', '2011-07-28 19:00:00', 44),
('core.views', '2011-07-28 20:00:00', 22),
('core.views', '2011-07-28 21:00:00', 22),
('core.views', '2011-07-28 22:00:00', 72),
('core.views', '2011-07-28 23:00:00', 90),
('core.views', '2011-07-29 00:00:00', 3),
('core.views', '2011-07-29 01:00:00', 23),
('core.views', '2011-07-29 02:00:00', 25),
('core.views', '2011-07-29 12:00:00', 9),
('core.views', '2011-07-29 13:00:00', 60),
('core.views', '2011-07-29 14:00:00', 59),
('core.views', '2011-07-29 15:00:00', 133),
('core.views', '2011-07-29 16:00:00', 28),
('core.views', '2011-07-29 17:00:00', 65),
('core.views', '2011-07-29 18:00:00', 116),
('core.views', '2011-07-29 19:00:00', 111),
('core.views', '2011-07-29 20:00:00', 116),
('core.views', '2011-07-29 21:00:00', 170),
('core.views', '2011-07-29 22:00:00', 35),
('core.views', '2011-07-30 13:00:00', 1),
('core.views', '2011-07-30 14:00:00', 2),
('core.views', '2011-07-31 02:00:00', 2),
('core.views', '2011-07-31 05:00:00', 1),
('core.views', '2011-07-31 16:00:00', 1),
('core.views', '2011-08-01 18:00:00', 18),
('core.views', '2011-08-01 19:00:00', 51),
('core.views', '2011-08-01 20:00:00', 75),
('core.views', '2011-08-01 21:00:00', 140),
('core.views', '2011-08-01 22:00:00', 69),
('core.views', '2011-08-02 04:00:00', 8),
('core.views', '2011-08-02 05:00:00', 2),
('core.views', '2011-08-02 12:00:00', 59),
('core.views', '2011-08-02 13:00:00', 88),
('core.views', '2011-08-02 14:00:00', 86),
('core.views', '2011-08-02 15:00:00', 103),
('core.views', '2011-08-02 16:00:00', 2),
('core.views', '2011-08-02 17:00:00', 15),
('core.views', '2011-08-02 18:00:00', 119),
('core.views', '2011-08-02 19:00:00', 165),
('core.views', '2011-08-02 20:00:00', 70),
('core.views', '2011-08-02 21:00:00', 120),
('core.views', '2011-08-02 22:00:00', 93),
('core.views', '2011-08-02 23:00:00', 1),
('core.views', '2011-08-03 02:00:00', 1),
('core.views', '2011-08-03 03:00:00', 1),
('core.views', '2011-08-03 04:00:00', 2),
('core.views', '2011-08-03 08:00:00', 7),
('core.views', '2011-08-03 09:00:00', 26),
('core.views', '2011-08-03 10:00:00', 33),
('core.views', '2011-08-03 11:00:00', 81),
('core.views', '2011-08-03 12:00:00', 215),
('core.views', '2011-08-03 13:00:00', 213),
('core.views', '2011-08-03 14:00:00', 106),
('core.views', '2011-08-03 15:00:00', 216),
('core.views', '2011-08-03 16:00:00', 10),
('core.views', '2011-08-03 17:00:00', 62),
('core.views', '2011-08-03 18:00:00', 3),
('core.views', '2011-08-03 19:00:00', 37),
('core.views', '2011-08-03 20:00:00', 9),
('core.views', '2011-08-03 21:00:00', 1),
('core.views', '2011-08-03 22:00:00', 3),
('core.views', '2011-08-03 23:00:00', 6),
('core.views', '2011-08-04 00:00:00', 12),
('core.views', '2011-08-04 01:00:00', 7),
('core.views', '2011-08-04 02:00:00', 89),
('core.views', '2011-08-04 03:00:00', 123),
('core.views', '2011-08-04 04:00:00', 63),
('core.views', '2011-08-04 05:00:00', 59),
('core.views', '2011-08-04 06:00:00', 13),
('core.views', '2011-08-04 07:00:00', 126),
('core.views', '2011-08-04 08:00:00', 43),
('core.views', '2011-08-04 09:00:00', 39),
('core.views', '2011-08-04 10:00:00', 118),
('core.views', '2011-08-04 11:00:00', 53),
('core.views', '2011-08-04 12:00:00', 77),
('core.views', '2011-08-04 15:00:00', 13),
('core.views', '2011-08-04 17:00:00', 11),
('core.views', '2011-08-04 18:00:00', 4),
('core.views', '2011-08-04 19:00:00', 13),
('core.views', '2011-08-04 20:00:00', 8),
('core.views', '2011-08-04 21:00:00', 20),
('core.views', '2011-08-04 22:00:00', 60),
('core.views', '2011-08-04 23:00:00', 31),
('core.views', '2011-08-05 00:00:00', 20),
('core.views', '2011-08-05 01:00:00', 13),
('core.views', '2011-08-05 02:00:00', 5),
('core.views', '2011-08-05 03:00:00', 24),
('core.views', '2011-08-05 04:00:00', 20),
('core.views', '2011-08-05 05:00:00', 17),
('core.views', '2011-08-05 07:00:00', 25),
('core.views', '2011-08-05 08:00:00', 10),
('core.views', '2011-08-05 09:00:00', 7),
('core.views', '2011-08-05 12:00:00', 4),
('core.views', '2011-08-05 13:00:00', 47),
('core.views', '2011-08-05 14:00:00', 1),
('core.views', '2011-08-05 18:00:00', 33),
('core.views', '2011-08-05 19:00:00', 17),
('core.views', '2011-08-05 20:00:00', 13),
('core.views', '2011-08-05 21:00:00', 13),
('core.views', '2011-08-05 22:00:00', 11),
('core.views', '2011-08-07 18:00:00', 28),
('core.views', '2011-08-08 12:00:00', 41),
('core.views', '2011-08-08 13:00:00', 4),
('core.views', '2011-08-08 15:00:00', 75),
('core.views', '2011-08-08 17:00:00', 27),
('core.views', '2011-08-08 18:00:00', 213),
('core.views', '2011-08-08 19:00:00', 10),
('core.views', '2011-08-08 23:00:00', 1),
('core.views', '2011-08-09 02:00:00', 1),
('core.views', '2011-08-09 04:00:00', 22),
('core.views', '2011-08-09 17:00:00', 10),
('core.views', '2011-08-09 18:00:00', 6),
('core.views', '2011-08-10 14:00:00', 9),
('messages.creations', '2011-07-27 20:00:00', 3),
('messages.creations', '2011-07-28 14:00:00', 2),
('user.creations', '2011-07-23 15:00:00', 31),
('user.creations', '2011-07-23 16:00:00', 3),
('user.creations', '2011-07-24 12:00:00', 1),
('user.creations', '2011-07-24 14:00:00', 8),
('user.creations', '2011-07-24 17:00:00', 1),
('user.creations', '2011-07-25 13:00:00', 1),
('user.creations', '2011-07-25 14:00:00', 1),
('user.creations', '2011-07-26 17:00:00', 1),
('user.creations', '2011-07-26 19:00:00', 1),
('user.creations', '2011-07-27 15:00:00', 1),
('user.creations', '2011-07-27 18:00:00', 2),
('user.creations', '2011-07-27 20:00:00', 1),
('user.creations', '2011-07-28 12:00:00', 1),
('user.creations', '2011-07-28 18:00:00', 1),
('user.creations', '2011-07-29 15:00:00', 1),
('user.creations', '2011-08-03 12:00:00', 1),
('user.creations', '2011-08-04 09:00:00', 1),
('user.creations', '2011-08-04 10:00:00', 1),
('user.creations', '2011-08-04 12:00:00', 1),
('user.creations', '2011-08-04 17:00:00', 1),
('user.creations', '2011-08-04 19:00:00', 1),
('user.creations', '2011-08-04 22:00:00', 1),
('user.creations', '2011-08-05 00:00:00', 1),
('user.creations', '2011-08-05 07:00:00', 1),
('user.friendships', '2011-07-26 18:00:00', 1),
('user.friendships', '2011-07-27 20:00:00', 1),
('user.logins', '2001-01-24 22:00:00', 3),
('user.logins', '2001-01-24 23:00:00', 2),
('user.logins', '2001-01-25 00:00:00', 2),
('user.logins', '2001-01-25 01:00:00', 1),
('user.logins', '2011-07-21 13:00:00', 1),
('user.logins', '2011-07-21 14:00:00', 2),
('user.logins', '2011-07-23 15:00:00', 1),
('user.logins', '2011-07-23 16:00:00', 2),
('user.logins', '2011-07-23 20:00:00', 1),
('user.logins', '2011-07-23 23:00:00', 1),
('user.logins', '2011-07-24 01:00:00', 2),
('user.logins', '2011-07-24 02:00:00', 1),
('user.logins', '2011-07-24 12:00:00', 2),
('user.logins', '2011-07-24 13:00:00', 2),
('user.logins', '2011-07-24 14:00:00', 2),
('user.logins', '2011-07-24 16:00:00', 2),
('user.logins', '2011-07-24 17:00:00', 1),
('user.logins', '2011-07-24 18:00:00', 3),
('user.logins', '2011-07-24 19:00:00', 2),
('user.logins', '2011-07-24 23:00:00', 1),
('user.logins', '2011-07-25 11:00:00', 1),
('user.logins', '2011-07-25 12:00:00', 2),
('user.logins', '2011-07-25 14:00:00', 5),
('user.logins', '2011-07-25 15:00:00', 1),
('user.logins', '2011-07-25 16:00:00', 1),
('user.logins', '2011-07-25 17:00:00', 1),
('user.logins', '2011-07-25 18:00:00', 2),
('user.logins', '2011-07-25 19:00:00', 1),
('user.logins', '2011-07-25 21:00:00', 1),
('user.logins', '2011-07-26 12:00:00', 6),
('user.logins', '2011-07-26 13:00:00', 5),
('user.logins', '2011-07-26 18:00:00', 1),
('user.logins', '2011-07-26 20:00:00', 2),
('user.logins', '2011-07-27 12:00:00', 5),
('user.logins', '2011-07-27 13:00:00', 1),
('user.logins', '2011-07-27 18:00:00', 3),
('user.logins', '2011-07-27 19:00:00', 3),
('user.logins', '2011-07-27 20:00:00', 4),
('user.logins', '2011-07-28 12:00:00', 1),
('user.logins', '2011-07-28 13:00:00', 7),
('user.logins', '2011-07-28 14:00:00', 3),
('user.logins', '2011-07-28 18:00:00', 5),
('user.logins', '2011-07-28 19:00:00', 2),
('user.logins', '2011-07-28 22:00:00', 1),
('user.logins', '2011-07-29 01:00:00', 1),
('user.logins', '2011-07-29 02:00:00', 1),
('user.logins', '2011-07-29 13:00:00', 3),
('user.logins', '2011-07-29 15:00:00', 2),
('user.logins', '2011-07-29 17:00:00', 1),
('user.logins', '2011-07-29 18:00:00', 4),
('user.logins', '2011-07-29 19:00:00', 2),
('user.logins', '2011-07-29 21:00:00', 2),
('user.logins', '2011-08-01 18:00:00', 2),
('user.logins', '2011-08-01 19:00:00', 5),
('user.logins', '2011-08-01 21:00:00', 4),
('user.logins', '2011-08-01 22:00:00', 4),
('user.logins', '2011-08-02 04:00:00', 1),
('user.logins', '2011-08-02 12:00:00', 2),
('user.logins', '2011-08-02 13:00:00', 3),
('user.logins', '2011-08-02 14:00:00', 1),
('user.logins', '2011-08-02 15:00:00', 1),
('user.logins', '2011-08-02 18:00:00', 3),
('user.logins', '2011-08-02 19:00:00', 2),
('user.logins', '2011-08-02 21:00:00', 3),
('user.logins', '2011-08-03 09:00:00', 2),
('user.logins', '2011-08-03 10:00:00', 2),
('user.logins', '2011-08-03 11:00:00', 2),
('user.logins', '2011-08-03 12:00:00', 6),
('user.logins', '2011-08-03 13:00:00', 7),
('user.logins', '2011-08-03 14:00:00', 2),
('user.logins', '2011-08-03 15:00:00', 1),
('user.logins', '2011-08-03 17:00:00', 3),
('user.logins', '2011-08-04 02:00:00', 4),
('user.logins', '2011-08-04 03:00:00', 3),
('user.logins', '2011-08-04 05:00:00', 1),
('user.logins', '2011-08-04 07:00:00', 3),
('user.logins', '2011-08-04 08:00:00', 2),
('user.logins', '2011-08-04 11:00:00', 1),
('user.logins', '2011-08-04 12:00:00', 2),
('user.logins', '2011-08-04 23:00:00', 1),
('user.logins', '2011-08-05 03:00:00', 1),
('user.logins', '2011-08-05 08:00:00', 2),
('user.logins', '2011-08-05 13:00:00', 5),
('user.logins', '2011-08-05 18:00:00', 3),
('user.logins', '2011-08-05 19:00:00', 1),
('user.logins', '2011-08-05 21:00:00', 1),
('user.logins', '2011-08-05 22:00:00', 1),
('user.logins', '2011-08-07 18:00:00', 4),
('user.logins', '2011-08-08 12:00:00', 1),
('user.logins', '2011-08-08 15:00:00', 4),
('user.logins', '2011-08-08 18:00:00', 1),
('user.logins', '2011-08-09 17:00:00', 1),
('user.logins', '2011-08-09 18:00:00', 1),
('user.logins', '2011-08-10 14:00:00', 1);

-- --------------------------------------------------------

--
-- Table structure for table `engine4_core_status`
--

CREATE TABLE IF NOT EXISTS `engine4_core_status` (
  `status_id` int(11) unsigned NOT NULL auto_increment,
  `resource_type` varchar(32) character set latin1 collate latin1_general_ci NOT NULL,
  `resource_id` int(11) unsigned NOT NULL,
  `body` text collate utf8_unicode_ci NOT NULL,
  `creation_date` datetime NOT NULL,
  PRIMARY KEY  (`status_id`)
) ENGINE=InnoDB DEFAULT CHARSET=utf8 COLLATE=utf8_unicode_ci AUTO_INCREMENT=1 ;

-- --------------------------------------------------------

--
-- Table structure for table `engine4_core_styles`
--

CREATE TABLE IF NOT EXISTS `engine4_core_styles` (
  `type` varchar(32) character set latin1 collate latin1_general_ci NOT NULL,
  `id` int(11) unsigned NOT NULL,
  `style` text collate utf8_unicode_ci NOT NULL,
  PRIMARY KEY  (`type`,`id`)
) ENGINE=InnoDB DEFAULT CHARSET=utf8 COLLATE=utf8_unicode_ci;

-- --------------------------------------------------------

--
-- Table structure for table `engine4_core_tagmaps`
--

CREATE TABLE IF NOT EXISTS `engine4_core_tagmaps` (
  `tagmap_id` int(11) unsigned NOT NULL auto_increment,
  `resource_type` varchar(24) character set latin1 collate latin1_general_ci NOT NULL,
  `resource_id` int(11) unsigned NOT NULL,
  `tagger_type` varchar(24) character set latin1 collate latin1_general_ci NOT NULL,
  `tagger_id` int(11) unsigned NOT NULL,
  `tag_type` varchar(24) character set latin1 collate latin1_general_ci NOT NULL,
  `tag_id` int(11) unsigned NOT NULL,
  `creation_date` datetime default NULL,
  `extra` text collate utf8_unicode_ci,
  PRIMARY KEY  (`tagmap_id`),
  KEY `resource_type` (`resource_type`,`resource_id`),
  KEY `tagger_type` (`tagger_type`,`tagger_id`),
  KEY `tag_type` (`tag_type`,`tag_id`)
) ENGINE=InnoDB DEFAULT CHARSET=utf8 COLLATE=utf8_unicode_ci AUTO_INCREMENT=1 ;

-- --------------------------------------------------------

--
-- Table structure for table `engine4_core_tags`
--

CREATE TABLE IF NOT EXISTS `engine4_core_tags` (
  `tag_id` int(11) unsigned NOT NULL auto_increment,
  `text` varchar(255) collate utf8_unicode_ci NOT NULL,
  PRIMARY KEY  (`tag_id`),
  UNIQUE KEY `text` (`text`)
) ENGINE=InnoDB DEFAULT CHARSET=utf8 COLLATE=utf8_unicode_ci AUTO_INCREMENT=1 ;

-- --------------------------------------------------------

--
-- Table structure for table `engine4_core_tasks`
--

CREATE TABLE IF NOT EXISTS `engine4_core_tasks` (
  `task_id` int(11) unsigned NOT NULL auto_increment,
  `title` varchar(255) collate utf8_unicode_ci NOT NULL,
  `module` varchar(128) collate utf8_unicode_ci NOT NULL default '',
  `plugin` varchar(128) character set latin1 collate latin1_general_ci NOT NULL,
  `timeout` int(11) unsigned NOT NULL default '60',
  `processes` smallint(3) unsigned NOT NULL default '1',
  `semaphore` smallint(3) NOT NULL default '0',
  `started_last` int(11) NOT NULL default '0',
  `started_count` int(11) unsigned NOT NULL default '0',
  `completed_last` int(11) NOT NULL default '0',
  `completed_count` int(11) unsigned NOT NULL default '0',
  `failure_last` int(11) NOT NULL default '0',
  `failure_count` int(11) unsigned NOT NULL default '0',
  `success_last` int(11) NOT NULL default '0',
  `success_count` int(11) unsigned NOT NULL default '0',
  PRIMARY KEY  (`task_id`),
  UNIQUE KEY `plugin` (`plugin`),
  KEY `module` (`module`),
  KEY `started_last` (`started_last`)
) ENGINE=InnoDB  DEFAULT CHARSET=utf8 COLLATE=utf8_unicode_ci AUTO_INCREMENT=8 ;

--
-- Dumping data for table `engine4_core_tasks`
--

INSERT INTO `engine4_core_tasks` (`task_id`, `title`, `module`, `plugin`, `timeout`, `processes`, `semaphore`, `started_last`, `started_count`, `completed_last`, `completed_count`, `failure_last`, `failure_count`, `success_last`, `success_count`) VALUES
(1, 'Job Queue', 'core', 'Core_Plugin_Task_Jobs', 5, 1, 0, 1312538016, 702, 1312538016, 702, 0, 0, 1312538016, 702),
(2, 'Background Mailer', 'core', 'Core_Plugin_Task_Mail', 15, 1, 0, 1312538016, 692, 1312538016, 692, 0, 0, 1312538016, 692),
(3, 'Cache Prefetch', 'core', 'Core_Plugin_Task_Prefetch', 300, 1, 0, 1312538016, 207, 1312538016, 207, 0, 0, 1312538016, 207),
(4, 'Statistics', 'core', 'Core_Plugin_Task_Statistics', 43200, 1, 0, 1312532062, 4, 1312532062, 4, 0, 0, 1312532062, 4),
(5, 'Log Rotation', 'core', 'Core_Plugin_Task_LogRotation', 7200, 1, 0, 1312537415, 18, 1312537415, 18, 0, 0, 1312537415, 18),
(6, 'Member Data Maintenance', 'user', 'User_Plugin_Task_Cleanup', 60, 1, 0, 1312537941, 442, 1312537941, 442, 0, 0, 1312537941, 442),
(7, 'Payment Maintenance', 'user', 'Payment_Plugin_Task_Cleanup', 43200, 1, 0, 1312532131, 4, 1312532131, 4, 0, 0, 1312532131, 4);

-- --------------------------------------------------------

--
-- Table structure for table `engine4_core_themes`
--

CREATE TABLE IF NOT EXISTS `engine4_core_themes` (
  `theme_id` int(11) unsigned NOT NULL auto_increment,
  `name` varchar(64) character set latin1 collate latin1_general_ci NOT NULL,
  `title` varchar(255) collate utf8_unicode_ci NOT NULL,
  `description` text collate utf8_unicode_ci NOT NULL,
  `active` tinyint(4) NOT NULL default '0',
  PRIMARY KEY  (`theme_id`),
  UNIQUE KEY `name` (`name`),
  KEY `active` (`active`)
) ENGINE=InnoDB  DEFAULT CHARSET=utf8 COLLATE=utf8_unicode_ci AUTO_INCREMENT=7 ;

--
-- Dumping data for table `engine4_core_themes`
--

INSERT INTO `engine4_core_themes` (`theme_id`, `name`, `title`, `description`, `active`) VALUES
(1, 'default', 'Default Theme', '', 1),
(2, 'midnight', 'Midnight', '', 0),
(3, 'bamboo', 'Bamboo Theme', '', 0),
(4, 'digita', 'Digita', '', 0),
(5, 'slipstream', 'Slipstream', '', 0),
(6, 'snowbot', 'Snowbot Theme', '', 0);

-- --------------------------------------------------------

--
-- Table structure for table `engine4_groupbuy_albums`
--

CREATE TABLE IF NOT EXISTS `engine4_groupbuy_albums` (
  `album_id` int(11) unsigned NOT NULL auto_increment,
  `deal_id` int(11) unsigned NOT NULL,
  `search` tinyint(1) NOT NULL default '1',
  `title` varchar(128) NOT NULL,
  `description` mediumtext NOT NULL,
  `creation_date` datetime NOT NULL,
  `modified_date` datetime NOT NULL,
  `photo_id` int(11) unsigned NOT NULL default '0',
  `view_count` int(11) unsigned NOT NULL default '0',
  `comment_count` int(11) unsigned NOT NULL default '0',
  `collectible_count` int(11) unsigned NOT NULL default '0',
  PRIMARY KEY  (`album_id`),
  KEY `FK_engine4_groupbuy_albums_engine4_groupbuy_deals` (`deal_id`),
  KEY `search` (`search`)
) ENGINE=InnoDB  DEFAULT CHARSET=utf8 AUTO_INCREMENT=17 ;

--
-- Dumping data for table `engine4_groupbuy_albums`
--

INSERT INTO `engine4_groupbuy_albums` (`album_id`, `deal_id`, `search`, `title`, `description`, `creation_date`, `modified_date`, `photo_id`, `view_count`, `comment_count`, `collectible_count`) VALUES
(1, 1, 1, 'Newfoundland Paintball Supply  Multiple Locations', '', '2011-08-03 11:11:11', '2011-08-03 11:11:11', 0, 0, 0, 1),
(2, 2, 1, 'Dooly''s  West End', '', '2011-08-03 11:54:42', '2011-08-03 11:54:42', 0, 0, 0, 1),
(3, 3, 1, 'Moonrise Hotel  St. Louis, Missouri', '', '2011-08-03 12:07:41', '2011-08-03 12:07:41', 0, 0, 0, 5),
(4, 4, 1, 'Mlange Restaurant & Gastro Lounge  Downtown', '', '2011-08-03 12:13:19', '2011-08-03 12:13:19', 0, 0, 0, 1),
(5, 5, 1, 'CrawlSF  Multiple Locations', '', '2011-08-03 12:19:02', '2011-08-03 12:19:02', 0, 0, 0, 1),
(6, 6, 1, 'Palomo Archery  Palomo Archery', '', '2011-08-03 12:41:00', '2011-08-03 12:41:00', 0, 0, 0, 1),
(7, 7, 1, 'Moonrise Hotel  St. Louis, Missouri', '', '2011-08-03 12:52:20', '2011-08-03 12:52:20', 0, 0, 0, 1),
(8, 8, 1, 'The Clayground Ceramic Painting Studio  The Clayground', '', '2011-08-03 13:02:24', '2011-08-03 13:02:24', 0, 0, 0, 3),
(9, 9, 1, 'START Fitness  Pacific Heights', '', '2011-08-03 13:35:24', '2011-08-03 13:35:24', 0, 0, 0, 1),
(10, 10, 1, 'Opus Hotel Montreal  Montreal, Quebec, Canada', '', '2011-08-04 03:42:59', '2011-08-04 03:42:59', 0, 0, 0, 3),
(11, 11, 1, 'Test Deal ', '', '2011-08-04 03:55:00', '2011-08-04 03:55:00', 0, 0, 0, 1),
(12, 12, 1, 'Festival Opera  Lesher Center for the Arts', '', '2011-08-04 06:59:08', '2011-08-04 06:59:08', 0, 0, 0, 1),
(13, 13, 1, 'Artistic Esthetic Spa  Central London', '', '2011-08-04 07:57:58', '2011-08-04 07:57:58', 0, 0, 0, 7),
(14, 14, 1, 'Tien Deal 1', '', '2011-08-04 10:07:07', '2011-08-04 10:07:07', 0, 0, 0, 1),
(15, 15, 1, 'Sutter Dental  San Francisco', '', '2011-08-04 12:10:27', '2011-08-04 12:10:27', 0, 0, 0, 1),
(16, 16, 1, 'Elements Therapeutic Massage  Multiple Locations', '', '2011-08-04 12:34:15', '2011-08-04 12:34:15', 0, 0, 0, 2);

-- --------------------------------------------------------

--
-- Table structure for table `engine4_groupbuy_bills`
--

CREATE TABLE IF NOT EXISTS `engine4_groupbuy_bills` (
  `bill_id` int(11) NOT NULL auto_increment,
  `item_id` int(11) unsigned NOT NULL,
  `user_id` int(11) unsigned NOT NULL,
  `owner_id` int(11) unsigned NOT NULL,
  `invoice` varchar(70) NOT NULL,
  `sercurity` varchar(100) NOT NULL,
  `finance_account_id` int(11) default NULL,
  `emal_receiver` varchar(255) NOT NULL,
  `payment_receiver_id` int(11) NOT NULL,
  `date_bill` datetime NOT NULL,
  `bill_status` int(3) NOT NULL default '0',
  `amount` double(10,2) NOT NULL,
  `number` int(11) NOT NULL default '1',
  PRIMARY KEY  (`bill_id`),
  KEY `FK_engine4_groupbuy_bills_engine4_users` (`user_id`),
  KEY `FK_engine4_groupbuy_bills_engine4_users_2` (`owner_id`),
  KEY `FK_engine4_groupbuy_bills_engine4_groupbuy_deals` (`item_id`)
) ENGINE=InnoDB  DEFAULT CHARSET=utf8 AUTO_INCREMENT=34 ;

--
-- Dumping data for table `engine4_groupbuy_bills`
--

INSERT INTO `engine4_groupbuy_bills` (`bill_id`, `item_id`, `user_id`, `owner_id`, `invoice`, `sercurity`, `finance_account_id`, `emal_receiver`, `payment_receiver_id`, `date_bill`, `bill_status`, `amount`, `number`) VALUES
(1, 7, 60, 60, 'ZeSmcMdcqo7TVlcC', 'cULqHgNnVPlI9ZX2', 0, 'store1_1300518495_biz@gmail.com', 1, '2011-08-03 12:52:43', 0, 9.00, 1),
(2, 7, 60, 60, 'accaeIpfft1q8mPC', 'CAVbh0ViBbuz6m46', 0, 'store1_1300518495_biz@gmail.com', 1, '2011-08-03 12:54:03', 1, 9.00, 1),
(3, 5, 54, 54, 'nl8VzhZfbYdu4QIY', 'NOYdbXsPLx4eMg6A', 0, 'store1_1300518495_biz@gmail.com', 1, '2011-08-03 13:26:20', 1, 20.00, 2),
(4, 9, 54, 54, '5xii25oXCI91F4X4', 'IC957yogatEhmNt2', 0, 'store1_1300518495_biz@gmail.com', 1, '2011-08-03 13:35:54', 1, 9.00, 1),
(5, 10, 59, 59, 'gO7hNVDl1PH87zu2', 'vOhnG7yK7X0ti1eZ', 0, 'store1_1300518495_biz@gmail.com', 1, '2011-08-04 03:43:11', 1, 9.00, 1),
(6, 1, 59, 54, 'Acqdba6lgP7ZG354', 'PDuy893oHIhfTefB', 0, 'store1_1300518495_biz@gmail.com', 1, '2011-08-04 04:25:04', 1, 40.00, 2),
(7, 1, 59, 54, 'Acqdba6lgP7ZG354', 'PDuy893oHIhfTefB', 0, 'store1_1300518495_biz@gmail.com', 1, '2011-08-04 04:25:20', 0, 40.00, 2),
(8, 12, 54, 54, 'PmCzMnmdYkP57CBl', 'D8GxhqAGAltKyGFx', 0, 'store1_1300518495_biz@gmail.com', 1, '2011-08-04 07:01:38', 1, 9.00, 1),
(9, 8, 59, 59, 'fmF62uBOHE9BggO7', '8UkgHI8vZ3FSBF7D', 0, 'store1_1300518495_biz@gmail.com', 1, '2011-08-04 10:43:28', 1, 20.00, 2),
(10, 1, 63, 54, 'AeCk3eY2tfx4BdSu', 'bAvMB01taIvBGmov', 0, 'store1_1300518495_biz@gmail.com', 1, '2011-08-04 12:37:24', 0, 20.00, 1),
(11, 5, 64, 54, '9k7bI1F0i4c2vB1M', 'yKg7tiXFqlGbh1AQ', 0, 'store1_1300518495_biz@gmail.com', 1, '2011-08-04 17:40:34', 0, 100.00, 10),
(12, 2, 66, 54, 'QXlqgNtckQfxufGM', 'NDxcBMfd7BH6syyU', 0, 'store1_1300518495_biz@gmail.com', 1, '2011-08-04 22:28:52', 0, 21.00, 1),
(13, 13, 1, 59, 'Muk1vM4nqNe9uOB1', 'cOd2QF51xcvZ9nhn', 0, 'store1_1300518495_biz@gmail.com', 1, '2011-08-05 13:19:49', 0, 0.00, 0),
(14, 13, 1, 59, 'DHH01lxgkTSv7pDU', 'xpCl3FUEABGyiY1n', 0, 'store1_1300518495_biz@gmail.com', 1, '2011-08-05 13:20:19', 0, 0.00, 0),
(15, 1, 59, 54, 'm7Z1vCmH4BvGDSiS', 'EVKESpG4U3Xov65D', 0, 'store1_1300518495_biz@gmail.com', 1, '2011-08-05 19:04:11', 1, 20.00, 1),
(16, 2, 59, 54, 'v0tSpdU7g9oLVmix', 'FmS4xNdS77VbNQbU', 0, 'store1_1300518495_biz@gmail.com', 1, '2011-08-05 19:14:27', 1, 21.00, 1),
(17, 1, 59, 54, 'mtLnaY9NQEDDOCs2', 'IoZ9fKCZ5oHiN4gm', 0, 'store1_1300518495_biz@gmail.com', 1, '2011-08-05 19:36:03', 0, 40.00, 2),
(18, 5, 59, 54, '6VNE05GFBkGiUP6P', 'iYCafZnM6ye9Fq63', 0, 'store1_1300518495_biz@gmail.com', 1, '2011-08-05 19:39:07', 1, 10.00, 1),
(19, 2, 59, 54, 'G3ikmavyNkA0LkbS', 'PS6QEkSCmBptcKpG', 0, 'store1_1300518495_biz@gmail.com', 1, '2011-08-05 20:27:43', 1, 105.00, 5),
(20, 1, 59, 54, 'XEKxHv4eOMqdUtHn', 'cYp81uEf1QbPZzxZ', 0, 'store1_1300518495_biz@gmail.com', 1, '2011-08-05 20:36:55', 1, 100.00, 5),
(21, 1, 59, 54, '0GK58fUmkmaXxGFd', 'A5OST0d9P1LX9HTa', 0, 'store1_1300518495_biz@gmail.com', 1, '2011-08-05 21:04:28', 1, 40.00, 2),
(22, 9, 59, 54, '7osnh8lxnmtsS7UC', 'LpsOGAi2blpFioS7', 0, 'store1_1300518495_biz@gmail.com', 1, '2011-08-05 21:58:56', 1, 100.00, 5),
(23, 3, 1, 54, 'vdsdcZCmVzHGosG5', '4nig7Bf1Bzoonym1', 0, 'store1_1300518495_biz@gmail.com', 1, '2011-08-05 22:04:42', 0, 1800.00, 9),
(24, 2, 1, 54, 'UMQBfkd9llPt98QU', 'xzeTpKKG7xfFp7ht', 0, 'store1_1300518495_biz@gmail.com', 1, '2011-08-05 22:05:28', 1, 105.00, 5),
(25, 2, 1, 54, '1uxNCTExbKdcPGIt', 'I4lslV35yNsvlaht', 0, 'store1_1300518495_biz@gmail.com', 1, '2011-08-05 22:08:45', 1, 126.00, 6),
(26, 9, 39, 54, 'V1ksx6lZgVgUmc4V', '7H3OfMTkIBfeBAkx', 0, 'store1_1300518495_biz@gmail.com', 1, '2011-08-08 12:42:08', 0, 80.00, 4),
(27, 9, 39, 54, 'YaM1pdy7qi35syY9', 'hL9Il29L3Cq9GiQA', 0, 'store1_1300518495_biz@gmail.com', 1, '2011-08-08 12:42:50', 1, 20.00, 1),
(28, 9, 39, 54, 'XQI0ayh5PDVzmS38', 'xFDkNZP06hppXm9G', 0, 'store1_1300518495_biz@gmail.com', 1, '2011-08-08 12:47:07', 1, 20.00, 1),
(29, 2, 39, 54, 'CDaqGFQE11yve9f1', 'AA6q7f2sXDNyXSTL', 0, 'store1_1300518495_biz@gmail.com', 1, '2011-08-08 12:56:33', 0, 21.00, 1),
(30, 6, 1, 54, 'NciXnluGeafqisKE', 'dTy8EB4luLNtvh7t', 0, 'store1_1300518495_biz@gmail.com', 1, '2011-08-08 15:15:57', 1, 30.00, 1),
(31, 9, 48, 54, 'thxBe8VpNIa2UzZi', 'bGPCNhDN99nLGn3A', 0, 'store1_1300518495_biz@gmail.com', 1, '2011-08-09 04:55:39', 1, 20.00, 1),
(32, 3, 54, 54, 'Kko8564YALX0M2b2', 'xGiu2bBsVHI3bNt2', 0, 'store1_1300518495_biz@gmail.com', 1, '2011-08-08 18:51:09', 1, 200.00, 1),
(33, 2, 48, 54, 'pFE67u6silCe6T8G', 'XNv84huzMYATSUiF', 0, 'store1_1300518495_biz@gmail.com', 1, '2011-08-08 18:57:05', 1, 21.00, 1);

-- --------------------------------------------------------

--
-- Table structure for table `engine4_groupbuy_buy_cods`
--

CREATE TABLE IF NOT EXISTS `engine4_groupbuy_buy_cods` (
  `buycod_id` int(11) NOT NULL auto_increment,
  `deal_id` int(11) unsigned NOT NULL,
  `user_id` int(11) unsigned NOT NULL,
  `verified` tinyint(3) unsigned NOT NULL,
  `status` tinyint(8) unsigned NOT NULL default '0',
  `email` varchar(128) default NULL,
  `buyer_name` varchar(256) NOT NULL,
  `address` varchar(256) NOT NULL,
  `phone` varchar(64) NOT NULL,
  `note` longtext NOT NULL,
  `creation_date` datetime NOT NULL,
  `modified_date` datetime NOT NULL,
  `tran_id` int(1) default NULL,
  PRIMARY KEY  (`buycod_id`),
  KEY `FK_engine4_groupbuy_buy_cods_engine4_groupbuy_deals` (`deal_id`),
  KEY `FK_engine4_groupbuy_buy_cods_engine4_users` (`user_id`),
  KEY `tran_id` (`tran_id`)
) ENGINE=InnoDB  DEFAULT CHARSET=utf8 AUTO_INCREMENT=19 ;

--
-- Dumping data for table `engine4_groupbuy_buy_cods`
--

INSERT INTO `engine4_groupbuy_buy_cods` (`buycod_id`, `deal_id`, `user_id`, `verified`, `status`, `email`, `buyer_name`, `address`, `phone`, `note`, `creation_date`, `modified_date`, `tran_id`) VALUES
(1, 2, 54, 0, 0, 'thikien@gmail.com', 'Lam thi Kien', '65/7 Au Co F9 Q.Tan Binh TPHCM', '0956698756', 'Please enter valid information below', '2011-08-03 13:24:37', '2011-08-03 13:24:37', NULL),
(2, 4, 54, 0, 0, 'thikien@gmail.com', 'Lam thi Kien', '799 Water St. St. John''s, Newfoundland A1C 1E3', '(709) 726-9932', '', '2011-08-03 13:29:39', '2011-08-03 13:29:39', NULL),
(3, 5, 55, 0, 0, 'namnv@younetco.com', 'Nam Nguyen', '843A Ta Quang Buu, Ho Chi Minh City', '478 - 789 - 7487', 'i love this task.', '2011-08-03 13:31:32', '2011-08-03 13:31:32', NULL),
(4, 5, 55, 0, 0, 'namnv@younetco.com', 'Nam Nguyen', '843A Ta Quang Buu, Ho Chi Minh City', '478 - 789 - 7487', 'i love this task.', '2011-08-03 13:32:38', '2011-08-03 13:32:38', NULL),
(5, 5, 55, 0, 0, 'namnv@younetco.com', 'Nam Nguyen', '843A Ta Quang Buu, Ho Chi Minh City', '478 - 789 - 7487', 'i love this task.', '2011-08-03 13:36:00', '2011-08-03 13:36:00', NULL),
(6, 5, 55, 0, 0, 'namnv@younetco.com', 'Nam Nguyen', '843A Ta Quang Buu, Ho Chi Minh City', '478 - 789 - 7487', 'i love this task.', '2011-08-03 13:36:41', '2011-08-03 13:36:41', NULL),
(7, 5, 55, 0, 0, 'namnv@younetco.com', 'Nam Nguyen', '843A Ta Quang Buu, Ho Chi Minh City', '478 - 789 - 7487', 'i love this task.', '2011-08-03 13:37:05', '2011-08-03 13:37:05', NULL),
(8, 5, 55, 0, 0, 'namnv@younetco.com', 'Nam Nguyen', '843A Ta Quang Buu, Ho Chi Minh City', '478 - 789 - 7487', 'i love this task.', '2011-08-03 13:38:03', '2011-08-03 13:38:03', NULL),
(9, 4, 54, 0, 0, 'thikien@gmail.com', 'Lam thi Kien', '65/7 Au Co F9 Q.Tan Binh TPHCM', '(314) 721-1111', '', '2011-08-03 13:42:58', '2011-08-03 13:42:58', NULL),
(10, 5, 55, 0, 0, 'namnv@younetco.com', 'Nam Nguyen', '843A Ta Quang Buu, Ho Chi Minh City', '478 - 789 - 7487', 'i love this task.', '2011-08-03 13:46:57', '2011-08-03 13:46:57', NULL),
(11, 8, 54, 0, 0, 'thikien@gmail.com', 'Lam thi Kien', '799 Water St. St. John''s, Newfoundland A1C 1E3', '(709) 726-9932', '', '2011-08-03 13:49:24', '2011-08-03 13:49:24', NULL),
(12, 10, 54, 0, 0, 'thikien@gmail.com', 'Lam thi Kien', '799 Water St. St. John''s, Newfoundland A1C 1E3', '(314) 721-1111', 'Toi voi nang hai dua nguyen yeu nhau Toi voi nang hai dua nguyen yeu nhau Toi voi nang hai dua nguyen yeu nhau Toi voi nang hai dua nguyen yeu nhau Toi voi nang hai dua nguyen yeu nhau Toi voi nang hai dua nguyen yeu nhau Toi voi nang hai dua nguyen yeu nhau Toi voi nang hai dua nguyen yeu nhau Toi voi nang hai dua nguyen yeu nhau Toi voi nang hai dua nguyen yeu nhau ', '2011-08-04 04:57:21', '2011-08-04 04:57:21', NULL),
(13, 2, 54, 0, 0, 'thikien@gmail.com', 'Lam thi Kien', '65/7 Au Co F9 Q.Tan Binh TPHCM', '(709) 726-9932', 'Toi voi nang hai dua nguyen yeu nhau tha thiet tu day mong toi ngay bac dau', '2011-08-04 08:14:04', '2011-08-04 08:14:04', 20),
(14, 4, 62, 0, 0, 'baotq@younetco.com', 'bao', '18 Le loi, Hue, Viet nam', '0923423423`', '', '2011-08-04 10:41:22', '2011-08-04 10:41:22', 21),
(15, 4, 61, 0, 0, 'nhocconan@gmail.com', 'Tien Le Vn', '831A Ta Quang Buu, Ward 5, District 8', '090900990', 'm b', '2011-08-04 10:50:57', '2011-08-04 10:50:57', 23),
(16, 3, 63, 0, 0, 'sachin.bagpey11@yahoo.in', 'sachin', 'no 24,newyork', '+8541269854', '', '2011-08-04 12:23:14', '2011-08-04 12:23:14', 25),
(17, 3, 1, 0, 0, 'minhnc@younetco.com', '222', '483A Ta quang buu', '2321321', 'sdsss', '2011-08-08 15:44:53', '2011-08-08 15:44:53', 40),
(18, 1, 48, 0, 0, 'kieuanhdang89@gmail.com', 'kieuanh', '123abc', '0123456789', '', '2011-08-09 04:52:47', '2011-08-09 04:52:47', 41);

-- --------------------------------------------------------

--
-- Table structure for table `engine4_groupbuy_buy_deals`
--

CREATE TABLE IF NOT EXISTS `engine4_groupbuy_buy_deals` (
  `buydeal_id` int(11) unsigned NOT NULL auto_increment,
  `item_id` int(11) unsigned NOT NULL,
  `owner_id` int(11) unsigned NOT NULL,
  `user_id` int(11) unsigned NOT NULL,
  `status` tinyint(4) NOT NULL default '0',
  `buy_date` datetime NOT NULL,
  `amount` float(10,2) NOT NULL default '0.00',
  `number` int(11) NOT NULL default '1',
  PRIMARY KEY  (`buydeal_id`),
  KEY `FK_engine4_groupbuy_buy_deals_engine4_groupbuy_deals` (`item_id`),
  KEY `FK_engine4_groupbuy_buy_deals_engine4_users` (`owner_id`),
  KEY `FK_engine4_groupbuy_buy_deals_engine4_users_2` (`user_id`),
  KEY `status` (`status`)
) ENGINE=InnoDB  DEFAULT CHARSET=utf8 AUTO_INCREMENT=36 ;

--
-- Dumping data for table `engine4_groupbuy_buy_deals`
--

INSERT INTO `engine4_groupbuy_buy_deals` (`buydeal_id`, `item_id`, `owner_id`, `user_id`, `status`, `buy_date`, `amount`, `number`) VALUES
(1, 2, 54, 54, 2, '2011-08-03 13:24:37', 42.00, 2),
(2, 5, 54, 54, -1, '2011-08-03 13:26:52', 20.00, 2),
(4, 5, 54, 55, 2, '2011-08-03 13:31:32', 10.00, 1),
(5, 5, 54, 55, 2, '2011-08-03 13:32:38', 10.00, 1),
(6, 5, 54, 55, 2, '2011-08-03 13:36:00', 10.00, 1),
(7, 5, 54, 55, 2, '2011-08-03 13:36:41', 10.00, 1),
(8, 5, 54, 55, 2, '2011-08-03 13:37:05', 10.00, 1),
(9, 5, 54, 55, 2, '2011-08-03 13:38:03', 10.00, 1),
(10, 4, 59, 54, 2, '2011-08-03 13:42:58', 0.00, 3),
(11, 5, 54, 55, 2, '2011-08-03 13:46:57', 10.00, 1),
(13, 1, 54, 59, 0, '2011-08-04 04:26:28', 40.00, 2),
(14, 10, 59, 54, 2, '2011-08-04 04:57:21', 4000.00, 40),
(15, 2, 54, 54, 2, '2011-08-04 08:14:04', 63.00, 3),
(16, 4, 59, 62, 2, '2011-08-04 10:41:22', 0.00, 2),
(17, 8, 59, 59, 0, '2011-08-04 10:44:37', 20.00, 2),
(18, 4, 59, 61, 2, '2011-08-04 10:50:57', 0.00, 1),
(19, 3, 54, 63, 2, '2011-08-04 12:23:14', 200.00, 1),
(20, 1, 54, 59, 0, '2011-08-05 19:05:18', 20.00, 1),
(21, 2, 54, 59, 0, '2011-08-05 19:15:37', 21.00, 1),
(22, 5, 54, 59, 0, '2011-08-05 19:39:34', 10.00, 1),
(23, 2, 54, 59, 0, '2011-08-05 20:28:36', 105.00, 5),
(24, 1, 54, 59, 0, '2011-08-05 20:37:24', 100.00, 5),
(25, 1, 54, 59, 0, '2011-08-05 21:05:02', 40.00, 2),
(26, 9, 54, 59, 0, '2011-08-05 21:59:30', 100.00, 5),
(27, 2, 54, 1, -1, '2011-08-05 22:06:01', 105.00, 5),
(28, 2, 54, 1, -1, '2011-08-05 22:09:38', 126.00, 6),
(29, 9, 54, 39, 0, '2011-08-08 12:43:23', 20.00, 1),
(30, 9, 54, 39, 0, '2011-08-08 12:47:48', 20.00, 1),
(31, 6, 54, 1, -1, '2011-08-08 15:16:40', 30.00, 1),
(32, 3, 54, 1, 2, '2011-08-08 15:44:53', 200.00, 1),
(33, 1, 54, 48, 2, '2011-08-09 04:52:48', 20.00, 1),
(34, 3, 54, 54, -1, '2011-08-08 18:51:55', 200.00, 1),
(35, 2, 54, 48, 0, '2011-08-08 18:57:34', 21.00, 1);

-- --------------------------------------------------------

--
-- Table structure for table `engine4_groupbuy_categories`
--

CREATE TABLE IF NOT EXISTS `engine4_groupbuy_categories` (
  `category_id` int(11) unsigned NOT NULL auto_increment,
  `user_id` int(11) unsigned NOT NULL,
  `parent_id` int(11) unsigned default NULL,
  `pleft` int(11) unsigned NOT NULL,
  `pright` int(11) unsigned NOT NULL,
  `level` int(11) unsigned NOT NULL default '0',
  `title` varchar(64) NOT NULL,
  PRIMARY KEY  (`category_id`),
  KEY `user_id` (`user_id`),
  KEY `parent_id` (`parent_id`),
  KEY `pleft` (`pleft`),
  KEY `pright` (`pright`),
  KEY `level` (`level`)
) ENGINE=InnoDB  DEFAULT CHARSET=utf8 AUTO_INCREMENT=24 ;

--
-- Dumping data for table `engine4_groupbuy_categories`
--

INSERT INTO `engine4_groupbuy_categories` (`category_id`, `user_id`, `parent_id`, `pleft`, `pright`, `level`, `title`) VALUES
(1, 0, NULL, 1, 46, 0, 'All Categories'),
(2, 1, 1, 8, 19, 1, 'Food and Drink'),
(3, 1, 1, 20, 29, 1, 'Health and Beauty'),
(4, 1, 1, 30, 45, 1, 'Retail and Services'),
(5, 1, 1, 2, 5, 1, 'Activities'),
(6, 1, 1, 6, 7, 1, 'Events'),
(7, 1, 2, 11, 12, 2, 'Bars and clubs'),
(8, 1, 2, 13, 14, 2, 'Cafes, dessert, and bakeries'),
(9, 1, 2, 9, 10, 2, ' Casual restaurants'),
(10, 1, 2, 15, 16, 2, 'Fine dining'),
(11, 1, 2, 17, 18, 2, 'Meal preparation and delivery'),
(12, 1, 3, 21, 22, 2, 'Dental, vision, and medical'),
(13, 1, 3, 27, 28, 2, 'Salon services'),
(14, 1, 3, 25, 26, 2, 'Spa services'),
(15, 1, 3, 23, 24, 2, 'Massage, and skin care'),
(16, 1, 4, 31, 32, 2, 'Automobile'),
(17, 1, 4, 35, 36, 2, 'Fashion'),
(18, 1, 4, 37, 38, 2, 'Groceries'),
(19, 1, 4, 39, 40, 2, 'Home and garden'),
(20, 1, 4, 43, 44, 2, 'Pets'),
(21, 1, 4, 41, 42, 2, 'Pets'),
(22, 1, 5, 3, 4, 2, 'Arts and crafts'),
(23, 1, 4, 33, 34, 2, 'Cooking classes');

-- --------------------------------------------------------

--
-- Table structure for table `engine4_groupbuy_currencies`
--

CREATE TABLE IF NOT EXISTS `engine4_groupbuy_currencies` (
  `code` varchar(10) NOT NULL,
  `name` varchar(64) NOT NULL,
  `symbol` varchar(50) NOT NULL,
  `status` enum('Enable','Disable') NOT NULL default 'Enable',
  `position` enum('Standard','Left','Right') NOT NULL default 'Standard',
  `precision` tinyint(4) unsigned NOT NULL default '2',
  `script` tinyint(64) default NULL,
  `format` varchar(64) default NULL,
  `display` enum('No Symbol','Use Symbol','Use Shortname','Use Name') NOT NULL default 'Use Symbol',
  PRIMARY KEY  (`code`)
) ENGINE=InnoDB DEFAULT CHARSET=utf8;

--
-- Dumping data for table `engine4_groupbuy_currencies`
--

INSERT INTO `engine4_groupbuy_currencies` (`code`, `name`, `symbol`, `status`, `position`, `precision`, `script`, `format`, `display`) VALUES
('AUD', 'Australian Dollar', 'A $', 'Enable', 'Standard', 2, NULL, NULL, 'Use Symbol'),
('BRL', 'Brazilian Real	', 'BRL', 'Enable', 'Standard', 2, NULL, NULL, 'Use Symbol'),
('CAD', 'Canadian Dollar', 'C $', 'Enable', 'Standard', 2, NULL, NULL, 'Use Symbol'),
('CHF', 'Swiss Franc', 'CHF', 'Enable', 'Standard', 2, NULL, NULL, 'Use Symbol'),
('CZK', 'Czech Koruna', 'CZK', 'Enable', 'Standard', 2, NULL, NULL, 'Use Symbol'),
('DKK', 'Danish Krone', 'DKK', 'Enable', 'Standard', 2, NULL, NULL, 'Use Symbol'),
('EUR', 'Euro', '', 'Enable', 'Standard', 2, NULL, NULL, 'Use Symbol'),
('GBP', 'British Pound', '', 'Enable', 'Standard', 2, NULL, NULL, 'Use Symbol'),
('HKD', 'Hong Kong Dollar', '$', 'Enable', 'Standard', 2, NULL, NULL, 'Use Symbol'),
('HUF', 'Hungarian Forint', 'HUF', 'Enable', 'Standard', 2, NULL, NULL, 'Use Symbol'),
('ILS', 'Israeli New Shekel', 'ILS', 'Enable', 'Standard', 2, NULL, NULL, 'Use Symbol'),
('JPY', 'Japanese Yen', '', 'Enable', 'Standard', 2, NULL, NULL, 'Use Symbol'),
('MXN', 'Mexican Peso', 'MXN', 'Enable', 'Standard', 2, NULL, NULL, 'Use Symbol'),
('MYR', 'Malaysian Ringgit', 'MYR', 'Enable', 'Standard', 2, NULL, NULL, 'Use Symbol'),
('NOK', 'Norwegian Krone', 'NOK', 'Enable', 'Standard', 2, NULL, NULL, 'Use Symbol'),
('NZD', 'New Zealand Dollar', '$', 'Enable', 'Standard', 2, NULL, NULL, 'Use Symbol'),
('PHP', 'Philippine Peso', 'PHP', 'Enable', 'Standard', 2, NULL, NULL, 'Use Symbol'),
('PLN', 'Polish Zloty', 'PLN', 'Enable', 'Standard', 2, NULL, NULL, 'Use Symbol'),
('SEK', 'Swedish Krona', 'SEK', 'Enable', 'Standard', 2, NULL, NULL, 'Use Symbol'),
('SGD', 'Singapore Dollar', '$', 'Enable', 'Standard', 2, NULL, NULL, 'Use Symbol'),
('THB', 'Thai Baht', 'THB', 'Enable', 'Standard', 2, NULL, NULL, 'Use Symbol'),
('TRY', 'Turkish Lira', 'TRY', 'Enable', 'Standard', 2, NULL, NULL, 'Use Symbol'),
('TWD', 'New Taiwan Dollar', 'TWD', 'Enable', 'Standard', 2, NULL, NULL, 'Use Symbol'),
('USD', 'U.S. Dollar', '$', 'Enable', 'Standard', 1, NULL, NULL, 'Use Symbol');

-- --------------------------------------------------------

--
-- Table structure for table `engine4_groupbuy_deals`
--

CREATE TABLE IF NOT EXISTS `engine4_groupbuy_deals` (
  `deal_id` int(11) unsigned NOT NULL auto_increment,
  `user_id` int(11) unsigned NOT NULL,
  `category_id` int(11) unsigned NOT NULL,
  `location_id` int(11) unsigned NOT NULL,
  `is_delete` tinyint(1) NOT NULL default '0',
  `status` tinyint(8) NOT NULL default '0',
  `stop` tinyint(1) NOT NULL default '0',
  `start_time` datetime NOT NULL,
  `end_time` datetime NOT NULL,
  `featured` tinyint(1) NOT NULL default '0',
  `creation_date` datetime NOT NULL,
  `view_count` int(11) unsigned NOT NULL default '0',
  `rates` float NOT NULL default '0',
  `current_sold` int(11) unsigned NOT NULL,
  `max_sold` int(11) unsigned NOT NULL,
  `comment_count` int(11) unsigned NOT NULL default '0',
  `currency` varchar(10) NOT NULL default 'USD',
  `min_sold` int(11) unsigned NOT NULL,
  `title` varchar(128) NOT NULL,
  `value_deal` double(10,2) unsigned NOT NULL default '0.00',
  `discount` int(11) unsigned NOT NULL default '0',
  `total_fee` decimal(11,2) NOT NULL default '0.00',
  `price` double(10,2) unsigned NOT NULL default '0.00',
  `vat` double(10,2) unsigned NOT NULL default '0.00',
  `final_price` double(10,2) unsigned NOT NULL default '0.00',
  `latitude` double NOT NULL default '0',
  `longitude` double NOT NULL default '0',
  `published` tinyint(8) NOT NULL default '0',
  `company_name` varchar(128) NOT NULL,
  `address` varchar(255) NOT NULL,
  `phone` varchar(60) NOT NULL,
  `website` varchar(128) NOT NULL,
  `photo_id` int(10) unsigned NOT NULL default '0',
  `fine_print` longtext NOT NULL,
  `features` longtext NOT NULL,
  `description` longtext NOT NULL,
  `timezone` varchar(100) default NULL,
  `modified_date` datetime NOT NULL,
  PRIMARY KEY  (`deal_id`),
  KEY `category_id` (`category_id`),
  KEY `location_id` (`location_id`),
  KEY `FK_engine4_groupbuy_deals_engine4_users` (`user_id`),
  KEY `is_delete` (`is_delete`),
  KEY `status` (`status`),
  KEY `stop` (`stop`),
  KEY `start_time` (`start_time`),
  KEY `end_time` (`end_time`),
  KEY `featured` (`featured`),
  KEY `creation_date` (`creation_date`),
  KEY `view_count` (`view_count`),
  KEY `rates` (`rates`),
  KEY `current_sold_max_sold` (`current_sold`,`max_sold`)
) ENGINE=InnoDB  DEFAULT CHARSET=utf8 AUTO_INCREMENT=17 ;

--
-- Dumping data for table `engine4_groupbuy_deals`
--

INSERT INTO `engine4_groupbuy_deals` (`deal_id`, `user_id`, `category_id`, `location_id`, `is_delete`, `status`, `stop`, `start_time`, `end_time`, `featured`, `creation_date`, `view_count`, `rates`, `current_sold`, `max_sold`, `comment_count`, `currency`, `min_sold`, `title`, `value_deal`, `discount`, `total_fee`, `price`, `vat`, `final_price`, `latitude`, `longitude`, `published`, `company_name`, `address`, `phone`, `website`, `photo_id`, `fine_print`, `features`, `description`, `timezone`, `modified_date`) VALUES
(1, 54, 6, 6, 0, 30, 0, '2011-08-01 00:00:00', '2011-08-18 08:00:00', 1, '2011-08-03 11:11:11', 44, 4, 11, 100, 2, 'USD', 50, 'Newfoundland Paintball Supply  Multiple Locations', 100.00, 80, '9.00', 20.00, 0.00, 0.00, 0, 0, 20, 'Newfoundland Paintball Supply ', '799 Water St. St. John''s, Newfoundland A1C 1E3 ', '(709) 726-9932 ', 'http://newfoundlandpaintballsupply.com/sf-dev/', 969, '<ul>\r\n<li>xpires in 1 year</li>\r\n<li>Limit 1 per person, may buy 2 additional as gifts for 2 person outdoor package. Limit 1 per visit. Valid only for option purchased. Must be 10 or older, under 18 must be accompanied by guardian. Must sign waiver.</li>\r\n<li><a href="http://www.groupon.com/pages/universal-fine-print">See the rules</a><span> that apply to all deals.</span></li>\r\n</ul>', '<ul>\r\n<li>More than two acres of wooded outdoor field</li>\r\n<li>Includes basic equipment rental</li>\r\n<li>Domino''s pizza & soft drinks</li>\r\n</ul>', '<p>If the Hundred Years'' War had been fought with paintballs instead of rifles, it might still be happening, but it''d be so colourful that no one would mind. Experience your own vibrant battlefield with today''s Groupon to <a href="http://www.newfoundlandpaintballsupply.com/">Newfoundland Paintball Supply</a>. Choose between the following options:</p>\r\n<p><br> * For $29, you get a two-hour outdoor paintball package for two including field fee (a $15 value each), basic equipment rental (a $6 value each), and 100 paintballs (an $8 value each; a $58 total value). <br> * For $175, you get a two-hour private paintball party package on a Saturday or Sunday for up to 10 players including field fee for 90 minutes of play (a $15 value each), basic equipment rental (a $6 value each), 1,000 total paintballs (a $56 value), coveralls (a $3 value each), and a house referee, plus a half hour in the outdoor party area with two extra large pepperoni pizzas from Domino''s (a $37 value) and two litres of soft drinks (a $6 value; up to a $339 total value). More people may be added at standard rates.</p>\r\n<p><img src="http://3.bp.blogspot.com/-WZ7n1KDWHeo/TcNYVYVX62I/AAAAAAAAAAw/USxpaBN-cBo/s1600/paintball.jpg" alt="" width="477" height="356"></p>\r\n<p>&nbsp;</p>\r\n<p>Newfoundland Paintball Supply equips duos and groups of marksmen with the paint and tools needed to vibrantly ambush opponents while combating on their numerous fields, which include an outdoor wooded field that spans more than two-acres, plus an outdoor urban field slated to open later this summer. After donning a mask, mechanical marker, gravity fed hopper, and full HPA or 12-ounce CO2 tank, ordinary citizens channel the artistry of Henri Matisse and the aggression of a hungry badger to bespatter adversaries with colourful marks of defeat. Triggermen glide across fields during scenario games such as Elimination, Capture the Flag, and Find/Disarm the Bomb, scoping the natural terrain to find cover, create ambush points, and discover new species of talking insect.</p>\r\n<p><img src="http://3.bp.blogspot.com/_p65wJCAooek/TKDCIEGu-NI/AAAAAAAAACY/HU1AjFgIaj0/s1600/digital_paint_ball.jpg" alt=""></p>\r\n<p>Up to ten friends can settle literary debates during a two-hour private paintball party package. After proving dominance over the colour spectrum, players can refuel with two cheesy Domino''s pizzas and two litres of soft drink, ideal tools for proving dominance over the chugging spectrum. Those wanting more firepower may upgrade to an electronic or response-trigger marker ($6, subject to availability). Extra paintballs start at $8 for 100 rounds (only field paint allowed), and tanks may be refilled with air ($1.30 per 1000 psi of HPA/nitrogen; $0.40/oz. of CO2).</p>\r\n', NULL, '2011-08-03 11:14:09'),
(2, 54, 7, 6, 0, 30, 0, '2011-08-01 00:00:00', '2011-08-17 08:00:00', 1, '2011-08-03 11:54:42', 30, 5, 23, 100, 0, 'USD', 4, 'Dooly''s  West End', 201.00, 90, '9.00', 21.00, 0.00, 0.00, 0, 0, 20, 'Dooly''s ', '799 Water St. St. John''s, Newfoundland A1C 1E3', '(709) 726-9932', 'http://www.yahoo.com', 973, '<ul>\r\n<li>Expires Feb 4, 2012</li>\r\n<li>Limit 1 per person, may buy 2 additional as gifts. Limit 1 per visit. Must be 19 or older.</li>\r\n<li><a href="http://www.groupon.com/pages/universal-fine-print">See the rules</a><span> that apply to all deals.</span></li>\r\n</ul>', '<ul>\r\n<li>Award-winning pool hall</li>\r\n<li>Upscale billiards tables</li>\r\n<li>Molson draft beer</li>\r\n<li>Sofas & fireplace</li>\r\n</ul>', '<div>\r\n<p>Like an Easter egg hunt at a chicken-pox ward, billiards asks you to pocket striped orbs while trying not to scratch. Keep your mind on the game with today''s Groupon: for $18, you get two hours of pool (a $25 value) and a pitcher of beer (an $11.25 value) at <a href="http://gr.pn/qZhCnW">Dooly''s</a> (a $36.25 total value).</p>\r\n<p><img src="http://a9.vietbao.vn/images/vi955/2010/2/55281969-1266969665_Gai-Billiard_04.jpg" alt="" width="200" height="200"></p>\r\n<p>Voted Best Place to Play Pool by <a href="http://gr.pn/qk6omj">the <em>Scope</em></a>, Dooly''s encompasses a sprawling billiards hall brimming with upscale pool tables. Mellifluous tones travel from a stereo system toward ear trumpets as players wage one-on-one billiard battles and attempt to pocket a secret target during games of <a href="http://gr.pn/oO9eLQ">pea pool</a>. At the bar, a stream of Molson draft rains from the tap and tops off a pitcher of beer perfect for quenching the thirst of highly concentrated nine-ball players.</p>\r\n<p><img src="http://a9.vietbao.vn/images/vi955/2010/2/55281969-1266969551-Gai-Billiard_46.jpg" alt="" width="371" height="528"></p>\r\n<p>&nbsp;</p>\r\n<p>Players watch TV and exchange respectful head nods while lounging on sofas in front of a fireplace after games, as their doppelgangers play video games and both classic and modern board games. Though not included in today''s Groupon, Dooly''s serves up an assortment of wine, snacks, and eats.</p>\r\n<p><img src="http://www.clovisdesign.com/IDS/images/photo-billiards-3.jpg" alt="" width="400" height="300"></p>\r\n</div>', NULL, '2011-08-03 11:54:42'),
(3, 54, 2, 6, 0, 30, 0, '2011-08-01 00:00:00', '2011-08-17 13:00:00', 1, '2011-08-03 12:07:41', 13, 0, 3, 100, 0, 'USD', 19, 'Moonrise Hotel  St. Louis, Missouri', 2000.00, 90, '6.00', 200.00, 0.00, 0.00, 0, 0, 20, 'Moonrise Hotel', 'St. Louis, Missouri  6177 Delmar Blvd. St. Louis, Missouri 63112 ', '(314) 721-1111 ', 'http://www.gmail.com', 1006, '<ul>\r\n<li>Expires Mar 31, 2012</li>\r\n<li>Limit 4 per person</li>\r\n<li>Limit 4 per visit</li>\r\n<li>48-hour cancellation notice or fee up to the price of Groupon may apply</li>\r\n<li>Not valid 8/24-8/27, 10/20-10/28, 12/30-12/31, or 2/11/12</li>\r\n<li>Must be 21 or older to check in</li>\r\n<li><a href="http://www.groupon.com/pages/universal-fine-print">See the rules</a><span> that apply to all deals.</span></li>\r\n</ul>', '<ul>\r\n<li>For $119, a one-night weekday stay (Sun.&ndash;Thurs.) in a Superior two-queen room or Superior king room</li>\r\n<li>Or, for $129, a one-night weekend stay (Fri.&ndash;Sat.) in a Superior two-queen room or Superior king room<br><br><strong>Included in both options:</strong></li>\r\n<li>Breakfast for two at Eclipse Restaurant</li>\r\n<li>Valet parking with 24-hour in-and-out privileges</li>\r\n</ul>', '<h4>Fashionably Eccentric Boutique Hotel in One of St. Louis&rsquo;s Most Vibrant Commercial Quarters</h4>\r\n<p>Eight stories above the vivacious thrum of Delmar Boulevard, a 10-foot-wide, 3,000-pound model of the moon&mdash;the largest such model in the world&mdash;spins in slow revolutions. Its surface is pocked in likeness of the real moon''s craterous topography, and as it moves&mdash;predictable and deliberate, like all celestial bodies&mdash;the eggshell color of its light half slowly gives way to the sooty hue of its dark side. The chromatic sequence plays out, seemingly in perpetuity, above the heads of the crowd gathered at the Moonrise Hotel''s Rooftop Terrace Bar, and down in the lobby a dynamic light wall and opalescent, LED-outfitted staircase cycle through the color spectrum, their vibrant undulations in dazzling contrast to the moon&rsquo;s simple hemispherical shading. Nearby, newly arrived guests gawk at the lush spectacle of the hotel&rsquo;s interior&mdash;the sleek, sometimes <em>Jetsons</em>-esque furniture, the towering fronds of a strelitzia nicolai plant, the ethereal, fire-toned Dale Chihuly glass chandelier suspended from the high ceiling above the second-floor mezzanine.</p>\r\n<p><img src="http://www.quangbinhtourism.vn/Portals/55/Upload/Travelling/Images/Hotel/Hotel-room-renaissance-columbus-ohio.jpg" alt="" width="346" height="229"></p>\r\n<p>&nbsp;</p>\r\n<p>After check-in, a walk to the elevators&mdash;which require a guest keycard to access the guest-room floors&mdash;takes travelers past a recessed glass case that displays Space Race&ndash;era curios, signed memorabilia, and a certified moon rock from the personal collection of hotel owner, Joe Edwards. The dim, partially black-lit hallways of the guestroom floors shroud visitors in a sense of privacy, and inside the Superior rooms, furnishings and d&eacute;cor resonate with lunar motifs, from artwork on the walls to polka-dot drapery delicately evoking the cycles of the moon. Serta Enrapture pillow-top beds bedecked with a profusion of pillows equip sleepers with a plush yet solid slumber platform even snugglier than a NASA administrator&rsquo;s feather-soft beard.</p>\r\n<p>From its ground-floor location, <a href="http://www.eclipsestlouis.com/">Eclipse Restaurant</a>&mdash;one of <em>St. Louis Magazine&rsquo;s</em> <a href="http://gr.pn/pg0ujc">Best New Restaurants of 2009</a>&mdash;delivers the updated American fare found on its full <a href="http://www.eclipsestlouis.com/gastronomy.asp">menus</a> to hotel rooms around the clock. For those who choose to dine at the restaurant, vivid comic-tinged paintings, low-backed leather booths, and &rsquo;60s-style chairs augment the quirkily upscale feel of the dining rooms. The breakfast menu features a series of creative benedicts, as well as french toast tweaked with a spiced eggnog-batter infusion. High above the restaurant at the Rooftop Terrace Bar, views of downtown St. Louis spread out to the east, including the iconic curvature of the Gateway Arch, rendered diminutive by distance. Along with the scenery, the bar serves up an abbreviated menu of appetizers prepared at Eclipse, complementing a spread of signature cocktails.</p>\r\n<p>&nbsp;</p>\r\n<p><img src="http://t1.gstatic.com/images?q=tbn:ANd9GcSMlwVJTKqn5pgXU_zMl7G0Yr8_EuQqzCPCKmu8ZjQ5JSV_MZaE" alt="" width="274" height="184"></p>\r\n<h4>St. Louis: Green Gateway City</h4>\r\n<p>The six-block <a href="http://visittheloop.com/">Delmar Loop</a> district maintains a Main Street feel thanks to a panoply of dining and shopping outlets entwined with cultural and nightlife institutions. The neighborhood&rsquo;s more than 140 shops, eateries, and entertainment forums run the gamut from the casual espresso and conversation of Meshuggah Coffee House to the top-flight touring acts at <a href="http://www.thepageant.com/">The Pageant</a>, a 1,000+-capacity concert venue a few doors east of the Moonrise. Just across the street from the hotel, the <a href="http://gr.pn/qLmTmr">Little Shark Athletic Company</a> rents mountain, road, and tandem bicycles by the hour and day with a 10% discount to hotel guests. Alongside rentals, keen cycle sage Natalie Carroll dispenses bike maps, route recommendations, and suggestions on city highlights.</p>\r\n<p>About a half-mile south of the hotel, golfers, bikers, joggers, and walkers romp in the 1,293 verdant acres of <a href="http://gr.pn/qb78UE">Forest Park</a>, an enormous swath of urban greenery laced with 5.5 miles of trails. At high noon, sunbeams refract into a beckoning glare off the geometric fa&ccedil;ade of the <a href="http://gr.pn/oYvXFb">Jewel Box</a>, a small 1936 art deco greenhouse in the southeast quadrant of the park. Slightly west along the park''s Wells Drive, the renowned <a href="http://www.stlzoo.org/">Saint Louis Zoo</a> corrals hundreds of species of animals and herds of taxonomically inclined children, and to the north, the park''s <a href="http://gr.pn/qfVgOj">boathouse</a> allows visitors to take to the waters of Post-Dispatch Lake aboard pedal-powered craft.</p>\r\n<p>In the Southwest Garden Neighborhood 5 miles from Moonrise, the <a href="http://www.mobot.org/">Missouri Botanical Garden</a> sustains an enormous diversity of plant species in habitats such as the Buckminster Fuller&ndash;inspired <a href="http://www.mobot.org/explore/climatron.asp">Climatron</a> dome. Outdoors, butterflies flit among the many-hued blooms of the Daylily Garden, and large blue dragonflies hover and zip above lily pads and lotus flowers in the numerous ponds scattered across the grounds.</p>\r\n<p><img src="http://hotelworldnews.com/img/1545.jpg" alt="" width="399" height="303"></p>\r\n<p>The Gateway Arch&mdash;which at 630 feet is the tallest national monument in the National Parks system, more than twice as tall as the Statue of Liberty&mdash;offers a somewhat thrilling ride to its peak and, for those who make the ascent, bird''s-eye views of Mississippi riverboats and Busch Stadium. Doors at the visitors'' center and the Museum of Westward Expansion at the Jefferson National Expansion Memorial open at 8 a.m., lines get long around 10 a.m., and the day&rsquo;s tickets for tram rides to the top of the arch sometimes sell out in the afternoon.</p>', NULL, '2011-08-03 12:49:43'),
(4, 59, 2, 6, 0, 30, 0, '2011-08-01 00:00:00', '2011-08-15 16:00:00', 1, '2011-08-03 12:13:17', 24, 4, 6, 100, 0, 'USD', 32, 'Mlange Restaurant & Gastro Lounge  Downtown', 1.00, 100, '9.00', 0.00, 0.00, 0.00, 0, 0, 20, 'Mlange Restaurant & Gastro Lounge ', '644 6 Ave. SW Calgary, Alberta T2P 0S4 ', '098222222', 'www.yahoo.com', 983, '<div>\r\n<div><a name="fine_print"></a>\r\n<ul>\r\n<li>Expires Feb 6, 2012</li>\r\n<li>Limit 1 per person, may buy 2 additional as gifts. Limit 1 per table.</li>\r\n<li><a href="http://www.groupon.com/pages/universal-fine-print">See the rules</a><span> that apply to all deals.</span></li>\r\n</ul>\r\n</div>\r\n</div>', '<p>&bull; For $40, you get a two-course dinner for two (up to an $86.70 total value). <a href="http://www.groupon.com/deals/melange-restaurant-gastro-lounge/special_content">Click here for an overview of the courses</a>.<br> &bull; For $20, you get $40 worth of continental fare and drinks for lunch.</p>', '<p>Cooking food over an open flame can impart smoky flavor and seal in savoury juices, but cooking food over an eternal flame can get a bobsledding team kicked out of the Olympics. Get your fill of flame-cooked fare with today''s Groupon to <a href="http://gr.pn/oD3EqZ">M&eacute;lange Restaurant & Gastro Lounge</a>. Choose between the following options:</p>\r\n<p> For $40, you get a two-course dinner for two (up to an $86.70 total value). <a href="http://www.groupon.com/deals/melange-restaurant-gastro-lounge/special_content">Click here for an overview of the courses</a>.<br> &bull; For $20, you get $40 worth of continental fare and drinks for lunch.</p>\r\n<p></p>\r\n<p><img src="http://www.travelatvietnam.com/Photos/News/Vietnam-Food-Festival.jpg" alt="" width="282" height="282"></p>\r\n<p>At M&eacute;lange Restaurant & Gastro Lounge, patrons pair creations from a multifarious <a href="http://gr.pn/qMrBYS">menu</a> of gourmet selections from the sea, sky, land, and garden with domestic and imported beers. A selection of dim-sum appetizers changes weekly and allows diners to sample a culturally diverse treat without having to book a seat on an ornithopter. Four grown-up versions of the grilled-cheese sandwich come of age in the pan with a choice of four cheeses, including brie and fontina ($12&ndash;$14), and build-your-own burgers ($15) robe themselves in a choice of eight cheeses ($3&ndash;$5) as well as add-ons such as prosciutto or pancetta ($7&ndash;$8).</p>\r\n<p><img src="http://muivi.com/muivi/images/stories/baiviet/tung/natural_food.jpg" alt="" width="294" height="220"></p>\r\n<p>Patrons reenact famous duels with their forks and knives in black leather booths before sampling the featured vegetarian ($20) or seafood entrees ($22) or electing to divide and conquer the 6-ounce tenderloin steak ($33).</p>\r\n<p>&nbsp;</p>', NULL, '2011-08-03 13:15:41'),
(5, 54, 17, 2, 0, 30, 0, '2011-08-01 00:00:00', '2011-08-16 08:00:00', 1, '2011-08-03 12:19:01', 21, 0, 10, 100, 0, 'USD', 3, 'CrawlSF  Multiple Locations', 100.00, 90, '9.00', 10.00, 0.00, 0.00, 0, 0, 20, 'CrawlSF ', '65/7 Au Co F9 Q.Tan Binh TPHCM', '', '', 988, '<ul>\r\n<li>Expires Oct 1, 2011</li>\r\n<li>Limit 1 per person, may buy multiple as gifts. Must be 21 or older. VIP card is non-transferable.</li>\r\n<li><a href="http://www.groupon.com/pages/universal-fine-print">See the rules</a><span> that apply to all deals.</span></li>\r\n</ul>', '<ul>\r\n<li>VIP access to five pub crawls</li>\r\n<li>Explore several neighborhoods</li>\r\n<li>Wild after parties</li>\r\n<li>Discounts on future events</li>\r\n</ul>', '<div>\r\n<p>Like spelunking, pub crawling shouldn&rsquo;t be done alone, without shoes, or 10 minutes before a job interview. Gear up for an adventurous descent into suds with today&rsquo;s Groupon: for $35, you get a VIP card and commemorative T-shirt from <a href="http://www.crawlsf.com/index.php">CrawlSF</a> (an $80 value). The VIP card grants each customer access to the following pub crawls and their after parties (not including the Crystal Castles concert after the August 6 crawl):</p>\r\n<ul>\r\n<li>9th Annual Union Street Pub Crawl on August 6 at 2 p.m.</li>\r\n<li>1st Annual Mission Pub Crawl on August 20 at 2 p.m.</li>\r\n<li>3rd Annual Clement Street Pub Crawl on September 3 at 4 p.m.</li>\r\n<li>9th Annual North Beach Bar Run on September 17 at 4 p.m.</li>\r\n<li>5th Annual Polk Village Pub Crawl on October 1 at 4 p.m.</li>\r\n</ul>\r\n<p>CrawlSF shepherds parched partiers across San Francisco&rsquo;s diverse panoply of pubs on boisterous daytime crawls followed by raucous after parties. Sip on a variety of sundry suds when populating such classic Union Street cantinas as Bar None and the Blue Light, or hug the walls of The Brick Yard while reciting a slurry welcoming speech. Imbibers can set off on the Mission Pub Crawl&rsquo;s maiden voyage, forging gallantly through the frothy oceans and affable pool sharks that surge through the Elbo Room, Skylark, and Pork Store Cafe&rsquo;s fully stocked alehouses. Crawls across Clement Street and Polk Village alight upon several of the area&rsquo;s most celebrated dives, and the massive North Beach Bar Run will try to top last year&rsquo;s crawl with stopovers at an endless array of shore-side spirit slingers.</p>\r\n<p><img src="http://www.itechnews.net/wp-content/uploads/2010/02/Locked-ON-Proximity-Sensing-T-Shirt.jpg" alt="" width="400" height="368"></p>\r\n<p>Each crawl grants VIPs incomparable vistas of the city&rsquo;s most eye-fetching neighborhoods, as well as enticing contests and commemorative swag from local sponsors. Prolong the festivities at uproarious after parties designed to elongate blissful buzzes and unleash twinkling toes against the beat of infectious live tunes and rhythmic burp-offs. Today&rsquo;s deal also includes a 2011 Pub Crawl T-shirt&ndash;fashioned in cuts for men and women&mdash;as well as access to discounted pre-sale tickets to one of CrawlSF&rsquo;s future holiday events or music festivals.</p>\r\n</div>', NULL, '2011-08-03 12:47:38'),
(6, 54, 3, 2, 0, 30, 0, '2011-08-01 00:00:00', '2011-08-25 08:00:00', 1, '2011-08-03 12:40:57', 17, 0, 1, 100, 0, 'USD', 19, 'Palomo Archery  Palomo Archery', 100.00, 70, '9.00', 30.00, 0.00, 0.00, 0, 0, 20, 'Palomo Archery', '843a Cong Hoa F11 Tan Binh', '(083) 8600364', 'http://newfoundlandpaintballsupply.com/sf-dev/', 997, '<ul>\r\n<li>Expires Feb 8, 2012</li>\r\n<li>Limit 1 per person. Limit 1 per visit. Valid only for option purchased. Must be 10 or older, under 18 must be accompanied by guardian. Must sign waiver.</li>\r\n<li><a href="http://www.groupon.com/pages/universal-fine-print">See the rules</a><span> that apply to all deals.</span></li>\r\n</ul>', '<ul>\r\n<li>Certified instructors</li>\r\n<li>Learn the parts of a bow</li>\r\n<li>Aiming techniques</li>\r\n<li>Safe indoor range</li>\r\n</ul>', '<div>\r\n<p>Archery has been called the sport of kings, whereas being able to successfully dodge arrows has been called treason. Prepare for friendly regal competition with today''s Groupon to <a href="http://palomoarchery.com/">Palomo Archery</a> in Palo Alto. Choose between the following options:</p>\r\n<ul>\r\n<li>For $25, you get a one-hour archery lesson for two people plus equipment rental (a $50 value).</li>\r\n<li>For $40, you get four one-hour archery lessons for one person plus equipment rental (an $85 value).\r\n<p>&nbsp;</p>\r\n</li>\r\n</ul>\r\n<p>Palomo Archery''s certified <a href="http://gr.pn/q1aurF">instructors</a> teach bow beginners the fundamentals of safely aiming and shooting feathered projectiles from the comfort of a brightly lit indoor shooting range. Each one-hour lesson emphasizes various safety precautions as arrow slingers learn the different parts of a bow''s anatomy, various aiming strategies, and how to shoot an arrow without injuring any cartoon merry men in the vicinity. After each step in the tutorial, students cull fletching from quiver to practice incorporating the demonstrated technique themselves. Students can show up with nothing more than a pair of itchy quiver fingers, but seasoned archers, like amateur astronauts, are encouraged to bring their own equipment. To prevent mishaps, shooters should avoid wearing open-toe shoes, baggy clothing, or arrow pheromones.</p>\r\n</div>', NULL, '2011-08-03 12:47:22'),
(7, 60, 14, 2, 0, 50, 0, '2011-08-01 00:00:00', '2011-08-04 05:00:00', 1, '2011-08-03 12:52:18', 8, 0, 0, 100, 0, 'USD', 35, 'Moonrise Hotel  St. Louis, Missouri', 1.00, 100, '9.00', 0.00, 0.00, 0.00, 0, 0, 20, 'YouNet', '843A Ta Quang Buu F.5 Q.8', '', '', 1018, '<ul>\r\n<li>Check in: 3 p.m.</li>\r\n<li>Check out: Noon</li>\r\n<li>Parking: Valet included in Groupon</li>\r\n<li>Additional occupants: Up to three maximum occupants in Superior king rooms and up to four maximum occupants in Superior two-queen rooms; no additional charge</li>\r\n<li>Rollaways: Not available</li>\r\n<li>Smoking policy: No smoking inside the property</li>\r\n<li>Pet policy: Pets may be added for a $50 nonrefundable fee per stay.</li>\r\n<li>Accessibility: Handicap-accessible rooms are available upon request during booking.</li>\r\n<li>Room upgrades: Not available</li>\r\n</ul>', '<ul>\r\n<li>Expires Mar 31, 2012</li>\r\n<li>Limit 4 per person</li>\r\n<li>Limit 4 per visit</li>\r\n<li>48-hour cancellation notice or fee up to the price of Groupon may apply</li>\r\n<li>Not valid 8/24-8/27, 10/20-10/28, 12/30-12/31, or 2/11/12</li>\r\n<li>Must be 21 or older to check in</li>\r\n<li><a href="http://www.groupon.com/pages/universal-fine-print">See the rules</a><span> that apply to all deals.</span></li>\r\n</ul>', '<h4>Fashionably Eccentric Boutique Hotel in One of St. Louis&rsquo;s Most Vibrant Commercial Quarters</h4>\r\n<p>Eight stories above the vivacious thrum of Delmar Boulevard, a 10-foot-wide, 3,000-pound model of the moon&mdash;the largest such model in the world&mdash;spins in slow revolutions. Its surface is pocked in likeness of the real moon''s craterous topography, and as it moves&mdash;predictable and deliberate, like all celestial bodies&mdash;the eggshell color of its light half slowly gives way to the sooty hue of its dark side. The chromatic sequence plays out, seemingly in perpetuity, above the heads of the crowd gathered at the Moonrise Hotel''s Rooftop Terrace Bar, and down in the lobby a dynamic light wall and opalescent, LED-outfitted staircase cycle through the color spectrum, their vibrant undulations in dazzling contrast to the moon&rsquo;s simple hemispherical shading. Nearby, newly arrived guests gawk at the lush spectacle of the hotel&rsquo;s interior&mdash;the sleek, sometimes <em>Jetsons</em>-esque furniture, the towering fronds of a strelitzia nicolai plant, the ethereal, fire-toned Dale Chihuly glass chandelier suspended from the high ceiling above the second-floor mezzanine.</p>', NULL, '2011-08-03 13:16:18'),
(8, 59, 8, 2, 0, 30, 1, '2011-08-01 00:00:00', '2011-08-15 16:00:00', 0, '2011-08-03 13:02:23', 9, 0, 2, 100, 0, 'USD', 17, 'The Clayground Ceramic Painting Studio  The Clayground', 20.00, 50, '9.00', 10.00, 0.00, 0.00, 0, 0, 20, 'The Clayground', '298 Le Duan BenNghe Tan Phu', '(083) 8600361', 'www.netcafe.com', 1027, '<ul>\r\n<li>Expires Feb 5, 2012</li>\r\n<li>Limit 1 per person, may buy 3 additional as gifts. Limit 1 per visit. Subject to availability. Classes are non-transferable. Reservations recommended for weekends.</li>\r\n<li><a href="http://www.groupon.com/pages/universal-fine-print">See the rules</a><span> that apply to all deals.</span></li>\r\n</ul>', '<ul>\r\n<li>Paint-your-own-pottery studio</li>\r\n<li>300+ ceramic mugs & shapes</li>\r\n<li>Water-based, non-toxic paint</li>\r\n<li>Kiln-fired piece in 5&ndash;7 days</li>\r\n</ul>', '<div>\r\n<p>Hand-painted pottery has a rich legacy of storytelling, from the Grecian urns that document the perils of Orpheus and Eurydice to modern coffee mugs that foretell epic tales of the world''s greatest grandpa. Paint your own story with today''s Groupon: for $15, you get $30 worth of ceramics painting at <a href="http://www.theclayground.ca/">The Clayground Ceramic Painting Studio</a>, located in the Avenida Shopping Centre.</p>\r\n<p><img src="http://www.medicinalmushroomcoffee.com/homepage/a-coffee-cup.jpg" alt="" width="200" height="200"></p>\r\n<p>The Clayground gives clay-painters of all ages a plethora of ceramic shapes to decorate with individual panache, and they return a week later to pick up their kiln-fired and clear-glazed creation. A genial army of more than 300 ceramic mugs, plates, animals, jewellery boxes, and other blank slates await their destinies in a bright, cheerfully painted <a href="http://www.theclayground.ca/studiopics.aspx">studio</a>. Visually minded staffers, stencils, and template books provide design recommendations such as the average number of eyes on a horse, but artisans may wield their ceramics brushes and more than 60 colours of paint in any configuration made possible by the human imagination or a surge in blood sugar. Prices range from $8 to $125, and the majority of projects typically range from $15&ndash;$30, including supplies and The Clayground&rsquo;s water-based, non-toxic paints.</p>\r\n<p>After the pottery adornment is complete, maestros part with their brainchildren for 5&ndash;7 days and return to find them safely kiln fired and clear gazed. Since Grecian urns hog all the attention, painters may choose to celebrate the homecoming of their piece with an ode.</p>\r\n<p><img src="http://assets1.grouponcdn.com/images/site_images/1407/0620/The-Clayground_grid_6.jpg?rm7N7KN6" alt="" width="440" height="267"></p>\r\n</div>', NULL, '2011-08-03 13:06:41'),
(9, 54, 3, 6, 0, 30, 0, '2011-08-05 08:00:00', '2011-08-22 08:00:00', 1, '2011-08-03 13:35:23', 1, 0, 7, 500, 0, 'USD', 30, 'START Fitness  Pacific Heights', 80.00, 75, '9.00', 20.00, 0.00, 0.00, 0, 0, 20, 'START Fitness', '799 Water St. St. John''s, Newfoundland A1C 1E3', '(709) 726-9932', '', 1040, '<ul>\r\n<li>Expires Aug 7, 2012</li>\r\n<li>Limit 1 per person, may buy 3 additional as gifts. Limit 1 per visit. Only valid for 7AM class. Registration required. New clients only. Must redeem classes in full by 8/7/12.</li>\r\n<li><a href="http://www.groupon.com/pages/universal-fine-print">See the rules</a><span> that apply to all deals.</span></li>\r\n</ul>', '<ul>\r\n<li>Burn up to 800 calories an hour</li>\r\n<li>Indoor & outdoor workouts</li>\r\n<li>Varied exercise routines</li>\r\n<li>Inspired by military training</li>\r\n</ul>', '<div>\r\n<p>Muscle definition is challenging fitness goal, achievable only through months of regimented strength training or one afternoon of bench-pressing a dictionary. Define your fitness goals with today&rsquo;s Groupon: for $40, you get two weeks of boot-camp classes at <a href="http://www.startfitness.com/">START Fitness</a>, valid at the <a href="http://www.startfitness.com/san_francisco,_ca/program_details/index.html">Bush Street location</a> for the 7 a.m. to 8 a.m. session running Monday&ndash;Friday (a $160 value).</p>\r\n<p>Launched by six-time Soldier of the Year and master fitness trainer <a href="http://www.sgtken.com/">Ken Weichert</a>, START Fitness sends recruits through military-training-inspired routines combining cardio and strength training to help participants burn up to 800 calories an hour. Outside, fresh air fuels an early-morning mix of endurance runs, interval training, and tempo runs up and down San Francisco''s high-grade hills. Indoors, instructors crank the upbeat music to motivate students through push-ups, flutter kicks, vertical leg crunches, partner-assisted exercises, and endurance tap dancing. Throughout the weekly <a href="http://gr.pn/qhAtqY">schedule</a>, varying exercise itineraries keep the body guessing with unique challenges from obstacle courses to rice counting.</p>\r\n</div>', NULL, '2011-08-04 11:58:00'),
(10, 59, 2, 6, 0, 40, 0, '2011-08-04 03:00:00', '2011-08-04 07:16:37', 1, '2011-08-04 03:42:57', 18, 0, 100, 100, 1, 'USD', 35, 'Opus Hotel Montreal  Montreal, Quebec, Canada', 300.00, 67, '9.00', 100.00, 0.00, 0.00, 0, 0, 20, 'Opus Hotel Montreal', '644 6 Ave. SW Calgary, Alberta T2P 0S4', '0987776545', 'http://www.yahoo.com', 1045, '<ul>\r\n<li>Expires Dec 30, 2011</li>\r\n<li>Limit 2 per person, may buy 2 additional as gifts</li>\r\n<li>Limit 2 per visit</li>\r\n<li>Not valid 09/23/11-09/24/11, 10/01/11, or 11/16/11-11/17/11</li>\r\n<li>Valid only for option purchased</li>\r\n<li>Must cancel by 4pm on the day before arrival or fee up to Groupon price may apply</li>\r\n<li>Choose a date before expiration date</li>\r\n<li>Must be 18 or older to book</li>\r\n<li>Must be 18 or older to consume alcohol</li>\r\n<li>Not valid with reward points</li>\r\n<li>Credit card required at check-in</li>\r\n<li><a href="http://www.groupon.com/pages/universal-fine-print">See the rules</a><span> that apply to all deals.</span></li>\r\n</ul>', '<ul>\r\n<li>For $161 CAN, a one-night stay in a deluxe room for up to two adults&nbsp;&nbsp;</li>\r\n<li>Or, for $251 CAN, a one-night stay in a junior suite for up to two adults</li>\r\n</ul>\r\n<p><strong>Included in all options:</strong><strong></strong></p>\r\n<ul>\r\n<li>Welcome cocktail for two * Breakfast for two&nbsp;&nbsp;</li>\r\n<li>Valet parking</li>\r\n<li>In-room hi-speed Internet access</li>\r\n</ul>', '<h4>Stylish Escape in the Thick of Montreal Nightlife</h4>\r\n<p>&nbsp;&nbsp;&nbsp;&nbsp;&nbsp;&nbsp;&nbsp;&nbsp;&nbsp;&nbsp;&nbsp;&nbsp;&nbsp;&nbsp;&nbsp;&nbsp;&nbsp;&nbsp;&nbsp;&nbsp;&nbsp;&nbsp;&nbsp;&nbsp;&nbsp;&nbsp;&nbsp;&nbsp;&nbsp;&nbsp;&nbsp;</p>\r\n<p>Some time after the last of the <br>Saturday-night dinner guests have departed and the plates have been <br>cleared away, the outdoor terrace of Opus Hotel Montreal&rsquo;s Koko <br>Restaurant + Bar erupts. Under the terrace''s white canopy, the sonic <br>schemes of live DJs infiltrate crowds of interlocked figures aglow from <br>their dancing and phosphorescent drinks. The sound of the revelry floats<br> through the walls of the building, the first poured-concrete building <br>in North America, and those of its adjoining modern concrete addition. <br>Collectively, its these two structures that make up the distinctive <br>hotel, forming a dichotomous framework that parallels the Opus Hotel <br>Montreal&rsquo;s dual lives: throughout the week, a stylized retreat for <br>businesspeople and sightseers; on the weekend, an entertainment hub <br>where jetsetters alight to commingle at one of Montreal&rsquo;s most <br>adrenalized nightlife destinations.</p>\r\n<p>&nbsp;&nbsp;&nbsp;&nbsp;&nbsp;&nbsp;&nbsp;&nbsp;&nbsp;&nbsp;&nbsp;&nbsp;&nbsp;&nbsp;&nbsp;&nbsp;&nbsp;</p>\r\n<p>A stylish corollary to the opulent <br>on-site restaurant, the Opus Hotel Montreal&rsquo;s spacious lobby is <br>meticulously outfitted with leather divans, fresh flowers, and textured <br>abstract paintings. The central aesthetic is minimalism, a design <br>concept that makes its way up the corkscrew concrete staircase and the <br>tangle of ironwork curls that constitute its bannister&mdash;relics from the <br>original avant-garde structure&mdash;and into the hotel&rsquo;s <a href="http://www.opushotel.com/montreal/english/rooms_suites.html">136 guest rooms</a>.<br> There, walls awash in electric grapefruit, plum, honeydew, or orange <br>hues contrast with sable-toned bed frames and the natural light pouring <br>in through the bevy of windows. In the bathrooms, the pressure-perfect <br>streams of the glass-walled walk-in showers compete for bathers&rsquo; <br>attention with the separate soaking tubs, which are deep enough to <br>comfortably subsume an adult male or fully grown mannequin. King beds <br>beckon drowsy travelers, and in <a href="http://www.opushotel.com/montreal/english/rooms_2_junior.html">junior suites</a>, a separate sitting area sports a full-size sofa. On Friday and Saturday nights, the <a href="http://www.irhas.com/Main/ConceptualDesignAwards_Recipients.php">award-winning</a><br> Koko Restaurant + Bar transforms into a nightclub on the first <br>floor&mdash;though the club''s music may reach rooms on lower floors, Opus <br>Hotel Montreal provides complimentary ear plugs and takes requests for <br>quieter rooms.</p>\r\n<p>&nbsp;&nbsp;&nbsp;&nbsp;&nbsp;&nbsp;&nbsp;&nbsp;&nbsp;&nbsp;&nbsp;&nbsp;&nbsp;&nbsp;&nbsp;&nbsp;&nbsp;&nbsp;&nbsp;&nbsp;&nbsp;&nbsp;&nbsp;&nbsp;&nbsp;&nbsp;&nbsp;</p>\r\n<p>Underneath the lobby, a hallway art gallery showcases the work of local artists, and <a href="http://www.kokomontreal.com/#/home/">Koko Restaurant + Bar </a>&mdash;in<br> the hours prior to its nightclub metamorphosis&mdash;showcases masterpieces <br>of nouveau sushi and exquisite Italian fare. Warm nights bring diners to<br> the terrace, a m&eacute;lange of purple-and-gunmetal couch seating and a few <br>scattered tables, and the chandeliered interior casts refracted golden <br>light onto shrimp and smoked-prosciutto sushi rolls and the <br>parmesan-and-dijon crust of the rack of lamb. In the morning, an in-room<br> breakfast might include the oven-born bounty of nearby St-Viateur <br>Bagel, a tasty foundation to a day of urban exploration.&nbsp;&nbsp;&nbsp;&nbsp;&nbsp;&nbsp;&nbsp;&nbsp;&nbsp;&nbsp;&nbsp;&nbsp;&nbsp;&nbsp;&nbsp;&nbsp;&nbsp;&nbsp;&nbsp;&nbsp;&nbsp;&nbsp;</p>\r\n<h4>Montreal&rsquo;s Entertainment District: Vibrant Festivals Tucked Between Trendy Neighborhoods</h4>\r\n<p>&nbsp;&nbsp;&nbsp;&nbsp;&nbsp;&nbsp;&nbsp;&nbsp;&nbsp;&nbsp;&nbsp;&nbsp;&nbsp;&nbsp;&nbsp;&nbsp;&nbsp;&nbsp;&nbsp;&nbsp;&nbsp;&nbsp;&nbsp;&nbsp;&nbsp;&nbsp;&nbsp;</p>\r\n<p>The siren song of European fashion and <br>the smell of freshly baked bread coax hotel guests to the Boulevard <br>Saint-Laurent, known as The Main, on which the Opus Hotel Montreal sits.<br> Ambling northwest, adventurers encounter the Plateau neighborhood and <br>its fanciful restaurant, gallery, caf&eacute;, and boutique fa&ccedil;ades, each vying<br> for the attention of shoppers in looping French script. Fortunate <br>travelers will encounter a short line outside of <a href="http://www.schwartzsdeli.com/">Schwartz&rsquo;s</a>,<br> where guardians of an 83-year-old secret recipe spice, marinate, and <br>smoke their world-renowned meats for a combined 10.5 days. Stomachs <br>filled to sandwich capacity can be resuscitated with a self-guided tour <br>of the Plateau&rsquo;s private residences, many of which sport Montreal&rsquo;s <br>characteristic snaked staircases, artisan balconies, and ornate <br>cornices.</p>\r\n&nbsp;&nbsp;&nbsp;&nbsp;&nbsp;&nbsp;&nbsp;&nbsp;&nbsp;&nbsp;&nbsp;&nbsp;&nbsp;&nbsp;&nbsp;&nbsp;&nbsp;&nbsp;&nbsp;&nbsp;&nbsp;&nbsp;&nbsp;&nbsp;&nbsp;&nbsp;&nbsp;\r\n<p>Old Montreal, a 20-minute hike from the <br>hotel door, merits its reputation as a displaced slice of Europe. <br>Surprisingly expansive, the neighborhood&rsquo;s bricked avenues twist and <br>turn like perjuring witnesses, and a designated pedestrian zone recalls <br>the city as it once was: cramped, bustling, and brilliant. <br>Out-of-towners are advised to negotiate the labyrinth, which can be <br>difficult to navigate even with a map, on its own terms. Around a bend <br>awaits the Rue des Artistes, a narrow strait populated by painters <br>hawking their wares, the unfurled smoke of their pipes forming an <br>ephemeral cloud ceiling. Nearby, street performers juggle and pander to <br>the gathered crowds for tips and plaudits. The city&rsquo;s hottest dining <br>destinations set up shop here, including <a href="http://resto-lelocal.com/index_en.html">Le Local</a>, an ultrasleek restaurant that serves up formidable French fare with a laundry list of ingredients in every entree.&nbsp;&nbsp;&nbsp;&nbsp;&nbsp;&nbsp;&nbsp;&nbsp;&nbsp;&nbsp;&nbsp;&nbsp;&nbsp;&nbsp;&nbsp;&nbsp;&nbsp;&nbsp;&nbsp;&nbsp;&nbsp;</p>\r\n&nbsp;&nbsp;&nbsp;&nbsp;&nbsp;&nbsp;&nbsp;&nbsp;&nbsp;&nbsp;&nbsp;&nbsp;&nbsp;&nbsp;&nbsp;&nbsp;&nbsp;&nbsp;&nbsp;&nbsp;&nbsp;&nbsp;&nbsp;&nbsp;&nbsp;&nbsp;&nbsp;\r\n<p>Every summer Sunday from noon to dusk, <br>the city of Montreal congregates atop Mont Royal in a celebration of <br>life, love, and inclusion known simply as <a href="http://gr.pn/qo33XC">Tam Tams</a>.<br> Citizens of all ages gather to take in the spectacle, which <br>concentrates around the mountain&rsquo;s famous angel statue. Upwards of 30 <br>musicians wielding the drums for which the festival is named form a <br>circle in a concrete hollow. Nearby, tightrope walkers balance between <br>trees, and past the hill fully grown men and intrepid children don armor<br> and engage in recreational combat, using duct-tape-blunted swords and <br>halberds and kicking up dust on their well-tread battlefield. Tam Tams <br>are just one of the dozens of festivals that call Montreal home; savvy <br>travelers will consult a <a href="http://gr.pn/r51MlJ">calendar</a> before booking trips.</p>', NULL, '2011-08-04 03:57:29'),
(11, 59, 19, 3, 0, 50, 1, '2011-08-04 16:00:00', '2011-08-15 16:00:00', 1, '2011-08-04 03:55:00', 0, 0, 0, 10, 0, 'USD', 1, 'Test Deal ', 1.00, 100, '9.00', 0.00, 0.00, 0.00, 0, 0, 30, 'YouNet', '65/7 au co p9 tan binh', '0987654567', '', 1058, '<p>Compose your new deal below, then click "Post Deal" to publish deal.</p>', '<p>Compose your new deal below, then click "Post Deal" to publish deal.</p>', '<p>Compose your new deal below, then click "Post Deal" to publish deal.</p>', NULL, '2011-08-04 03:55:00'),
(12, 54, 22, 5, 0, 50, 1, '2011-08-04 20:50:00', '2011-08-10 08:00:00', 1, '2011-08-04 06:59:07', 0, 0, 0, 50, 0, 'USD', 10, 'Festival Opera  Lesher Center for the Arts', 201.00, 90, '9.00', 20.00, 0.00, 0.00, 0, 0, 30, 'Festival Opera', '1601 Civic Dr. Walnut Creek, California 94596 ', '(925) 943-746', '', 1063, '<ul>\r\n<li>Expiration varies</li>\r\n<li>Limit 2 per person. Valid only for option purchased. <strong>Must show valid ID matching name on Groupon at Lesher Center for the Arts box office.</strong> Tickets for all shows can be picked up 24 hours after purchase of Groupon.</li>\r\n<li><a href="http://www.groupon.com/pages/universal-fine-print">See the rules</a><span> that apply to all deals.</span></li>\r\n</ul>', '<ul>\r\n<li>Lively, romantic comedy</li>\r\n<li>Classic Frank Loesser musical</li>\r\n<li>Great date idea</li>\r\n</ul>', '<div>\r\n<p>The history of theater goes all the way back to the 1970s, when audiences were eager to see "living movies." See how far these unfilmed talkabouts have come in only 40 years with today''s Groupon to <a href="http://gr.pn/nhVP7U"><em>The Most Happy Fella</em></a>, presented by <a href="http://gr.pn/r0zINW">Festival Opera</a> at the <a href="http://gr.pn/pydxiU">Lesher Center for the Arts</a>, located in Walnut Creek. Choose from the following date and seating options:</p>\r\n<p>&bull; For $49, you get two standard seat tickets to the performance on Saturday, August 6 at 8 p.m. (a $98 value).<br> &bull; For $59, you get two superior seat tickets to the performance on Saturday, August 6 at 8 p.m. (a $118 value).<br> &bull; For $39, you get two standard seat tickets to the performance on Tuesday, August 9 at 2 p.m. (a $78 value).<br> &bull; For $49, you get two superior seat tickets to the performance on Tuesday, August 9 at 2 p.m. (a $98 value).<br> &bull; For $39, you get two standard seat tickets to the performance on Friday, August 12 at 8 p.m. (a $78 value).<br> &bull; For $49, you get two superior seat tickets to the performance on Friday, August 12 at 8 p.m. (a $98 value).</p>\r\n<p>In celebration of his company''s 20th-anniversary season, Festival Opera founder and accomplished baritone Theodore Weis assumes the role of a love-struck winemaker pursuing an enchanting waitress in <em>The Most Happy Fella</em>. Weis takes his fourth turn in the role of middle-aged bachelor Tony Esposito as he attempts to woo young Rosabella&mdash;soprano <a href="http://gr.pn/oHEYFQ">Shawnette Sulker</a>&mdash;through love letters and a deceptive photograph of a handsome farmhand. Double-threat composer and lyricist Frank Loesser, whose wit and soaring melodies endeared audiences to <em>Guys and Dolls</em>, set this rollicking Cyrano de Bergerac&ndash;like romance amid the bustle of 1920s San Francisco and the quiet of Napa Valley vineyards. Toes tap to the cheerfully wistful ditty "Standing on the Corner" and loudly holler their love of Larry Hagman during "Big D," the full-cast celebration of Dallas.</p>\r\n<p>Festival Opera curates up-and-coming songbirds and directors to form the third-largest opera company in the Bay Area. The Lesher Center for the Arts grew from a community desire for theater kindled in 1967, culminating in 1990 with a $21-million mixed-use facility whose grand Hoffman Theater boasts a <a href="http://gr.pn/nsI8xU">seating chart</a> complete with boxes, a spacious orchestra, and balcony.</p>\r\n</div>', NULL, '2011-08-04 06:59:08'),
(13, 59, 14, 6, 0, 30, 0, '2011-08-04 09:50:00', '2011-08-24 16:00:00', 1, '2011-08-04 07:57:57', 13, 0, 0, 1000, 0, 'USD', 100, 'Artistic Esthetic Spa  Central London', 100.00, 80, '9.00', 20.00, 0.00, 0.00, 0, 0, 20, 'Artistic Esthetic Spa ', '191 Central Ave. London, Ontario N6A 1M6 ', '(519) 433-6245 ', 'http://www.artisticspa.ca/', 1068, '<ul>\r\n<li>Expires Oct 31, 2011</li>\r\n<li>Limit 1 per person, may buy 5 additional as gifts. Limit 1 per visit. 24hr cancellation notice required. New clients only. Spa package is non-transferable.</li>\r\n<li><a href="http://www.groupon.com/pages/universal-fine-print">See the rules</a><span> that apply to all deals.</span></li>\r\n</ul>', '<ul>\r\n<li>Massage, exfoliation & manicure</li>\r\n<li>Body-care consultation</li>\r\n<li>Herbal tea & fruit</li>\r\n</ul>', '<div>\r\n<p>Booking your body double a beautifying treatment at a tranquil day spa creates a soundproof alibi for days spent stealing office supplies from the Canadian Forces. Make your stand-in stand out with today&rsquo;s Groupon: for $55, you get a two-visit spa package at <a href="http://gr.pn/ri1yuT">Artistic Esthetic Spa</a> (a $195 value).</p>\r\n<p><img src="http://www.keyweightloss.com.vn/UserFiles/News/155201111506703.jpg" alt="" width="300" height="300"></p>\r\n<p>Artistic Esthetic Spa remains one of London''s largest privately owned and operated day spas, enveloping spa-goers in a calming atmosphere and funky, nature-inspired decor. At their initial visit, patrons relax with an Express-O manicure, during which skilled manicurists shape nails, push back cuticles, and apply a hydrating treatment cream before coating the customer''s fingers in a choice of polish.</p>\r\n<p><img src="http://vietpages.com.vn/img/spa3.jpg" alt="" width="231" height="182"></p>\r\n<p>Skilled staff members coddle hands with a citrus scrub and warm paraffin treatment, dance digits over lower limbs during a relaxing foot and lower leg massage, and bathe toes in an aromatherapy foot bath. During the second spa outing, visitors learn body-bolstering tips during a personalized body-care consultation and then treat their backs to an exfoliating ultimate sweet and sea salt polish and a therapeutic hot oil treatment. Finally, tense arms relax during a massage with essential oils, and spa visitors leave with a complementary skincare sample. Throughout each spa visit, patrons can nibble fresh fruit and remove outdated skin wallpaper with the steam from a detoxifying herbal tea.</p>\r\n<p><img src="http://branding.vn/upload/thum/1303202634_branding_spa.jpg" alt="" width="325" height="175"></p>\r\n<p>Customers can also opt to return for a third visit to makeover their heads and last year''s jack-o''-lanterns with a half-off core facial for $47.50 (usually $95). A $25 pedicure augments the first visit (usually $59) and can include french polish for an extra $7, and a $20 30-minute massage (usually $40) soothes muscles during the second visit, and 20% off all waxing services expunges unwanted hair follicles. Upgrades may be purchased separately.</p>\r\n</div>', NULL, '2011-08-04 08:23:08'),
(14, 61, 9, 2, 0, 20, 0, '2011-08-14 17:00:00', '2011-08-30 17:00:00', 1, '2011-08-04 10:07:07', 2, 0, 0, 20, 0, 'USD', 10, 'Tien Deal 1', 100.00, 33, '0.00', 67.00, 0.00, 0.00, 0, 0, 20, 'YouNet', '831A Ta Quang Buu, Ward 5, District 8', '+84935079977', 'http://younetco.com', 1101, '<ul>\r\n<li>Fineprint 1, Fineprint 1, Fineprint 1, Fineprint 1, Fineprint 1</li>\r\n<li>Fineprint 2, Fineprint 2, Fineprint 2, Fineprint 2, Fineprint 2</li>\r\n<li>Fineprint 3, Fineprint 3, Fineprint 3, Fineprint 3, Fineprint 3</li>\r\n<li>Fineprint 4, Fineprint 4, Fineprint 4, Fineprint 4, Fineprint 4</li>\r\n</ul>', '<ul>\r\n<li>Highlight 1, Highlight 1, Highlight 1, Highlight 1, Highlight 1</li>\r\n<li>Highlight 2, Highlight 2, Highlight 2, Highlight 2, Highlight 2</li>\r\n<li>Highlight 3, Highlight 3, Highlight 3, Highlight 3, Highlight 3</li>\r\n<li>Highlight 4, Highlight 4, Highlight 4, Highlight 4, Highlight 4</li>\r\n</ul>', '<p>Highlight 1, Highlight 1, Highlight 1, Highlight 1, Highlight 1</p>\r\n<p>Highlight 2, Highlight 2, Highlight 2, Highlight 2, Highlight 2</p>\r\n<p>Highlight 3, Highlight 3, Highlight 3, Highlight 3, Highlight 3</p>\r\n<p>Highlight 4, Highlight 4, Highlight 4, Highlight 4, Highlight 4</p>\r\n<p>&nbsp;</p>\r\n<p>Fineprint 1, Fineprint 1, Fineprint 1, Fineprint 1, Fineprint 1</p>\r\n<p>Fineprint 2, Fineprint 2, Fineprint 2, Fineprint 2, Fineprint 2</p>\r\n<p>Fineprint 3, Fineprint 3, Fineprint 3, Fineprint 3, Fineprint 3</p>\r\n<p>Fineprint 4, Fineprint 4, Fineprint 4, Fineprint 4, Fineprint 4</p>', NULL, '2011-08-04 10:13:57');
INSERT INTO `engine4_groupbuy_deals` (`deal_id`, `user_id`, `category_id`, `location_id`, `is_delete`, `status`, `stop`, `start_time`, `end_time`, `featured`, `creation_date`, `view_count`, `rates`, `current_sold`, `max_sold`, `comment_count`, `currency`, `min_sold`, `title`, `value_deal`, `discount`, `total_fee`, `price`, `vat`, `final_price`, `latitude`, `longitude`, `published`, `company_name`, `address`, `phone`, `website`, `photo_id`, `fine_print`, `features`, `description`, `timezone`, `modified_date`) VALUES
(15, 54, 3, 6, 0, 10, 0, '2011-08-09 08:00:00', '2011-08-17 08:00:00', 1, '2011-08-04 12:10:23', 0, 0, 0, 1000, 0, 'USD', 100, 'Sutter Dental  San Francisco', 200.00, 75, '0.00', 50.00, 0.00, 0.00, 0, 0, 10, 'http://www.groupon.com/deals/sutter-dental-2 $89 http://www.groupon.com/images/site_images/1425/9614/DoctorBase2.jpg Sutter Dent', '799 Water St. St. John''s, Newfoundland A1C 1E3', '(709) 726-9932', 'http://www.gmail.com', 1106, '<ul>\r\n<li>Expiration varies</li>\r\n<li>Limit 1 per person, may buy 2 additional as gifts. Limit 1 per visit. Valid only for option purchased. 48hr cancellation notice required. New clients only. Services are non-transferable.</li>\r\n<li><a href="http://www.groupon.com/pages/universal-fine-print">See the rules</a><span> that apply to all deals.</span></li>\r\n</ul>', '<ul>\r\n<li>Fade enamel stains</li>\r\n<li>Cleaning fights tartar & plaque</li>\r\n<li>Cosmetic dentistry focus</li>\r\n<li>Knowledgeable staff</li>\r\n</ul>', '<div>\r\n<p>In the Elizabethan days, blackened teeth were attractive because they identified their owner as a member of the sugar-crazed nobility. Embrace the sparkling shift in mouth-based desirability with today''s Groupon to <a href="http://www.sutterdentalsf.com/">Sutter Dental</a>, located in Union Square''s historic <a href="http://www.450sutter.com/">450 Sutter Building</a>, which has housed dental professionals since 1930. Choose between two options:</p>\r\n<p>&bull; For $89, you get a cleaning (a $119 value), exam (a $129 value), and x-rays (a $149 value), (a $397 total value).<br> &bull; For $195, you get a Zoom! teeth-whitening treatment (a $599 value).<br> <br> <a href="http://www.sutterdentalsf.com/?page_id=3">Dr. Gary Arabatyan</a> and the team at Sutter Dental keep mouth-parts in working order with their commitment to preventative care, minimally invasive treatment options, and fully discussing each procedure with their clients. During each comprehensive exam, Dr. Arabatyan will plumb a mouth&rsquo;s hidden depths, spelunking in search of cavities, cracks, and treasure maps scrawled on the inside of cheeks. Then, technicians forecast immediate dental futures by snapping instantaneous images of teeth and gums with two posteroanterior and four bitewing x-rays. Finally, a thorough cleaning shakes stuck-on tartar and sticky plaque before they become a bacteria-laden buzzkill.</p>\r\n<p>Thanks to a pretreatment exam and consultation, clients begin the <a href="http://www.zoomnow.com/about.php">Zoom! treatment</a> with a fully informed brain and fully mapped mouth. A hydrogen-peroxide gel lovingly caresses each tooth as Zoom!''s specialized light inspires its chemicals to action, or at least to write a strongly worded letter. Over the course of three 15-minute sessions, Zoom!''s lamps blaze away stains and enamel darkening, leading to a brighter, flashier smile.</p>\r\n</div>', NULL, '2011-08-08 18:04:12'),
(16, 63, 15, 5, 0, 10, 0, '2011-08-09 01:00:00', '2011-08-09 23:00:00', 0, '2011-08-04 12:34:15', 0, 4, 0, 10, 0, 'USD', 3, 'Elements Therapeutic Massage  Multiple Locations', 89.00, 56, '0.00', 39.00, 0.00, 0.00, 0, 0, 10, 'Exquisite Nail Boutique', 'Palatine ,395 W Northwest Hwy.  Palatine, Illinois 60067  (847) 963-1600 ', '', '', 1111, '<p>additional as gifts. Limit 1 p</p>\r\n<p>&nbsp;</p>', '<p>Deep-tissue work erases knots</p>\r\n<p>Relaxing Swedish methods</p>\r\n<p>Progressively intense levels of massage</p>', '<p>The Hamburglar started out as a hand burglar but soon found that unkempt&nbsp;</p>', NULL, '2011-08-04 12:34:15');

-- --------------------------------------------------------

--
-- Table structure for table `engine4_groupbuy_deal_fields_maps`
--

CREATE TABLE IF NOT EXISTS `engine4_groupbuy_deal_fields_maps` (
  `field_id` int(11) NOT NULL,
  `option_id` int(11) NOT NULL,
  `child_id` int(11) NOT NULL,
  `order` smallint(6) NOT NULL,
  PRIMARY KEY  (`field_id`,`option_id`,`child_id`),
  KEY `order` (`order`)
) ENGINE=InnoDB DEFAULT CHARSET=utf8;

-- --------------------------------------------------------

--
-- Table structure for table `engine4_groupbuy_deal_fields_meta`
--

CREATE TABLE IF NOT EXISTS `engine4_groupbuy_deal_fields_meta` (
  `field_id` int(11) NOT NULL auto_increment,
  `type` varchar(24) character set latin1 collate latin1_general_ci NOT NULL,
  `label` varchar(64) NOT NULL,
  `description` varchar(255) NOT NULL default '',
  `alias` varchar(32) NOT NULL default '',
  `required` tinyint(1) NOT NULL default '0',
  `display` tinyint(1) unsigned NOT NULL,
  `search` tinyint(1) unsigned NOT NULL default '0',
  `show` tinyint(1) unsigned NOT NULL default '1',
  `order` smallint(3) unsigned NOT NULL default '999',
  `config` text NOT NULL,
  `validators` text character set utf8 collate utf8_unicode_ci,
  `filters` text character set utf8 collate utf8_unicode_ci,
  `style` text character set utf8 collate utf8_unicode_ci,
  `error` text character set utf8 collate utf8_unicode_ci,
  PRIMARY KEY  (`field_id`)
) ENGINE=InnoDB DEFAULT CHARSET=utf8 AUTO_INCREMENT=1 ;

-- --------------------------------------------------------

--
-- Table structure for table `engine4_groupbuy_deal_fields_options`
--

CREATE TABLE IF NOT EXISTS `engine4_groupbuy_deal_fields_options` (
  `option_id` int(11) NOT NULL auto_increment,
  `field_id` int(11) NOT NULL,
  `label` varchar(255) NOT NULL,
  `order` smallint(6) NOT NULL default '999',
  PRIMARY KEY  (`option_id`),
  KEY `field_id` (`field_id`)
) ENGINE=InnoDB DEFAULT CHARSET=utf8 AUTO_INCREMENT=1 ;

-- --------------------------------------------------------

--
-- Table structure for table `engine4_groupbuy_deal_fields_search`
--

CREATE TABLE IF NOT EXISTS `engine4_groupbuy_deal_fields_search` (
  `item_id` int(11) NOT NULL,
  `price` double default NULL,
  `location` varchar(255) default NULL,
  PRIMARY KEY  (`item_id`),
  KEY `price` (`price`),
  KEY `location` (`location`)
) ENGINE=InnoDB DEFAULT CHARSET=utf8;

--
-- Dumping data for table `engine4_groupbuy_deal_fields_search`
--

INSERT INTO `engine4_groupbuy_deal_fields_search` (`item_id`, `price`, `location`) VALUES
(1, NULL, NULL),
(2, NULL, NULL),
(3, NULL, NULL),
(4, NULL, NULL),
(5, NULL, NULL),
(6, NULL, NULL),
(7, NULL, NULL),
(8, NULL, NULL),
(9, NULL, NULL),
(10, NULL, NULL),
(11, NULL, NULL),
(12, NULL, NULL),
(13, NULL, NULL),
(14, NULL, NULL),
(15, NULL, NULL),
(16, NULL, NULL);

-- --------------------------------------------------------

--
-- Table structure for table `engine4_groupbuy_deal_fields_values`
--

CREATE TABLE IF NOT EXISTS `engine4_groupbuy_deal_fields_values` (
  `item_id` int(11) NOT NULL,
  `field_id` int(11) NOT NULL,
  `index` smallint(3) NOT NULL default '0',
  `value` text NOT NULL,
  PRIMARY KEY  (`item_id`,`field_id`,`index`)
) ENGINE=InnoDB DEFAULT CHARSET=utf8;

-- --------------------------------------------------------

--
-- Table structure for table `engine4_groupbuy_emails`
--

CREATE TABLE IF NOT EXISTS `engine4_groupbuy_emails` (
  `email_id` int(11) unsigned NOT NULL auto_increment,
  `sended` tinyint(1) NOT NULL default '0',
  `priority` tinyint(3) unsigned NOT NULL default '0',
  `type` varchar(128) NOT NULL default '',
  `creation_date` datetime NOT NULL,
  `send_from` varchar(128) NOT NULL default '',
  `from_name` varchar(128) NOT NULL default '',
  `subject` varchar(256) NOT NULL,
  `send_to` varchar(128) NOT NULL,
  `to_name` varchar(128) NOT NULL,
  `body_text` text,
  `body_html` text,
  PRIMARY KEY  (`email_id`),
  KEY `sended` (`sended`),
  KEY `priority` (`priority`),
  KEY `type` (`type`),
  KEY `creation_date` (`creation_date`)
) ENGINE=InnoDB  DEFAULT CHARSET=utf8 AUTO_INCREMENT=91 ;

--
-- Dumping data for table `engine4_groupbuy_emails`
--

INSERT INTO `engine4_groupbuy_emails` (`email_id`, `sended`, `priority`, `type`, `creation_date`, `send_from`, `from_name`, `subject`, `send_to`, `to_name`, `body_text`, `body_html`) VALUES
(1, 1, 0, 'groupbuy_approvedeal', '2011-08-03 11:14:09', 'test1@local.younetco.com', 'YouNet Group Buy Team', 'Deal Approved Notice', 'thikien@gmail.com', 'kien lam', 'Hello kien lam,\n\nYour deal "Newfoundland Paintball Supply  Multiple Locations" at http://demo.modules2buy.com/groupbuy/group-buy/detail/deal/1 has just been approved. \n\nBest Regards,\r\nSocial Network Administration', 'Hello kien lam,<br />\n<br />\nYour deal "Newfoundland Paintball Supply  Multiple Locations" at http://demo.modules2buy.com/groupbuy/group-buy/detail/deal/1 has just been approved. <br />\n<br />\nBest Regards,<br />\r\nSocial Network Administration'),
(2, 1, 0, 'groupbuy_approvedeal', '2011-08-03 12:47:22', 'test1@local.younetco.com', 'YouNet Group Buy Team', 'Deal Approved Notice', 'thikien@gmail.com', 'kien lam', 'Hello kien lam,\n\nYour deal "Palomo Archery  Palomo Archery" at http://demo.modules2buy.com/groupbuy/group-buy/detail/deal/6 has just been approved. \n\nBest Regards,\r\nSocial Network Administration', 'Hello kien lam,<br />\n<br />\nYour deal "Palomo Archery  Palomo Archery" at http://demo.modules2buy.com/groupbuy/group-buy/detail/deal/6 has just been approved. <br />\n<br />\nBest Regards,<br />\r\nSocial Network Administration'),
(3, 1, 0, 'groupbuy_approvedeal', '2011-08-03 12:47:38', 'test1@local.younetco.com', 'YouNet Group Buy Team', 'Deal Approved Notice', 'thikien@gmail.com', 'kien lam', 'Hello kien lam,\n\nYour deal "CrawlSF  Multiple Locations" at http://demo.modules2buy.com/groupbuy/group-buy/detail/deal/5 has just been approved. \n\nBest Regards,\r\nSocial Network Administration', 'Hello kien lam,<br />\n<br />\nYour deal "CrawlSF  Multiple Locations" at http://demo.modules2buy.com/groupbuy/group-buy/detail/deal/5 has just been approved. <br />\n<br />\nBest Regards,<br />\r\nSocial Network Administration'),
(4, 1, 0, 'groupbuy_approvedeal', '2011-08-03 13:06:41', 'test1@local.younetco.com', 'YouNet Group Buy Team', 'Deal Approved Notice', 'ltkien.lsc@gmail.com', 'lsc kien', 'Hello lsc kien,\n\nYour deal "The Clayground Ceramic Painting Studio  The Clayground" at http://demo.modules2buy.com/groupbuy/group-buy/detail/deal/8 has just been approved. \n\nBest Regards,\r\nSocial Network Administration', 'Hello lsc kien,<br />\n<br />\nYour deal "The Clayground Ceramic Painting Studio  The Clayground" at http://demo.modules2buy.com/groupbuy/group-buy/detail/deal/8 has just been approved. <br />\n<br />\nBest Regards,<br />\r\nSocial Network Administration'),
(5, 1, 0, 'groupbuy_approvedeal', '2011-08-03 13:15:41', 'test1@local.younetco.com', 'YouNet Group Buy Team', 'Deal Approved Notice', 'ltkien.lsc@gmail.com', 'lsc kien', 'Hello lsc kien,\n\nYour deal "Mlange Restaurant & Gastro Lounge  Downtown" at http://demo.modules2buy.com/groupbuy/group-buy/detail/deal/4 has just been approved. \n\nBest Regards,\r\nSocial Network Administration', 'Hello lsc kien,<br />\n<br />\nYour deal "Mlange Restaurant & Gastro Lounge  Downtown" at http://demo.modules2buy.com/groupbuy/group-buy/detail/deal/4 has just been approved. <br />\n<br />\nBest Regards,<br />\r\nSocial Network Administration'),
(6, 1, 0, 'groupbuy_approvedeal', '2011-08-03 13:16:18', 'test1@local.younetco.com', 'YouNet Group Buy Team', 'Deal Approved Notice', 'vi@younetco.com', 'Tuong Vi', 'Hello Tuong Vi,\n\nYour deal "Moonrise Hotel  St. Louis, Missouri" at http://demo.modules2buy.com/groupbuy/group-buy/detail/deal/7 has just been approved. \n\nBest Regards,\r\nSocial Network Administration', 'Hello Tuong Vi,<br />\n<br />\nYour deal "Moonrise Hotel  St. Louis, Missouri" at http://demo.modules2buy.com/groupbuy/group-buy/detail/deal/7 has just been approved. <br />\n<br />\nBest Regards,<br />\r\nSocial Network Administration'),
(7, 1, 0, 'groupbuy_codseller', '2011-08-03 13:24:37', 'test1@local.younetco.com', 'YouNet Group Buy Team', 'Your deal has been bought!', 'thikien@gmail.com', 'kien lam', 'Hello kien lam,\n\nYour deal "Dooly''s  West End" at http://demo.modules2buy.com/groupbuy/group-buy/detail/deal/2 has just been bought by customer with below information:\nName: Lam thi Kien\nEmail Address: thikien@gmail.com\nAddress: 65/7 Au Co F9 Q.Tan Binh TPHCM\nPhone: 0956698756 \nExtra Information: Please enter valid information below\n\nBest Regards,\r\nSocial Network Administration', 'Hello kien lam,<br />\n<br />\nYour deal "Dooly''s  West End" at http://demo.modules2buy.com/groupbuy/group-buy/detail/deal/2 has just been bought by customer with below information:<br />\nName: Lam thi Kien<br />\nEmail Address: thikien@gmail.com<br />\nAddress: 65/7 Au Co F9 Q.Tan Binh TPHCM<br />\nPhone: 0956698756 <br />\nExtra Information: Please enter valid information below<br />\n<br />\nBest Regards,<br />\r\nSocial Network Administration'),
(8, 1, 0, 'groupbuy_codseller', '2011-08-03 13:29:39', 'test1@local.younetco.com', 'YouNet Group Buy Team', 'Your deal has been bought!', 'ltkien.lsc@gmail.com', 'lsc kien', 'Hello lsc kien,\n\nYour deal "Mlange Restaurant & Gastro Lounge  Downtown" at http://demo.modules2buy.com/groupbuy/group-buy/detail/deal/4 has just been bought by customer with below information:\nName: Lam thi Kien\nEmail Address: thikien@gmail.com\nAddress: 799 Water St. St. John''s, Newfoundland A1C 1E3\nPhone: (709) 726-9932 \nExtra Information: \n\nBest Regards,\r\nSocial Network Administration', 'Hello lsc kien,<br />\n<br />\nYour deal "Mlange Restaurant & Gastro Lounge  Downtown" at http://demo.modules2buy.com/groupbuy/group-buy/detail/deal/4 has just been bought by customer with below information:<br />\nName: Lam thi Kien<br />\nEmail Address: thikien@gmail.com<br />\nAddress: 799 Water St. St. John''s, Newfoundland A1C 1E3<br />\nPhone: (709) 726-9932 <br />\nExtra Information: <br />\n<br />\nBest Regards,<br />\r\nSocial Network Administration'),
(9, 1, 0, 'groupbuy_codseller', '2011-08-03 13:31:32', 'test1@local.younetco.com', 'YouNet Group Buy Team', 'Your deal has been bought!', 'thikien@gmail.com', 'kien lam', 'Hello kien lam,\n\nYour deal "CrawlSF  Multiple Locations" at http://demo.modules2buy.com/groupbuy/group-buy/detail/deal/5 has just been bought by customer with below information:\nName: Nam Nguyen\nEmail Address: namnv@younetco.com\nAddress: 843A Ta Quang Buu, Ho Chi Minh City\nPhone: 478 - 789 - 7487 \nExtra Information: i love this task.\n\nBest Regards,\r\nSocial Network Administration', 'Hello kien lam,<br />\n<br />\nYour deal "CrawlSF  Multiple Locations" at http://demo.modules2buy.com/groupbuy/group-buy/detail/deal/5 has just been bought by customer with below information:<br />\nName: Nam Nguyen<br />\nEmail Address: namnv@younetco.com<br />\nAddress: 843A Ta Quang Buu, Ho Chi Minh City<br />\nPhone: 478 - 789 - 7487 <br />\nExtra Information: i love this task.<br />\n<br />\nBest Regards,<br />\r\nSocial Network Administration'),
(10, 1, 0, 'groupbuy_codseller', '2011-08-03 13:32:38', 'test1@local.younetco.com', 'YouNet Group Buy Team', 'Your deal has been bought!', 'thikien@gmail.com', 'kien lam', 'Hello kien lam,\n\nYour deal "CrawlSF  Multiple Locations" at http://demo.modules2buy.com/groupbuy/group-buy/detail/deal/5 has just been bought by customer with below information:\nName: Nam Nguyen\nEmail Address: namnv@younetco.com\nAddress: 843A Ta Quang Buu, Ho Chi Minh City\nPhone: 478 - 789 - 7487 \nExtra Information: i love this task.\n\nBest Regards,\r\nSocial Network Administration', 'Hello kien lam,<br />\n<br />\nYour deal "CrawlSF  Multiple Locations" at http://demo.modules2buy.com/groupbuy/group-buy/detail/deal/5 has just been bought by customer with below information:<br />\nName: Nam Nguyen<br />\nEmail Address: namnv@younetco.com<br />\nAddress: 843A Ta Quang Buu, Ho Chi Minh City<br />\nPhone: 478 - 789 - 7487 <br />\nExtra Information: i love this task.<br />\n<br />\nBest Regards,<br />\r\nSocial Network Administration'),
(11, 1, 0, 'groupbuy_codseller', '2011-08-03 13:36:00', 'test1@local.younetco.com', 'YouNet Group Buy Team', 'Your deal has been bought!', 'thikien@gmail.com', 'kien lam', 'Hello kien lam,\n\nYour deal "CrawlSF  Multiple Locations" at http://demo.modules2buy.com/groupbuy/group-buy/detail/deal/5 has just been bought by customer with below information:\nName: Nam Nguyen\nEmail Address: namnv@younetco.com\nAddress: 843A Ta Quang Buu, Ho Chi Minh City\nPhone: 478 - 789 - 7487 \nExtra Information: i love this task.\n\nBest Regards,\r\nSocial Network Administration', 'Hello kien lam,<br />\n<br />\nYour deal "CrawlSF  Multiple Locations" at http://demo.modules2buy.com/groupbuy/group-buy/detail/deal/5 has just been bought by customer with below information:<br />\nName: Nam Nguyen<br />\nEmail Address: namnv@younetco.com<br />\nAddress: 843A Ta Quang Buu, Ho Chi Minh City<br />\nPhone: 478 - 789 - 7487 <br />\nExtra Information: i love this task.<br />\n<br />\nBest Regards,<br />\r\nSocial Network Administration'),
(12, 1, 0, 'groupbuy_codseller', '2011-08-03 13:36:41', 'test1@local.younetco.com', 'YouNet Group Buy Team', 'Your deal has been bought!', 'thikien@gmail.com', 'kien lam', 'Hello kien lam,\n\nYour deal "CrawlSF  Multiple Locations" at http://demo.modules2buy.com/groupbuy/group-buy/detail/deal/5 has just been bought by customer with below information:\nName: Nam Nguyen\nEmail Address: namnv@younetco.com\nAddress: 843A Ta Quang Buu, Ho Chi Minh City\nPhone: 478 - 789 - 7487 \nExtra Information: i love this task.\n\nBest Regards,\r\nSocial Network Administration', 'Hello kien lam,<br />\n<br />\nYour deal "CrawlSF  Multiple Locations" at http://demo.modules2buy.com/groupbuy/group-buy/detail/deal/5 has just been bought by customer with below information:<br />\nName: Nam Nguyen<br />\nEmail Address: namnv@younetco.com<br />\nAddress: 843A Ta Quang Buu, Ho Chi Minh City<br />\nPhone: 478 - 789 - 7487 <br />\nExtra Information: i love this task.<br />\n<br />\nBest Regards,<br />\r\nSocial Network Administration'),
(13, 1, 0, 'groupbuy_codseller', '2011-08-03 13:37:05', 'test1@local.younetco.com', 'YouNet Group Buy Team', 'Your deal has been bought!', 'thikien@gmail.com', 'kien lam', 'Hello kien lam,\n\nYour deal "CrawlSF  Multiple Locations" at http://demo.modules2buy.com/groupbuy/group-buy/detail/deal/5 has just been bought by customer with below information:\nName: Nam Nguyen\nEmail Address: namnv@younetco.com\nAddress: 843A Ta Quang Buu, Ho Chi Minh City\nPhone: 478 - 789 - 7487 \nExtra Information: i love this task.\n\nBest Regards,\r\nSocial Network Administration', 'Hello kien lam,<br />\n<br />\nYour deal "CrawlSF  Multiple Locations" at http://demo.modules2buy.com/groupbuy/group-buy/detail/deal/5 has just been bought by customer with below information:<br />\nName: Nam Nguyen<br />\nEmail Address: namnv@younetco.com<br />\nAddress: 843A Ta Quang Buu, Ho Chi Minh City<br />\nPhone: 478 - 789 - 7487 <br />\nExtra Information: i love this task.<br />\n<br />\nBest Regards,<br />\r\nSocial Network Administration'),
(14, 1, 0, 'groupbuy_codseller', '2011-08-03 13:38:03', 'test1@local.younetco.com', 'YouNet Group Buy Team', 'Your deal has been bought!', 'thikien@gmail.com', 'kien lam', 'Hello kien lam,\n\nYour deal "CrawlSF  Multiple Locations" at http://demo.modules2buy.com/groupbuy/group-buy/detail/deal/5 has just been bought by customer with below information:\nName: Nam Nguyen\nEmail Address: namnv@younetco.com\nAddress: 843A Ta Quang Buu, Ho Chi Minh City\nPhone: 478 - 789 - 7487 \nExtra Information: i love this task.\n\nBest Regards,\r\nSocial Network Administration', 'Hello kien lam,<br />\n<br />\nYour deal "CrawlSF  Multiple Locations" at http://demo.modules2buy.com/groupbuy/group-buy/detail/deal/5 has just been bought by customer with below information:<br />\nName: Nam Nguyen<br />\nEmail Address: namnv@younetco.com<br />\nAddress: 843A Ta Quang Buu, Ho Chi Minh City<br />\nPhone: 478 - 789 - 7487 <br />\nExtra Information: i love this task.<br />\n<br />\nBest Regards,<br />\r\nSocial Network Administration'),
(15, 1, 0, 'groupbuy_deletebuyToSeller', '2011-08-03 13:41:54', 'test1@local.younetco.com', 'YouNet Group Buy Team', 'Customer has canceled his/her purchase of your deal!', 'ltkien.lsc@gmail.com', 'lsc kien', 'Hello lsc kien,\n\nThe following customer has canceled his/her purchase of your deal: \nName: Lam thi Kien\nEmail Address: thikien@gmail.com\nAddress: 799 Water St. St. John''s, Newfoundland A1C 1E3\nPhone: (709) 726-9932 \nExtra Information: \n\nBest Regards,\r\nSocial Network Administration', 'Hello lsc kien,<br />\n<br />\nThe following customer has canceled his/her purchase of your deal: <br />\nName: Lam thi Kien<br />\nEmail Address: thikien@gmail.com<br />\nAddress: 799 Water St. St. John''s, Newfoundland A1C 1E3<br />\nPhone: (709) 726-9932 <br />\nExtra Information: <br />\n<br />\nBest Regards,<br />\r\nSocial Network Administration'),
(16, 1, 0, 'groupbuy_deletebuyToBuyer', '2011-08-03 13:42:00', 'test1@local.younetco.com', 'YouNet Group Buy Team', 'You have canceled your deal!', 'thikien@gmail.com', 'kien lam', 'Hello kien lam,\n\nYou have canceled the purchase of this deal "Mlange Restaurant & Gastro Lounge  Downtown". \n\nBest Regards,\r\nSocial Network Administration', 'Hello kien lam,<br />\n<br />\nYou have canceled the purchase of this deal "Mlange Restaurant & Gastro Lounge  Downtown". <br />\n<br />\nBest Regards,<br />\r\nSocial Network Administration'),
(17, 1, 0, 'groupbuy_codseller', '2011-08-03 13:42:58', 'test1@local.younetco.com', 'YouNet Group Buy Team', 'Your deal has been bought!', 'ltkien.lsc@gmail.com', 'lsc kien', 'Hello lsc kien,\n\nYour deal "Mlange Restaurant & Gastro Lounge  Downtown" at http://demo.modules2buy.com/groupbuy/group-buy/detail/deal/4 has just been bought by customer with below information:\nName: Lam thi Kien\nEmail Address: thikien@gmail.com\nAddress: 65/7 Au Co F9 Q.Tan Binh TPHCM\nPhone: (314) 721-1111 \nExtra Information: \n\nBest Regards,\r\nSocial Network Administration', 'Hello lsc kien,<br />\n<br />\nYour deal "Mlange Restaurant & Gastro Lounge  Downtown" at http://demo.modules2buy.com/groupbuy/group-buy/detail/deal/4 has just been bought by customer with below information:<br />\nName: Lam thi Kien<br />\nEmail Address: thikien@gmail.com<br />\nAddress: 65/7 Au Co F9 Q.Tan Binh TPHCM<br />\nPhone: (314) 721-1111 <br />\nExtra Information: <br />\n<br />\nBest Regards,<br />\r\nSocial Network Administration'),
(18, 1, 0, 'groupbuy_codseller', '2011-08-03 13:46:57', 'test1@local.younetco.com', 'YouNet Group Buy Team', 'Your deal has been bought!', 'thikien@gmail.com', 'kien lam', 'Hello kien lam,\n\nYour deal "CrawlSF  Multiple Locations" has just been bought by customer with below information:\n\nName: Nam Nguyen\nEmail Address: namnv@younetco.com\nAddress: 843A Ta Quang Buu, Ho Chi Minh City\nPhone: 478 - 789 - 7487 \nExtra Information: i love this task.\nLink of Deal: http://demo.modules2buy.com/groupbuy/group-buy/detail/deal/5	\nName of Deal: "CrawlSF  Multiple Locations"\nQuantity:     1\nUnit Price:   10.00\nTotal:        10.00\n\n\nBest Regards,\r\nSocial Network Administration', 'Hello kien lam,<br />\n<br />\nYour deal "CrawlSF  Multiple Locations" has just been bought by customer with below information:<br />\n<br />\nName: Nam Nguyen<br />\nEmail Address: namnv@younetco.com<br />\nAddress: 843A Ta Quang Buu, Ho Chi Minh City<br />\nPhone: 478 - 789 - 7487 <br />\nExtra Information: i love this task.<br />\nLink of Deal: http://demo.modules2buy.com/groupbuy/group-buy/detail/deal/5	<br />\nName of Deal: "CrawlSF  Multiple Locations"<br />\nQuantity:     1<br />\nUnit Price:   10.00<br />\nTotal:        10.00<br />\n<br />\n<br />\nBest Regards,<br />\r\nSocial Network Administration'),
(19, 1, 0, 'groupbuy_codbuy', '2011-08-03 13:47:04', 'test1@local.younetco.com', 'YouNet Group Buy Team', 'You have just bought a deal!', 'namnv@younetco.com', 'Nam Nguyen', 'Hello Nam Nguyen,\n\nYou have just bought a deal with below information:\n\nLink of Deal: http://demo.modules2buy.com/groupbuy/group-buy/detail/deal/5	\nName of Deal: "CrawlSF  Multiple Locations"\nQuantity:     1\nUnit Price:   10.00\nTotal:        10.00\nCompany Name: CrawlSF \nEmail Address: thikien@gmail.com\nAddress: 65/7 Au Co F9 Q.Tan Binh TPHCM\n\nYour information:\n\nName: Nam Nguyen\nEmail Address: namnv@younetco.com\nAddress: 843A Ta Quang Buu, Ho Chi Minh City\nPhone: 478 - 789 - 7487 \nExtra Information: i love this task.\n\nBest Regards,\r\nSocial Network Administration', 'Hello Nam Nguyen,<br />\n<br />\nYou have just bought a deal with below information:<br />\n<br />\nLink of Deal: http://demo.modules2buy.com/groupbuy/group-buy/detail/deal/5	<br />\nName of Deal: "CrawlSF  Multiple Locations"<br />\nQuantity:     1<br />\nUnit Price:   10.00<br />\nTotal:        10.00<br />\nCompany Name: CrawlSF <br />\nEmail Address: thikien@gmail.com<br />\nAddress: 65/7 Au Co F9 Q.Tan Binh TPHCM<br />\n<br />\nYour information:<br />\n<br />\nName: Nam Nguyen<br />\nEmail Address: namnv@younetco.com<br />\nAddress: 843A Ta Quang Buu, Ho Chi Minh City<br />\nPhone: 478 - 789 - 7487 <br />\nExtra Information: i love this task.<br />\n<br />\nBest Regards,<br />\r\nSocial Network Administration'),
(20, 1, 0, 'groupbuy_codseller', '2011-08-03 13:49:24', 'test1@local.younetco.com', 'YouNet Group Buy Team', 'Your deal has been bought!', 'ltkien.lsc@gmail.com', 'lsc kien', 'Hello lsc kien,\n\nYour deal "The Clayground Ceramic Painting Studio  The Clayground" has just been bought by customer with below information:\n\nName: Lam thi Kien\nEmail Address: thikien@gmail.com\nAddress: 799 Water St. St. John''s, Newfoundland A1C 1E3\nPhone: (709) 726-9932 \nExtra Information: \nLink of Deal: http://demo.modules2buy.com/groupbuy/group-buy/detail/deal/8	\nName of Deal: "The Clayground Ceramic Painting Studio  The Clayground"\nQuantity:     3\nUnit Price:   10.00\nTotal:        30.00\n\n\nBest Regards,\r\nSocial Network Administration', 'Hello lsc kien,<br />\n<br />\nYour deal "The Clayground Ceramic Painting Studio  The Clayground" has just been bought by customer with below information:<br />\n<br />\nName: Lam thi Kien<br />\nEmail Address: thikien@gmail.com<br />\nAddress: 799 Water St. St. John''s, Newfoundland A1C 1E3<br />\nPhone: (709) 726-9932 <br />\nExtra Information: <br />\nLink of Deal: http://demo.modules2buy.com/groupbuy/group-buy/detail/deal/8	<br />\nName of Deal: "The Clayground Ceramic Painting Studio  The Clayground"<br />\nQuantity:     3<br />\nUnit Price:   10.00<br />\nTotal:        30.00<br />\n<br />\n<br />\nBest Regards,<br />\r\nSocial Network Administration'),
(21, 1, 0, 'groupbuy_codbuy', '2011-08-03 13:49:30', 'test1@local.younetco.com', 'YouNet Group Buy Team', 'You have just bought a deal!', 'thikien@gmail.com', 'kien lam', 'Hello kien lam,\n\nYou have just bought a deal with below information:\n\nLink of Deal: http://demo.modules2buy.com/groupbuy/group-buy/detail/deal/8	\nName of Deal: "The Clayground Ceramic Painting Studio  The Clayground"\nQuantity:     3\nUnit Price:   10.00\nTotal:        30.00\nCompany Name: The Clayground\nEmail Address: ltkien.lsc@gmail.com\nAddress: 298 Le Duan BenNghe Tan Phu\n\nYour information:\n\nName: Lam thi Kien\nEmail Address: thikien@gmail.com\nAddress: 799 Water St. St. John''s, Newfoundland A1C 1E3\nPhone: (709) 726-9932 \nExtra Information: \n\nBest Regards,\r\nSocial Network Administration', 'Hello kien lam,<br />\n<br />\nYou have just bought a deal with below information:<br />\n<br />\nLink of Deal: http://demo.modules2buy.com/groupbuy/group-buy/detail/deal/8	<br />\nName of Deal: "The Clayground Ceramic Painting Studio  The Clayground"<br />\nQuantity:     3<br />\nUnit Price:   10.00<br />\nTotal:        30.00<br />\nCompany Name: The Clayground<br />\nEmail Address: ltkien.lsc@gmail.com<br />\nAddress: 298 Le Duan BenNghe Tan Phu<br />\n<br />\nYour information:<br />\n<br />\nName: Lam thi Kien<br />\nEmail Address: thikien@gmail.com<br />\nAddress: 799 Water St. St. John''s, Newfoundland A1C 1E3<br />\nPhone: (709) 726-9932 <br />\nExtra Information: <br />\n<br />\nBest Regards,<br />\r\nSocial Network Administration'),
(22, 1, 0, 'groupbuy_dealsubscribed', '2011-08-04 02:22:59', 'test1@local.younetco.com', 'YouNet Group Buy Team', 'Welcome to Social Network', 'namnv@younetco.com', 'Nam Nguyen', 'Hello Nam Nguyen,\n\n\nThanks for your interest in\n<a href=http://demo.modules2buy.com">Social Network </a>.', 'Hello Nam Nguyen,<br />\n<br />\n<br />\nThanks for your interest in<br />\n<a href=http://demo.modules2buy.com">Social Network </a>.'),
(23, 1, 0, 'groupbuy_approvedeal', '2011-08-04 03:57:29', 'test1@local.younetco.com', 'YouNet Group Buy Team', 'Deal Approved Notice', 'ltkien.lsc@gmail.com', 'lsc kien', 'Hello lsc kien,\n\nYour deal "Opus Hotel Montreal  Montreal, Quebec, Canada" at http://demo.modules2buy.com/groupbuy//groupbuy/group-buy/detail/deal/10 has just been approved. \n\nBest Regards,\r\nSocial Network Administration', 'Hello lsc kien,<br />\n<br />\nYour deal "Opus Hotel Montreal  Montreal, Quebec, Canada" at http://demo.modules2buy.com/groupbuy//groupbuy/group-buy/detail/deal/10 has just been approved. <br />\n<br />\nBest Regards,<br />\r\nSocial Network Administration'),
(24, 1, 0, 'groupbuy_dealsubscribed', '2011-08-04 04:08:10', 'test1@local.younetco.com', 'YouNet Group Buy Team', 'Welcome to Social Network', 'thikien@gmail.com', 'kien lam', 'Hello kien lam,\n\n\nThanks for your interest in\n<a href=http://demo.modules2buy.com">Social Network </a>.', 'Hello kien lam,<br />\n<br />\n<br />\nThanks for your interest in<br />\n<a href=http://demo.modules2buy.com">Social Network </a>.'),
(25, 1, 0, 'groupbuy_dealsubscribed', '2011-08-04 04:08:20', 'test1@local.younetco.com', 'YouNet Group Buy Team', 'Welcome to Social Network', 'thikien@gmail.com', 'kien lam', 'Hello kien lam,\n\n\nThanks for your interest in\n<a href=http://demo.modules2buy.com">Social Network </a>.', 'Hello kien lam,<br />\n<br />\n<br />\nThanks for your interest in<br />\n<a href=http://demo.modules2buy.com">Social Network </a>.'),
(26, 1, 0, 'groupbuy_deletebuyToSeller', '2011-08-04 04:53:48', 'test1@local.younetco.com', 'YouNet Group Buy Team', 'Customer has canceled his/her purchase of your deal!', 'ltkien.lsc@gmail.com', 'lsc kien', 'Hello lsc kien,\n\nThe following customer has canceled his/her purchase of your deal: \nName: Lam thi Kien\nEmail Address: thikien@gmail.com\nAddress: 799 Water St. St. John''s, Newfoundland A1C 1E3\nPhone: (709) 726-9932 \nExtra Information: \nLink of Deal: http://demo.modules2buy.com/groupbuy//groupbuy/group-buy/detail/deal/8	\nName of Deal: "The Clayground Ceramic Painting Studio  The Clayground"\nQuantity:     3\nUnit Price:   10.00\nTotal:        30.00\n\nBest Regards,\r\nSocial Network Administration', 'Hello lsc kien,<br />\n<br />\nThe following customer has canceled his/her purchase of your deal: <br />\nName: Lam thi Kien<br />\nEmail Address: thikien@gmail.com<br />\nAddress: 799 Water St. St. John''s, Newfoundland A1C 1E3<br />\nPhone: (709) 726-9932 <br />\nExtra Information: <br />\nLink of Deal: http://demo.modules2buy.com/groupbuy//groupbuy/group-buy/detail/deal/8	<br />\nName of Deal: "The Clayground Ceramic Painting Studio  The Clayground"<br />\nQuantity:     3<br />\nUnit Price:   10.00<br />\nTotal:        30.00<br />\n<br />\nBest Regards,<br />\r\nSocial Network Administration'),
(27, 1, 0, 'groupbuy_deletebuyToBuyer', '2011-08-04 04:53:57', 'test1@local.younetco.com', 'YouNet Group Buy Team', 'You have canceled your deal!', 'thikien@gmail.com', 'kien lam', 'Hello kien lam,\n\nYou have canceled the purchase of this deal "The Clayground Ceramic Painting Studio  The Clayground" at http://demo.modules2buy.com/groupbuy//groupbuy/group-buy/detail/deal/8. \n\nBest Regards,\r\nSocial Network Administration', 'Hello kien lam,<br />\n<br />\nYou have canceled the purchase of this deal "The Clayground Ceramic Painting Studio  The Clayground" at http://demo.modules2buy.com/groupbuy//groupbuy/group-buy/detail/deal/8. <br />\n<br />\nBest Regards,<br />\r\nSocial Network Administration'),
(28, 1, 0, 'groupbuy_codseller', '2011-08-04 04:57:21', 'test1@local.younetco.com', 'YouNet Group Buy Team', 'Your deal has been bought!', 'ltkien.lsc@gmail.com', 'lsc kien', 'Hello lsc kien,\n\nYour deal "Opus Hotel Montreal  Montreal, Quebec, Canada" has just been bought by customer with below information:\n\nName: Lam thi Kien\nEmail Address: thikien@gmail.com\nAddress: 799 Water St. St. John''s, Newfoundland A1C 1E3\nPhone: (314) 721-1111 \nExtra Information: Toi voi nang hai dua nguyen yeu nhau Toi voi nang hai dua nguyen yeu nhau Toi voi nang hai dua nguyen yeu nhau Toi voi nang hai dua nguyen yeu nhau Toi voi nang hai dua nguyen yeu nhau Toi voi nang hai dua nguyen yeu nhau Toi voi nang hai dua nguyen yeu nhau Toi voi nang hai dua nguyen yeu nhau Toi voi nang hai dua nguyen yeu nhau Toi voi nang hai dua nguyen yeu nhau \nLink of Deal: http://demo.modules2buy.com/groupbuy//groupbuy/group-buy/detail/deal/10	\nName of Deal: "Opus Hotel Montreal  Montreal, Quebec, Canada"\nQuantity:     40\nUnit Price:   100.00\nTotal:        4,000.00\n\n\nBest Regards,\r\nSocial Network Administration', 'Hello lsc kien,<br />\n<br />\nYour deal "Opus Hotel Montreal  Montreal, Quebec, Canada" has just been bought by customer with below information:<br />\n<br />\nName: Lam thi Kien<br />\nEmail Address: thikien@gmail.com<br />\nAddress: 799 Water St. St. John''s, Newfoundland A1C 1E3<br />\nPhone: (314) 721-1111 <br />\nExtra Information: Toi voi nang hai dua nguyen yeu nhau Toi voi nang hai dua nguyen yeu nhau Toi voi nang hai dua nguyen yeu nhau Toi voi nang hai dua nguyen yeu nhau Toi voi nang hai dua nguyen yeu nhau Toi voi nang hai dua nguyen yeu nhau Toi voi nang hai dua nguyen yeu nhau Toi voi nang hai dua nguyen yeu nhau Toi voi nang hai dua nguyen yeu nhau Toi voi nang hai dua nguyen yeu nhau <br />\nLink of Deal: http://demo.modules2buy.com/groupbuy//groupbuy/group-buy/detail/deal/10	<br />\nName of Deal: "Opus Hotel Montreal  Montreal, Quebec, Canada"<br />\nQuantity:     40<br />\nUnit Price:   100.00<br />\nTotal:        4,000.00<br />\n<br />\n<br />\nBest Regards,<br />\r\nSocial Network Administration'),
(29, 1, 0, 'groupbuy_codbuy', '2011-08-04 04:57:27', 'test1@local.younetco.com', 'YouNet Group Buy Team', 'You have just bought a deal!', 'thikien@gmail.com', 'kien lam', 'Hello kien lam,\n\nYou have just bought a deal with below information:\n\nLink of Deal: http://demo.modules2buy.com/groupbuy//groupbuy/group-buy/detail/deal/10	\nName of Deal: "Opus Hotel Montreal  Montreal, Quebec, Canada"\nQuantity:     40\nUnit Price:   100.00\nTotal:        4,000.00\nCompany Name: Opus Hotel Montreal\nEmail Address: ltkien.lsc@gmail.com\nAddress: 644 6 Ave. SW Calgary, Alberta T2P 0S4\n\nYour information:\n\nName: Lam thi Kien\nEmail Address: thikien@gmail.com\nAddress: 799 Water St. St. John''s, Newfoundland A1C 1E3\nPhone: (314) 721-1111 \nExtra Information: Toi voi nang hai dua nguyen yeu nhau Toi voi nang hai dua nguyen yeu nhau Toi voi nang hai dua nguyen yeu nhau Toi voi nang hai dua nguyen yeu nhau Toi voi nang hai dua nguyen yeu nhau Toi voi nang hai dua nguyen yeu nhau Toi voi nang hai dua nguyen yeu nhau Toi voi nang hai dua nguyen yeu nhau Toi voi nang hai dua nguyen yeu nhau Toi voi nang hai dua nguyen yeu nhau \n\nBest Regards,\r\nSocial Network Administration', 'Hello kien lam,<br />\n<br />\nYou have just bought a deal with below information:<br />\n<br />\nLink of Deal: http://demo.modules2buy.com/groupbuy//groupbuy/group-buy/detail/deal/10	<br />\nName of Deal: "Opus Hotel Montreal  Montreal, Quebec, Canada"<br />\nQuantity:     40<br />\nUnit Price:   100.00<br />\nTotal:        4,000.00<br />\nCompany Name: Opus Hotel Montreal<br />\nEmail Address: ltkien.lsc@gmail.com<br />\nAddress: 644 6 Ave. SW Calgary, Alberta T2P 0S4<br />\n<br />\nYour information:<br />\n<br />\nName: Lam thi Kien<br />\nEmail Address: thikien@gmail.com<br />\nAddress: 799 Water St. St. John''s, Newfoundland A1C 1E3<br />\nPhone: (314) 721-1111 <br />\nExtra Information: Toi voi nang hai dua nguyen yeu nhau Toi voi nang hai dua nguyen yeu nhau Toi voi nang hai dua nguyen yeu nhau Toi voi nang hai dua nguyen yeu nhau Toi voi nang hai dua nguyen yeu nhau Toi voi nang hai dua nguyen yeu nhau Toi voi nang hai dua nguyen yeu nhau Toi voi nang hai dua nguyen yeu nhau Toi voi nang hai dua nguyen yeu nhau Toi voi nang hai dua nguyen yeu nhau <br />\n<br />\nBest Regards,<br />\r\nSocial Network Administration'),
(30, 1, 0, 'groupbuy_codseller', '2011-08-04 08:14:04', 'test1@local.younetco.com', 'YouNet Group Buy Team', 'Your deal has been bought!', 'thikien@gmail.com', 'kien lam', 'Hello kien lam,\n\nYour deal "Dooly''s  West End" has just been bought by customer with below information:\n\nName: Lam thi Kien\nEmail Address: thikien@gmail.com\nAddress: 65/7 Au Co F9 Q.Tan Binh TPHCM\nPhone: (709) 726-9932 \nExtra Information: Toi voi nang hai dua nguyen yeu nhau tha thiet tu day mong toi ngay bac dau\nLink of Deal: http://demo.modules2buy.com/groupbuy//groupbuy/group-buy/detail/deal/2	\nName of Deal: "Dooly''s  West End"\nQuantity:     3\nUnit Price:   21.00\nTotal:        63.00\n\n\nBest Regards,\r\nSocial Network Administration', 'Hello kien lam,<br />\n<br />\nYour deal "Dooly''s  West End" has just been bought by customer with below information:<br />\n<br />\nName: Lam thi Kien<br />\nEmail Address: thikien@gmail.com<br />\nAddress: 65/7 Au Co F9 Q.Tan Binh TPHCM<br />\nPhone: (709) 726-9932 <br />\nExtra Information: Toi voi nang hai dua nguyen yeu nhau tha thiet tu day mong toi ngay bac dau<br />\nLink of Deal: http://demo.modules2buy.com/groupbuy//groupbuy/group-buy/detail/deal/2	<br />\nName of Deal: "Dooly''s  West End"<br />\nQuantity:     3<br />\nUnit Price:   21.00<br />\nTotal:        63.00<br />\n<br />\n<br />\nBest Regards,<br />\r\nSocial Network Administration'),
(31, 1, 0, 'groupbuy_codbuy', '2011-08-04 08:14:11', 'test1@local.younetco.com', 'YouNet Group Buy Team', 'You have just bought a deal!', 'thikien@gmail.com', 'kien lam', 'Hello kien lam,\n\nYou have just bought a deal with below information:\n\nLink of Deal: http://demo.modules2buy.com/groupbuy//groupbuy/group-buy/detail/deal/2	\nName of Deal: "Dooly''s  West End"\nQuantity:     3\nUnit Price:   21.00\nTotal:        63.00\nCompany Name: Dooly''s \nEmail Address: thikien@gmail.com\nAddress: 799 Water St. St. John''s, Newfoundland A1C 1E3\n\nYour information:\n\nName: Lam thi Kien\nEmail Address: thikien@gmail.com\nAddress: 65/7 Au Co F9 Q.Tan Binh TPHCM\nPhone: (709) 726-9932 \nExtra Information: Toi voi nang hai dua nguyen yeu nhau tha thiet tu day mong toi ngay bac dau\n\nBest Regards,\r\nSocial Network Administration', 'Hello kien lam,<br />\n<br />\nYou have just bought a deal with below information:<br />\n<br />\nLink of Deal: http://demo.modules2buy.com/groupbuy//groupbuy/group-buy/detail/deal/2	<br />\nName of Deal: "Dooly''s  West End"<br />\nQuantity:     3<br />\nUnit Price:   21.00<br />\nTotal:        63.00<br />\nCompany Name: Dooly''s <br />\nEmail Address: thikien@gmail.com<br />\nAddress: 799 Water St. St. John''s, Newfoundland A1C 1E3<br />\n<br />\nYour information:<br />\n<br />\nName: Lam thi Kien<br />\nEmail Address: thikien@gmail.com<br />\nAddress: 65/7 Au Co F9 Q.Tan Binh TPHCM<br />\nPhone: (709) 726-9932 <br />\nExtra Information: Toi voi nang hai dua nguyen yeu nhau tha thiet tu day mong toi ngay bac dau<br />\n<br />\nBest Regards,<br />\r\nSocial Network Administration'),
(32, 1, 0, 'groupbuy_dealsubscribed', '2011-08-04 08:17:35', 'test1@local.younetco.com', 'YouNet Group Buy Team', 'Welcome to Social Network', 'namnv@younetco.com', 'Nam Nguyen', 'Hello Nam Nguyen,\n\n\nThanks for your interest in\n<a href=http://demo.modules2buy.com">Social Network </a>.', 'Hello Nam Nguyen,<br />\n<br />\n<br />\nThanks for your interest in<br />\n<a href=http://demo.modules2buy.com">Social Network </a>.'),
(33, 1, 0, 'groupbuy_approvedeal', '2011-08-04 08:23:09', 'test1@local.younetco.com', 'YouNet Group Buy Team', 'Deal Approved Notice', 'ltkien.lsc@gmail.com', 'lsc kien', 'Hello lsc kien,\n\nYour deal "Artistic Esthetic Spa  Central London" at http://demo.modules2buy.com/groupbuy//groupbuy/group-buy/detail/deal/13 has just been approved. \n\nBest Regards,\r\nSocial Network Administration', 'Hello lsc kien,<br />\n<br />\nYour deal "Artistic Esthetic Spa  Central London" at http://demo.modules2buy.com/groupbuy//groupbuy/group-buy/detail/deal/13 has just been approved. <br />\n<br />\nBest Regards,<br />\r\nSocial Network Administration'),
(34, 1, 0, 'groupbuy_approvedeal', '2011-08-04 10:13:57', 'test1@local.younetco.com', 'YouNet Group Buy Team', 'Deal Approved Notice', 'tienlv@mailinator.com', 'Tien Le', 'Hello Tien Le,\n\nYour deal "Tien Deal 1" at http:///groupbuy/group-buy/detail/deal/14 has just been approved. \n\nBest Regards,\r\nSocial Network Administration', 'Hello Tien Le,<br />\n<br />\nYour deal "Tien Deal 1" at http:///groupbuy/group-buy/detail/deal/14 has just been approved. <br />\n<br />\nBest Regards,<br />\r\nSocial Network Administration'),
(35, 1, 0, 'groupbuy_codseller', '2011-08-04 10:41:22', 'test1@local.younetco.com', 'YouNet Group Buy Team', 'Your deal has been bought!', 'ltkien.lsc@gmail.com', 'lsc kien', 'Hello lsc kien,\n\nYour deal "Mlange Restaurant & Gastro Lounge  Downtown" has just been bought by customer with below information:\n\nName: bao\nEmail Address: baotq@younetco.com\nAddress: 18 Le loi, Hue, Viet nam\nPhone: 0923423423` \nExtra Information: \nLink of Deal: http:///groupbuy/group-buy/detail/deal/4	\nName of Deal: "Mlange Restaurant & Gastro Lounge  Downtown"\nQuantity:     2\nUnit Price:   0.00\nTotal:        0.00\n\n\nBest Regards,\r\nSocial Network Administration', 'Hello lsc kien,<br />\n<br />\nYour deal "Mlange Restaurant & Gastro Lounge  Downtown" has just been bought by customer with below information:<br />\n<br />\nName: bao<br />\nEmail Address: baotq@younetco.com<br />\nAddress: 18 Le loi, Hue, Viet nam<br />\nPhone: 0923423423` <br />\nExtra Information: <br />\nLink of Deal: http:///groupbuy/group-buy/detail/deal/4	<br />\nName of Deal: "Mlange Restaurant & Gastro Lounge  Downtown"<br />\nQuantity:     2<br />\nUnit Price:   0.00<br />\nTotal:        0.00<br />\n<br />\n<br />\nBest Regards,<br />\r\nSocial Network Administration'),
(36, 1, 0, 'groupbuy_codbuy', '2011-08-04 10:41:36', 'test1@local.younetco.com', 'YouNet Group Buy Team', 'You have just bought a deal!', 'baotq@younetco.com', 'Bao Tran', 'Hello Bao Tran,\n\nYou have just bought a deal with below information:\n\nLink of Deal: http:///groupbuy/group-buy/detail/deal/4	\nName of Deal: "Mlange Restaurant & Gastro Lounge  Downtown"\nQuantity:     2\nUnit Price:   0.00\nTotal:        0.00\nCompany Name: Mlange Restaurant & Gastro Lounge \nEmail Address: ltkien.lsc@gmail.com\nAddress: 644 6 Ave. SW Calgary, Alberta T2P 0S4 \n\nYour information:\n\nName: bao\nEmail Address: baotq@younetco.com\nAddress: 18 Le loi, Hue, Viet nam\nPhone: 0923423423` \nExtra Information: \n\nBest Regards,\r\nSocial Network Administration', 'Hello Bao Tran,<br />\n<br />\nYou have just bought a deal with below information:<br />\n<br />\nLink of Deal: http:///groupbuy/group-buy/detail/deal/4	<br />\nName of Deal: "Mlange Restaurant & Gastro Lounge  Downtown"<br />\nQuantity:     2<br />\nUnit Price:   0.00<br />\nTotal:        0.00<br />\nCompany Name: Mlange Restaurant & Gastro Lounge <br />\nEmail Address: ltkien.lsc@gmail.com<br />\nAddress: 644 6 Ave. SW Calgary, Alberta T2P 0S4 <br />\n<br />\nYour information:<br />\n<br />\nName: bao<br />\nEmail Address: baotq@younetco.com<br />\nAddress: 18 Le loi, Hue, Viet nam<br />\nPhone: 0923423423` <br />\nExtra Information: <br />\n<br />\nBest Regards,<br />\r\nSocial Network Administration'),
(37, 1, 0, 'groupbuy_codseller', '2011-08-04 10:50:57', 'test1@local.younetco.com', 'YouNet Group Buy Team', 'Your deal has been bought!', 'ltkien.lsc@gmail.com', 'lsc kien', 'Hello lsc kien,\n\nYour deal "Mlange Restaurant & Gastro Lounge  Downtown" has just been bought by customer with below information:\n\nName: Tien Le Vn\nEmail Address: nhocconan@gmail.com\nAddress: 831A Ta Quang Buu, Ward 5, District 8\nPhone: 090900990 \nExtra Information: m b\nLink of Deal: http:///groupbuy/group-buy/detail/deal/4	\nName of Deal: "Mlange Restaurant & Gastro Lounge  Downtown"\nQuantity:     1\nUnit Price:   0.00\nTotal:        0.00\n\n\nBest Regards,\r\nSocial Network Administration', 'Hello lsc kien,<br />\n<br />\nYour deal "Mlange Restaurant & Gastro Lounge  Downtown" has just been bought by customer with below information:<br />\n<br />\nName: Tien Le Vn<br />\nEmail Address: nhocconan@gmail.com<br />\nAddress: 831A Ta Quang Buu, Ward 5, District 8<br />\nPhone: 090900990 <br />\nExtra Information: m b<br />\nLink of Deal: http:///groupbuy/group-buy/detail/deal/4	<br />\nName of Deal: "Mlange Restaurant & Gastro Lounge  Downtown"<br />\nQuantity:     1<br />\nUnit Price:   0.00<br />\nTotal:        0.00<br />\n<br />\n<br />\nBest Regards,<br />\r\nSocial Network Administration'),
(38, 1, 0, 'groupbuy_codbuy', '2011-08-04 10:51:03', 'test1@local.younetco.com', 'YouNet Group Buy Team', 'You have just bought a deal!', 'nhocconan@gmail.com', '', 'Hello,\n\nYou have just bought a deal with below information:\n\nLink of Deal: http:///groupbuy/group-buy/detail/deal/4	\nName of Deal: "Mlange Restaurant & Gastro Lounge  Downtown"\nQuantity:     1\nUnit Price:   0.00\nTotal:        0.00\nCompany Name: Mlange Restaurant & Gastro Lounge \nEmail Address: ltkien.lsc@gmail.com\nAddress: 644 6 Ave. SW Calgary, Alberta T2P 0S4 \n\nYour information:\n\nName: Tien Le Vn\nEmail Address: nhocconan@gmail.com\nAddress: 831A Ta Quang Buu, Ward 5, District 8\nPhone: 090900990 \nExtra Information: m b\n\nBest Regards,\r\nSocial Network Administration', 'Hello,<br />\n<br />\nYou have just bought a deal with below information:<br />\n<br />\nLink of Deal: http:///groupbuy/group-buy/detail/deal/4	<br />\nName of Deal: "Mlange Restaurant & Gastro Lounge  Downtown"<br />\nQuantity:     1<br />\nUnit Price:   0.00<br />\nTotal:        0.00<br />\nCompany Name: Mlange Restaurant & Gastro Lounge <br />\nEmail Address: ltkien.lsc@gmail.com<br />\nAddress: 644 6 Ave. SW Calgary, Alberta T2P 0S4 <br />\n<br />\nYour information:<br />\n<br />\nName: Tien Le Vn<br />\nEmail Address: nhocconan@gmail.com<br />\nAddress: 831A Ta Quang Buu, Ward 5, District 8<br />\nPhone: 090900990 <br />\nExtra Information: m b<br />\n<br />\nBest Regards,<br />\r\nSocial Network Administration'),
(39, 1, 0, 'groupbuy_approvedeal', '2011-08-04 11:58:00', 'test1@local.younetco.com', 'YouNet Group Buy Team', 'Deal Approved Notice', 'thikien@gmail.com', 'kien lam', 'Hello kien lam,\n\nYour deal "START Fitness  Pacific Heights" at http:///groupbuy/group-buy/detail/deal/9 has just been approved. \n\nBest Regards,\r\nSocial Network Administration', 'Hello kien lam,<br />\n<br />\nYour deal "START Fitness  Pacific Heights" at http:///groupbuy/group-buy/detail/deal/9 has just been approved. <br />\n<br />\nBest Regards,<br />\r\nSocial Network Administration'),
(40, 1, 0, 'groupbuy_codseller', '2011-08-04 12:23:14', 'test1@local.younetco.com', 'YouNet Group Buy Team', 'Your deal has been bought!', 'thikien@gmail.com', 'kien lam', 'Hello kien lam,\n\nYour deal "Moonrise Hotel  St. Louis, Missouri" has just been bought by customer with below information:\n\nName: sachin\nEmail Address: sachin.bagpey11@yahoo.in\nAddress: no 24,newyork\nPhone: +8541269854 \nExtra Information: \nLink of Deal: http:///groupbuy/group-buy/detail/deal/3	\nName of Deal: "Moonrise Hotel  St. Louis, Missouri"\nQuantity:     1\nUnit Price:   200.00\nTotal:        200.00\n\n\nBest Regards,\r\nSocial Network Administration', 'Hello kien lam,<br />\n<br />\nYour deal "Moonrise Hotel  St. Louis, Missouri" has just been bought by customer with below information:<br />\n<br />\nName: sachin<br />\nEmail Address: sachin.bagpey11@yahoo.in<br />\nAddress: no 24,newyork<br />\nPhone: +8541269854 <br />\nExtra Information: <br />\nLink of Deal: http:///groupbuy/group-buy/detail/deal/3	<br />\nName of Deal: "Moonrise Hotel  St. Louis, Missouri"<br />\nQuantity:     1<br />\nUnit Price:   200.00<br />\nTotal:        200.00<br />\n<br />\n<br />\nBest Regards,<br />\r\nSocial Network Administration'),
(41, 1, 0, 'groupbuy_codbuy', '2011-08-04 12:23:19', 'test1@local.younetco.com', 'YouNet Group Buy Team', 'You have just bought a deal!', 'sachin.bagpey11@yahoo.in', 'sachin bag', 'Hello sachin bag,\n\nYou have just bought a deal with below information:\n\nLink of Deal: http:///groupbuy/group-buy/detail/deal/3	\nName of Deal: "Moonrise Hotel  St. Louis, Missouri"\nQuantity:     1\nUnit Price:   200.00\nTotal:        200.00\nCompany Name: Moonrise Hotel\nEmail Address: thikien@gmail.com\nAddress: St. Louis, Missouri  6177 Delmar Blvd. St. Louis, Missouri 63112 \n\nYour information:\n\nName: sachin\nEmail Address: sachin.bagpey11@yahoo.in\nAddress: no 24,newyork\nPhone: +8541269854 \nExtra Information: \n\nBest Regards,\r\nSocial Network Administration', 'Hello sachin bag,<br />\n<br />\nYou have just bought a deal with below information:<br />\n<br />\nLink of Deal: http:///groupbuy/group-buy/detail/deal/3	<br />\nName of Deal: "Moonrise Hotel  St. Louis, Missouri"<br />\nQuantity:     1<br />\nUnit Price:   200.00<br />\nTotal:        200.00<br />\nCompany Name: Moonrise Hotel<br />\nEmail Address: thikien@gmail.com<br />\nAddress: St. Louis, Missouri  6177 Delmar Blvd. St. Louis, Missouri 63112 <br />\n<br />\nYour information:<br />\n<br />\nName: sachin<br />\nEmail Address: sachin.bagpey11@yahoo.in<br />\nAddress: no 24,newyork<br />\nPhone: +8541269854 <br />\nExtra Information: <br />\n<br />\nBest Regards,<br />\r\nSocial Network Administration'),
(42, 1, 0, 'groupbuy_dealsubscribed', '2011-08-04 22:15:24', 'test1@local.younetco.com', 'YouNet Group Buy Team', 'Welcome to Social Network', 'graphicpayne@gmail.com', '', 'Hello,\n\n\nThanks for your interest in\n<a href=http://demo.modules2buy.com">Social Network </a>.', 'Hello,<br />\n<br />\n<br />\nThanks for your interest in<br />\n<a href=http://demo.modules2buy.com">Social Network </a>.'),
(43, 1, 0, 'groupbuy_dealsubscribed', '2011-08-05 08:18:22', 'test1@local.younetco.com', 'YouNet Group Buy Team', 'Welcome to Social Network', 'anhdtk@younetco.com', 'anhdtk dang', 'Hello anhdtk dang,\n\n\nThanks for your interest in\n<a href=http://demo.modules2buy.com">Social Network </a>.', 'Hello anhdtk dang,<br />\n<br />\n<br />\nThanks for your interest in<br />\n<a href=http://demo.modules2buy.com">Social Network </a>.'),
(44, 1, 0, 'groupbuy_dealsubscribed', '2011-08-05 08:47:11', 'test1@local.younetco.com', 'YouNet Group Buy Team', 'Welcome to Social Network', 'kieuanhdang89@gmail.com', 'kieuanh dang', 'Hello kieuanh dang,\n\n\nThanks for your interest in\n<a href=http://demo.modules2buy.com">Social Network </a>.', 'Hello kieuanh dang,<br />\n<br />\n<br />\nThanks for your interest in<br />\n<a href=http://demo.modules2buy.com">Social Network </a>.'),
(45, 1, 0, 'groupbuy_dealsubscribed', '2011-08-05 08:47:12', 'test1@local.younetco.com', 'YouNet Group Buy Team', 'Welcome to Social Network', 'kieuanhdang89@gmail.com', 'kieuanh dang', 'Hello kieuanh dang,\n\n\nThanks for your interest in\n<a href=http://demo.modules2buy.com">Social Network </a>.', 'Hello kieuanh dang,<br />\n<br />\n<br />\nThanks for your interest in<br />\n<a href=http://demo.modules2buy.com">Social Network </a>.'),
(46, 1, 0, 'groupbuy_dealsubscribed', '2011-08-05 08:47:12', 'test1@local.younetco.com', 'YouNet Group Buy Team', 'Welcome to Social Network', 'kieuanhdang89@gmail.com', 'kieuanh dang', 'Hello kieuanh dang,\n\n\nThanks for your interest in\n<a href=http://demo.modules2buy.com">Social Network </a>.', 'Hello kieuanh dang,<br />\n<br />\n<br />\nThanks for your interest in<br />\n<a href=http://demo.modules2buy.com">Social Network </a>.'),
(47, 1, 0, 'groupbuy_dealsubscribed', '2011-08-05 08:47:12', 'test1@local.younetco.com', 'YouNet Group Buy Team', 'Welcome to Social Network', 'kieuanhdang89@gmail.com', 'kieuanh dang', 'Hello kieuanh dang,\n\n\nThanks for your interest in\n<a href=http://demo.modules2buy.com">Social Network </a>.', 'Hello kieuanh dang,<br />\n<br />\n<br />\nThanks for your interest in<br />\n<a href=http://demo.modules2buy.com">Social Network </a>.'),
(48, 1, 0, 'groupbuy_dealsubscribed', '2011-08-05 08:47:13', 'test1@local.younetco.com', 'YouNet Group Buy Team', 'Welcome to Social Network', 'kieuanhdang89@gmail.com', 'kieuanh dang', 'Hello kieuanh dang,\n\n\nThanks for your interest in\n<a href=http://demo.modules2buy.com">Social Network </a>.', 'Hello kieuanh dang,<br />\n<br />\n<br />\nThanks for your interest in<br />\n<a href=http://demo.modules2buy.com">Social Network </a>.'),
(49, 1, 0, 'groupbuy_dealsubscribed', '2011-08-05 08:47:13', 'test1@local.younetco.com', 'YouNet Group Buy Team', 'Welcome to Social Network', 'kieuanhdang89@gmail.com', 'kieuanh dang', 'Hello kieuanh dang,\n\n\nThanks for your interest in\n<a href=http://demo.modules2buy.com">Social Network </a>.', 'Hello kieuanh dang,<br />\n<br />\n<br />\nThanks for your interest in<br />\n<a href=http://demo.modules2buy.com">Social Network </a>.'),
(50, 1, 0, 'groupbuy_dealsubscribed', '2011-08-05 08:47:19', 'test1@local.younetco.com', 'YouNet Group Buy Team', 'Welcome to Social Network', 'kieuanhdang89@gmail.com', 'kieuanh dang', 'Hello kieuanh dang,\n\n\nThanks for your interest in\n<a href=http://demo.modules2buy.com">Social Network </a>.', 'Hello kieuanh dang,<br />\n<br />\n<br />\nThanks for your interest in<br />\n<a href=http://demo.modules2buy.com">Social Network </a>.'),
(51, 1, 0, 'groupbuy_dealsubscribed', '2011-08-05 08:47:19', 'test1@local.younetco.com', 'YouNet Group Buy Team', 'Welcome to Social Network', 'kieuanhdang89@gmail.com', 'kieuanh dang', 'Hello kieuanh dang,\n\n\nThanks for your interest in\n<a href=http://demo.modules2buy.com">Social Network </a>.', 'Hello kieuanh dang,<br />\n<br />\n<br />\nThanks for your interest in<br />\n<a href=http://demo.modules2buy.com">Social Network </a>.'),
(52, 1, 0, 'groupbuy_dealsubscribed', '2011-08-05 08:47:19', 'test1@local.younetco.com', 'YouNet Group Buy Team', 'Welcome to Social Network', 'kieuanhdang89@gmail.com', 'kieuanh dang', 'Hello kieuanh dang,\n\n\nThanks for your interest in\n<a href=http://demo.modules2buy.com">Social Network </a>.', 'Hello kieuanh dang,<br />\n<br />\n<br />\nThanks for your interest in<br />\n<a href=http://demo.modules2buy.com">Social Network </a>.'),
(53, 1, 0, 'groupbuy_dealsubscribed', '2011-08-05 08:47:19', 'test1@local.younetco.com', 'YouNet Group Buy Team', 'Welcome to Social Network', 'kieuanhdang89@gmail.com', 'kieuanh dang', 'Hello kieuanh dang,\n\n\nThanks for your interest in\n<a href=http://demo.modules2buy.com">Social Network </a>.', 'Hello kieuanh dang,<br />\n<br />\n<br />\nThanks for your interest in<br />\n<a href=http://demo.modules2buy.com">Social Network </a>.'),
(54, 1, 8, 'groupbuy_dealrunning', '2011-08-05 08:00:02', 'test1@local.younetco.com', 'YouNet Group Buy Team', 'Customer has canceled his/her purchase of your deal!', 'thikien@gmail.com', 'kien lam 1', 'Hello kien lam 1,\n\nThe following customer has canceled his/her purchase of your deal: \nName: [buyer_name]\nEmail Address: [buyer_email]\nAddress: [buyer_address]\nPhone: [buyer_phone] \nExtra Information: [buyer_extranote]\nLink of Deal: http:///group-buy/detail/deal/9	\nName of Deal: "START Fitness  Pacific Heights"\nQuantity:     [deal_quantity]\nUnit Price:   [deal_price]\nTotal:        [deal_total]\n\nBest Regards,\r\nSocial Network Administration', 'Hello kien lam 1,<br />\n<br />\nThe following customer has canceled his/her purchase of your deal: <br />\nName: [buyer_name]<br />\nEmail Address: [buyer_email]<br />\nAddress: [buyer_address]<br />\nPhone: [buyer_phone] <br />\nExtra Information: [buyer_extranote]<br />\nLink of Deal: http:///group-buy/detail/deal/9	<br />\nName of Deal: "START Fitness  Pacific Heights"<br />\nQuantity:     [deal_quantity]<br />\nUnit Price:   [deal_price]<br />\nTotal:        [deal_total]<br />\n<br />\nBest Regards,<br />\r\nSocial Network Administration');
INSERT INTO `engine4_groupbuy_emails` (`email_id`, `sended`, `priority`, `type`, `creation_date`, `send_from`, `from_name`, `subject`, `send_to`, `to_name`, `body_text`, `body_html`) VALUES
(55, 1, 0, 'groupbuy_buydealbuyer', '2011-08-05 21:05:02', 'test1@local.younetco.com', 'YouNet Group Buy Team', 'You have just bought a deal!', 'ltkien.lsc@gmail.com', 'lsc kien', 'Hello lsc kien,\n\nYou have just bought a deal with below information:\n\nLink of Deal: http:///products/se4/groupbuy/modules/Groupbuy/externals/scripts/callback.php/group-buy/detail/deal/1	\nName of Deal: "Newfoundland Paintball Supply  Multiple Locations"\nQuantity:     2\nUnit Price:   20.00\nTotal:        40.00\nCompany Name: Newfoundland Paintball Supply \nEmail Address: thikien@gmail.com\nAddress: 799 Water St. St. John''s, Newfoundland A1C 1E3 \n\nYour information:\n\nName: lsc kien\nEmail Address: ltkien.lsc@gmail.com\n\nBest Regards,\r\nSocial Network Administration', 'Hello lsc kien,<br />\n<br />\nYou have just bought a deal with below information:<br />\n<br />\nLink of Deal: http:///products/se4/groupbuy/modules/Groupbuy/externals/scripts/callback.php/group-buy/detail/deal/1	<br />\nName of Deal: "Newfoundland Paintball Supply  Multiple Locations"<br />\nQuantity:     2<br />\nUnit Price:   20.00<br />\nTotal:        40.00<br />\nCompany Name: Newfoundland Paintball Supply <br />\nEmail Address: thikien@gmail.com<br />\nAddress: 799 Water St. St. John''s, Newfoundland A1C 1E3 <br />\n<br />\nYour information:<br />\n<br />\nName: lsc kien<br />\nEmail Address: ltkien.lsc@gmail.com<br />\n<br />\nBest Regards,<br />\r\nSocial Network Administration'),
(56, 1, 0, 'groupbuy_buydealseller', '2011-08-05 21:05:04', 'test1@local.younetco.com', 'YouNet Group Buy Team', 'Your deal has been bought!', 'thikien@gmail.com', 'kien lam 1', 'Hello kien lam 1,\n\nYour deal "Newfoundland Paintball Supply  Multiple Locations" has just been bought by customer with below information:\n\nName: lsc kien\nEmail Address: ltkien.lsc@gmail.com\n\nLink of Deal: http:///products/se4/groupbuy/modules/Groupbuy/externals/scripts/callback.php/group-buy/detail/deal/1	\nName of Deal: "Newfoundland Paintball Supply  Multiple Locations"\nQuantity:     2\nUnit Price:   20.00\nTotal:        40.00\n\nBest Regards,\r\nSocial Network Administration', 'Hello kien lam 1,<br />\n<br />\nYour deal "Newfoundland Paintball Supply  Multiple Locations" has just been bought by customer with below information:<br />\n<br />\nName: lsc kien<br />\nEmail Address: ltkien.lsc@gmail.com<br />\n<br />\nLink of Deal: http:///products/se4/groupbuy/modules/Groupbuy/externals/scripts/callback.php/group-buy/detail/deal/1	<br />\nName of Deal: "Newfoundland Paintball Supply  Multiple Locations"<br />\nQuantity:     2<br />\nUnit Price:   20.00<br />\nTotal:        40.00<br />\n<br />\nBest Regards,<br />\r\nSocial Network Administration'),
(57, 1, 0, 'groupbuy_buydealseller', '2011-08-05 21:13:00', 'test1@local.younetco.com', 'YouNet Group Buy Team', 'Your deal has been bought!', 'namnv@younetco.com', 'Nam Nguyen', 'Hello Nam Nguyen,\n\nYour deal "Moonrise Hotel  St. Louis, Missouri" has just been bought by customer with below information:\n\nName: Joe Beer\nEmail Address: francis@ski-ride.com\n\nLink of Deal: http:///group-buy/detail/deal/3	\nName of Deal: "Moonrise Hotel  St. Louis, Missouri"\nQuantity:     \nUnit Price:   200.00\nTotal:        0.00\n\nBest Regards,\r\nSocial Network Administration', 'Hello Nam Nguyen,<br />\n<br />\nYour deal "Moonrise Hotel  St. Louis, Missouri" has just been bought by customer with below information:<br />\n<br />\nName: Joe Beer<br />\nEmail Address: francis@ski-ride.com<br />\n<br />\nLink of Deal: http:///group-buy/detail/deal/3	<br />\nName of Deal: "Moonrise Hotel  St. Louis, Missouri"<br />\nQuantity:     <br />\nUnit Price:   200.00<br />\nTotal:        0.00<br />\n<br />\nBest Regards,<br />\r\nSocial Network Administration'),
(58, 1, 0, 'groupbuy_buydealseller', '2011-08-05 21:59:29', 'test1@local.younetco.com', 'YouNet Group Buy Team', 'Your deal has been bought!', 'namnv@younetco.com', 'Nam Nguyen', 'Hello Nam Nguyen,\n\nYour deal "Moonrise Hotel  St. Louis, Missouri" has just been bought by customer with below information:\n\nName: Joe Beer\nEmail Address: francis@ski-ride.com\n\nLink of Deal: http:///products/se4/groupbuy/modules/Groupbuy/externals/scripts/callback.php/group-buy/detail/deal/3	\nName of Deal: "Moonrise Hotel  St. Louis, Missouri"\nQuantity:     \nUnit Price:   200.00\nTotal:        0.00\nPaypal Transaction ID: [deal_tranid]\nBest Regards,\r\nSocial Network Administration', 'Hello Nam Nguyen,<br />\n<br />\nYour deal "Moonrise Hotel  St. Louis, Missouri" has just been bought by customer with below information:<br />\n<br />\nName: Joe Beer<br />\nEmail Address: francis@ski-ride.com<br />\n<br />\nLink of Deal: http:///products/se4/groupbuy/modules/Groupbuy/externals/scripts/callback.php/group-buy/detail/deal/3	<br />\nName of Deal: "Moonrise Hotel  St. Louis, Missouri"<br />\nQuantity:     <br />\nUnit Price:   200.00<br />\nTotal:        0.00<br />\nPaypal Transaction ID: [deal_tranid]<br />\nBest Regards,<br />\r\nSocial Network Administration'),
(59, 1, 0, 'groupbuy_buydealbuyer', '2011-08-05 21:59:30', 'test1@local.younetco.com', 'YouNet Group Buy Team', 'You have just bought a deal!', 'ltkien.lsc@gmail.com', 'lsc kien', 'Hello lsc kien,\n\nYou have just bought a deal with below information:\n\nLink of Deal: http:///products/se4/groupbuy/modules/Groupbuy/externals/scripts/callback.php/group-buy/detail/deal/9	\nName of Deal: "START Fitness  Pacific Heights"\nQuantity:     5\nUnit Price:   20.00\nTotal:        100.00\nPaypal Transaction ID: [deal_tranid]\nCompany Name: START Fitness\nEmail Address: thikien@gmail.com\nAddress: 799 Water St. St. John''s, Newfoundland A1C 1E3\n\n\nYour information:\n\nName: lsc kien\nEmail Address: ltkien.lsc@gmail.com\n\nBest Regards,\r\nSocial Network Administration', 'Hello lsc kien,<br />\n<br />\nYou have just bought a deal with below information:<br />\n<br />\nLink of Deal: http:///products/se4/groupbuy/modules/Groupbuy/externals/scripts/callback.php/group-buy/detail/deal/9	<br />\nName of Deal: "START Fitness  Pacific Heights"<br />\nQuantity:     5<br />\nUnit Price:   20.00<br />\nTotal:        100.00<br />\nPaypal Transaction ID: [deal_tranid]<br />\nCompany Name: START Fitness<br />\nEmail Address: thikien@gmail.com<br />\nAddress: 799 Water St. St. John''s, Newfoundland A1C 1E3<br />\n<br />\n<br />\nYour information:<br />\n<br />\nName: lsc kien<br />\nEmail Address: ltkien.lsc@gmail.com<br />\n<br />\nBest Regards,<br />\r\nSocial Network Administration'),
(60, 1, 0, 'groupbuy_buydealseller', '2011-08-05 21:59:30', 'test1@local.younetco.com', 'YouNet Group Buy Team', 'Your deal has been bought!', 'thikien@gmail.com', 'kien lam 1', 'Hello kien lam 1,\n\nYour deal "START Fitness  Pacific Heights" has just been bought by customer with below information:\n\nName: lsc kien\nEmail Address: ltkien.lsc@gmail.com\n\nLink of Deal: http:///products/se4/groupbuy/modules/Groupbuy/externals/scripts/callback.php/group-buy/detail/deal/9	\nName of Deal: "START Fitness  Pacific Heights"\nQuantity:     5\nUnit Price:   20.00\nTotal:        100.00\nPaypal Transaction ID: [deal_tranid]\nBest Regards,\r\nSocial Network Administration', 'Hello kien lam 1,<br />\n<br />\nYour deal "START Fitness  Pacific Heights" has just been bought by customer with below information:<br />\n<br />\nName: lsc kien<br />\nEmail Address: ltkien.lsc@gmail.com<br />\n<br />\nLink of Deal: http:///products/se4/groupbuy/modules/Groupbuy/externals/scripts/callback.php/group-buy/detail/deal/9	<br />\nName of Deal: "START Fitness  Pacific Heights"<br />\nQuantity:     5<br />\nUnit Price:   20.00<br />\nTotal:        100.00<br />\nPaypal Transaction ID: [deal_tranid]<br />\nBest Regards,<br />\r\nSocial Network Administration'),
(61, 1, 0, 'groupbuy_buydealseller', '2011-08-05 22:05:59', 'test1@local.younetco.com', 'YouNet Group Buy Team', 'Your deal has been bought!', 'namnv@younetco.com', 'Nam Nguyen', 'Hello Nam Nguyen,\n\nYour deal "Moonrise Hotel  St. Louis, Missouri" has just been bought by customer with below information:\n\nName: Joe Beer\nEmail Address: francis@ski-ride.com\n\nLink of Deal: http:///products/se4/groupbuy/modules/Groupbuy/externals/scripts/callback.php/group-buy/detail/deal/3	\nName of Deal: "Moonrise Hotel  St. Louis, Missouri"\nQuantity:     \nUnit Price:   200.00\nTotal:        0.00\nTransaction ID: [deal_tranid]\nBest Regards,\r\nSocial Network Administration', 'Hello Nam Nguyen,<br />\n<br />\nYour deal "Moonrise Hotel  St. Louis, Missouri" has just been bought by customer with below information:<br />\n<br />\nName: Joe Beer<br />\nEmail Address: francis@ski-ride.com<br />\n<br />\nLink of Deal: http:///products/se4/groupbuy/modules/Groupbuy/externals/scripts/callback.php/group-buy/detail/deal/3	<br />\nName of Deal: "Moonrise Hotel  St. Louis, Missouri"<br />\nQuantity:     <br />\nUnit Price:   200.00<br />\nTotal:        0.00<br />\nTransaction ID: [deal_tranid]<br />\nBest Regards,<br />\r\nSocial Network Administration'),
(62, 1, 0, 'groupbuy_buydealbuyer', '2011-08-05 22:06:01', 'test1@local.younetco.com', 'YouNet Group Buy Team', 'You have just bought a deal!', 'admin@younetco.com', 'admin', 'Hello admin,\n\nYou have just bought a deal with below information:\n\nLink of Deal: http:///products/se4/groupbuy/modules/Groupbuy/externals/scripts/callback.php/group-buy/detail/deal/2	\nName of Deal: "Dooly''s  West End"\nQuantity:     5\nUnit Price:   21.00\nTotal:        105.00\nTransaction ID: [deal_tranid]\nCompany Name: Dooly''s \nEmail Address: thikien@gmail.com\nAddress: 799 Water St. St. John''s, Newfoundland A1C 1E3\n\n\nYour information:\n\nName: admin\nEmail Address: admin@younetco.com\n\nBest Regards,\r\nSocial Network Administration', 'Hello admin,<br />\n<br />\nYou have just bought a deal with below information:<br />\n<br />\nLink of Deal: http:///products/se4/groupbuy/modules/Groupbuy/externals/scripts/callback.php/group-buy/detail/deal/2	<br />\nName of Deal: "Dooly''s  West End"<br />\nQuantity:     5<br />\nUnit Price:   21.00<br />\nTotal:        105.00<br />\nTransaction ID: [deal_tranid]<br />\nCompany Name: Dooly''s <br />\nEmail Address: thikien@gmail.com<br />\nAddress: 799 Water St. St. John''s, Newfoundland A1C 1E3<br />\n<br />\n<br />\nYour information:<br />\n<br />\nName: admin<br />\nEmail Address: admin@younetco.com<br />\n<br />\nBest Regards,<br />\r\nSocial Network Administration'),
(63, 1, 0, 'groupbuy_buydealseller', '2011-08-05 22:06:01', 'test1@local.younetco.com', 'YouNet Group Buy Team', 'Your deal has been bought!', 'thikien@gmail.com', 'kien lam 1', 'Hello kien lam 1,\n\nYour deal "Dooly''s  West End" has just been bought by customer with below information:\n\nName: admin\nEmail Address: admin@younetco.com\n\nLink of Deal: http:///products/se4/groupbuy/modules/Groupbuy/externals/scripts/callback.php/group-buy/detail/deal/2	\nName of Deal: "Dooly''s  West End"\nQuantity:     5\nUnit Price:   21.00\nTotal:        105.00\nTransaction ID: [deal_tranid]\nBest Regards,\r\nSocial Network Administration', 'Hello kien lam 1,<br />\n<br />\nYour deal "Dooly''s  West End" has just been bought by customer with below information:<br />\n<br />\nName: admin<br />\nEmail Address: admin@younetco.com<br />\n<br />\nLink of Deal: http:///products/se4/groupbuy/modules/Groupbuy/externals/scripts/callback.php/group-buy/detail/deal/2	<br />\nName of Deal: "Dooly''s  West End"<br />\nQuantity:     5<br />\nUnit Price:   21.00<br />\nTotal:        105.00<br />\nTransaction ID: [deal_tranid]<br />\nBest Regards,<br />\r\nSocial Network Administration'),
(64, 1, 0, 'groupbuy_buydealseller', '2011-08-05 22:09:36', 'test1@local.younetco.com', 'YouNet Group Buy Team', 'Your deal has been bought!', 'namnv@younetco.com', 'Nam Nguyen', 'Hello Nam Nguyen,\n\nYour deal "Moonrise Hotel  St. Louis, Missouri" has just been bought by customer with below information:\n\nName: Joe Beer\nEmail Address: francis@ski-ride.com\n\nLink of Deal: http:///products/se4/groupbuy/modules/Groupbuy/externals/scripts/callback.php/group-buy/detail/deal/3	\nName of Deal: "Moonrise Hotel  St. Louis, Missouri"\nQuantity:     \nUnit Price:   200.00\nTotal:        0.00\nTransaction ID: \nBest Regards,\r\nSocial Network Administration', 'Hello Nam Nguyen,<br />\n<br />\nYour deal "Moonrise Hotel  St. Louis, Missouri" has just been bought by customer with below information:<br />\n<br />\nName: Joe Beer<br />\nEmail Address: francis@ski-ride.com<br />\n<br />\nLink of Deal: http:///products/se4/groupbuy/modules/Groupbuy/externals/scripts/callback.php/group-buy/detail/deal/3	<br />\nName of Deal: "Moonrise Hotel  St. Louis, Missouri"<br />\nQuantity:     <br />\nUnit Price:   200.00<br />\nTotal:        0.00<br />\nTransaction ID: <br />\nBest Regards,<br />\r\nSocial Network Administration'),
(65, 1, 0, 'groupbuy_buydealbuyer', '2011-08-05 22:09:38', 'test1@local.younetco.com', 'YouNet Group Buy Team', 'You have just bought a deal!', 'admin@younetco.com', 'admin', 'Hello admin,\n\nYou have just bought a deal with below information:\n\nLink of Deal: http:///products/se4/groupbuy/modules/Groupbuy/externals/scripts/callback.php/group-buy/detail/deal/2	\nName of Deal: "Dooly''s  West End"\nQuantity:     6\nUnit Price:   21.00\nTotal:        126.00\nTransaction ID: 2BV17862KH216713S\nCompany Name: Dooly''s \nEmail Address: thikien@gmail.com\nAddress: 799 Water St. St. John''s, Newfoundland A1C 1E3\n\n\nYour information:\n\nName: admin\nEmail Address: admin@younetco.com\n\nBest Regards,\r\nSocial Network Administration', 'Hello admin,<br />\n<br />\nYou have just bought a deal with below information:<br />\n<br />\nLink of Deal: http:///products/se4/groupbuy/modules/Groupbuy/externals/scripts/callback.php/group-buy/detail/deal/2	<br />\nName of Deal: "Dooly''s  West End"<br />\nQuantity:     6<br />\nUnit Price:   21.00<br />\nTotal:        126.00<br />\nTransaction ID: 2BV17862KH216713S<br />\nCompany Name: Dooly''s <br />\nEmail Address: thikien@gmail.com<br />\nAddress: 799 Water St. St. John''s, Newfoundland A1C 1E3<br />\n<br />\n<br />\nYour information:<br />\n<br />\nName: admin<br />\nEmail Address: admin@younetco.com<br />\n<br />\nBest Regards,<br />\r\nSocial Network Administration'),
(66, 1, 0, 'groupbuy_buydealseller', '2011-08-05 22:09:38', 'test1@local.younetco.com', 'YouNet Group Buy Team', 'Your deal has been bought!', 'thikien@gmail.com', 'kien lam 1', 'Hello kien lam 1,\n\nYour deal "Dooly''s  West End" has just been bought by customer with below information:\n\nName: admin\nEmail Address: admin@younetco.com\n\nLink of Deal: http:///products/se4/groupbuy/modules/Groupbuy/externals/scripts/callback.php/group-buy/detail/deal/2	\nName of Deal: "Dooly''s  West End"\nQuantity:     6\nUnit Price:   21.00\nTotal:        126.00\nTransaction ID: 2BV17862KH216713S\nBest Regards,\r\nSocial Network Administration', 'Hello kien lam 1,<br />\n<br />\nYour deal "Dooly''s  West End" has just been bought by customer with below information:<br />\n<br />\nName: admin<br />\nEmail Address: admin@younetco.com<br />\n<br />\nLink of Deal: http:///products/se4/groupbuy/modules/Groupbuy/externals/scripts/callback.php/group-buy/detail/deal/2	<br />\nName of Deal: "Dooly''s  West End"<br />\nQuantity:     6<br />\nUnit Price:   21.00<br />\nTotal:        126.00<br />\nTransaction ID: 2BV17862KH216713S<br />\nBest Regards,<br />\r\nSocial Network Administration'),
(67, 1, 0, 'groupbuy_buydealseller', '2011-08-08 12:43:23', 'test1@local.younetco.com', 'YouNet Group Buy Team', 'Your deal has been bought!', 'namnv@younetco.com', 'Nam Nguyen', 'Hello Nam Nguyen,\n\nYour deal "Moonrise Hotel  St. Louis, Missouri" has just been bought by customer with below information:\n\nName: Joe Beer\nEmail Address: francis@ski-ride.com\n\nLink of Deal: http:///products/se4/groupbuy/modules/Groupbuy/externals/scripts/callback.php/group-buy/detail/deal/3	\nName of Deal: "Moonrise Hotel  St. Louis, Missouri"\nQuantity:     \nUnit Price:   200.00\nTotal:        0.00\nTransaction ID: \nBest Regards,\r\nSocial Network Administration', 'Hello Nam Nguyen,<br />\n<br />\nYour deal "Moonrise Hotel  St. Louis, Missouri" has just been bought by customer with below information:<br />\n<br />\nName: Joe Beer<br />\nEmail Address: francis@ski-ride.com<br />\n<br />\nLink of Deal: http:///products/se4/groupbuy/modules/Groupbuy/externals/scripts/callback.php/group-buy/detail/deal/3	<br />\nName of Deal: "Moonrise Hotel  St. Louis, Missouri"<br />\nQuantity:     <br />\nUnit Price:   200.00<br />\nTotal:        0.00<br />\nTransaction ID: <br />\nBest Regards,<br />\r\nSocial Network Administration'),
(68, 1, 0, 'groupbuy_buydealbuyer', '2011-08-08 12:43:23', 'test1@local.younetco.com', 'YouNet Group Buy Team', 'You have just bought a deal!', 'anhdtk@younetco.com', 'anhdtk dang', 'Hello anhdtk dang,\n\nYou have just bought a deal with below information:\n\nLink of Deal: http:///products/se4/groupbuy/modules/Groupbuy/externals/scripts/callback.php/group-buy/detail/deal/9	\nName of Deal: "START Fitness  Pacific Heights"\nQuantity:     1\nUnit Price:   20.00\nTotal:        20.00\nTransaction ID: 0T377578412781540\nCompany Name: START Fitness\nEmail Address: thikien@gmail.com\nAddress: 799 Water St. St. John''s, Newfoundland A1C 1E3\n\n\nYour information:\n\nName: anhdtk dang\nEmail Address: anhdtk@younetco.com\n\nBest Regards,\r\nSocial Network Administration', 'Hello anhdtk dang,<br />\n<br />\nYou have just bought a deal with below information:<br />\n<br />\nLink of Deal: http:///products/se4/groupbuy/modules/Groupbuy/externals/scripts/callback.php/group-buy/detail/deal/9	<br />\nName of Deal: "START Fitness  Pacific Heights"<br />\nQuantity:     1<br />\nUnit Price:   20.00<br />\nTotal:        20.00<br />\nTransaction ID: 0T377578412781540<br />\nCompany Name: START Fitness<br />\nEmail Address: thikien@gmail.com<br />\nAddress: 799 Water St. St. John''s, Newfoundland A1C 1E3<br />\n<br />\n<br />\nYour information:<br />\n<br />\nName: anhdtk dang<br />\nEmail Address: anhdtk@younetco.com<br />\n<br />\nBest Regards,<br />\r\nSocial Network Administration'),
(69, 1, 0, 'groupbuy_buydealseller', '2011-08-08 12:43:24', 'test1@local.younetco.com', 'YouNet Group Buy Team', 'Your deal has been bought!', 'thikien@gmail.com', 'kien lam 1', 'Hello kien lam 1,\n\nYour deal "START Fitness  Pacific Heights" has just been bought by customer with below information:\n\nName: anhdtk dang\nEmail Address: anhdtk@younetco.com\n\nLink of Deal: http:///products/se4/groupbuy/modules/Groupbuy/externals/scripts/callback.php/group-buy/detail/deal/9	\nName of Deal: "START Fitness  Pacific Heights"\nQuantity:     1\nUnit Price:   20.00\nTotal:        20.00\nTransaction ID: 0T377578412781540\nBest Regards,\r\nSocial Network Administration', 'Hello kien lam 1,<br />\n<br />\nYour deal "START Fitness  Pacific Heights" has just been bought by customer with below information:<br />\n<br />\nName: anhdtk dang<br />\nEmail Address: anhdtk@younetco.com<br />\n<br />\nLink of Deal: http:///products/se4/groupbuy/modules/Groupbuy/externals/scripts/callback.php/group-buy/detail/deal/9	<br />\nName of Deal: "START Fitness  Pacific Heights"<br />\nQuantity:     1<br />\nUnit Price:   20.00<br />\nTotal:        20.00<br />\nTransaction ID: 0T377578412781540<br />\nBest Regards,<br />\r\nSocial Network Administration'),
(70, 1, 0, 'groupbuy_buydealseller', '2011-08-08 12:47:48', 'test1@local.younetco.com', 'YouNet Group Buy Team', 'Your deal has been bought!', 'namnv@younetco.com', 'Nam Nguyen', 'Hello Nam Nguyen,\n\nYour deal "Moonrise Hotel  St. Louis, Missouri" has just been bought by customer with below information:\n\nName: Joe Beer\nEmail Address: francis@ski-ride.com\n\nLink of Deal: http:///products/se4/groupbuy/modules/Groupbuy/externals/scripts/callback.php/group-buy/detail/deal/3	\nName of Deal: "Moonrise Hotel  St. Louis, Missouri"\nQuantity:     \nUnit Price:   200.00\nTotal:        0.00\nTransaction ID: \nBest Regards,\r\nSocial Network Administration', 'Hello Nam Nguyen,<br />\n<br />\nYour deal "Moonrise Hotel  St. Louis, Missouri" has just been bought by customer with below information:<br />\n<br />\nName: Joe Beer<br />\nEmail Address: francis@ski-ride.com<br />\n<br />\nLink of Deal: http:///products/se4/groupbuy/modules/Groupbuy/externals/scripts/callback.php/group-buy/detail/deal/3	<br />\nName of Deal: "Moonrise Hotel  St. Louis, Missouri"<br />\nQuantity:     <br />\nUnit Price:   200.00<br />\nTotal:        0.00<br />\nTransaction ID: <br />\nBest Regards,<br />\r\nSocial Network Administration'),
(71, 1, 0, 'groupbuy_buydealbuyer', '2011-08-08 12:47:48', 'test1@local.younetco.com', 'YouNet Group Buy Team', 'You have just bought a deal!', 'anhdtk@younetco.com', 'anhdtk dang', 'Hello anhdtk dang,\n\nYou have just bought a deal with below information:\n\nLink of Deal: http:///products/se4/groupbuy/modules/Groupbuy/externals/scripts/callback.php/group-buy/detail/deal/9	\nName of Deal: "START Fitness  Pacific Heights"\nQuantity:     1\nUnit Price:   20.00\nTotal:        20.00\nTransaction ID: 32H80257MK950292N\nCompany Name: START Fitness\nEmail Address: thikien@gmail.com\nAddress: 799 Water St. St. John''s, Newfoundland A1C 1E3\n\n\nYour information:\n\nName: anhdtk dang\nEmail Address: anhdtk@younetco.com\n\nBest Regards,\r\nSocial Network Administration', 'Hello anhdtk dang,<br />\n<br />\nYou have just bought a deal with below information:<br />\n<br />\nLink of Deal: http:///products/se4/groupbuy/modules/Groupbuy/externals/scripts/callback.php/group-buy/detail/deal/9	<br />\nName of Deal: "START Fitness  Pacific Heights"<br />\nQuantity:     1<br />\nUnit Price:   20.00<br />\nTotal:        20.00<br />\nTransaction ID: 32H80257MK950292N<br />\nCompany Name: START Fitness<br />\nEmail Address: thikien@gmail.com<br />\nAddress: 799 Water St. St. John''s, Newfoundland A1C 1E3<br />\n<br />\n<br />\nYour information:<br />\n<br />\nName: anhdtk dang<br />\nEmail Address: anhdtk@younetco.com<br />\n<br />\nBest Regards,<br />\r\nSocial Network Administration'),
(72, 1, 0, 'groupbuy_buydealseller', '2011-08-08 12:47:48', 'test1@local.younetco.com', 'YouNet Group Buy Team', 'Your deal has been bought!', 'thikien@gmail.com', 'kien lam 1', 'Hello kien lam 1,\n\nYour deal "START Fitness  Pacific Heights" has just been bought by customer with below information:\n\nName: anhdtk dang\nEmail Address: anhdtk@younetco.com\n\nLink of Deal: http:///products/se4/groupbuy/modules/Groupbuy/externals/scripts/callback.php/group-buy/detail/deal/9	\nName of Deal: "START Fitness  Pacific Heights"\nQuantity:     1\nUnit Price:   20.00\nTotal:        20.00\nTransaction ID: 32H80257MK950292N\nBest Regards,\r\nSocial Network Administration', 'Hello kien lam 1,<br />\n<br />\nYour deal "START Fitness  Pacific Heights" has just been bought by customer with below information:<br />\n<br />\nName: anhdtk dang<br />\nEmail Address: anhdtk@younetco.com<br />\n<br />\nLink of Deal: http:///products/se4/groupbuy/modules/Groupbuy/externals/scripts/callback.php/group-buy/detail/deal/9	<br />\nName of Deal: "START Fitness  Pacific Heights"<br />\nQuantity:     1<br />\nUnit Price:   20.00<br />\nTotal:        20.00<br />\nTransaction ID: 32H80257MK950292N<br />\nBest Regards,<br />\r\nSocial Network Administration'),
(73, 1, 0, 'groupbuy_buydealseller', '2011-08-08 15:16:40', 'test1@local.younetco.com', 'YouNet Group Buy Team', 'Your deal has been bought!', 'namnv@younetco.com', 'Nam Nguyen', 'Hello Nam Nguyen,\n\nYour deal "Moonrise Hotel  St. Louis, Missouri" has just been bought by customer with below information:\n\nName: Joe Beer\nEmail Address: francis@ski-ride.com\n\nLink of Deal: http:///products/se4/groupbuy/modules/Groupbuy/externals/scripts/callback.php/group-buy/detail/deal/3	\nName of Deal: "Moonrise Hotel  St. Louis, Missouri"\nQuantity:     \nUnit Price:   200.00\nTotal:        0.00\nTransaction ID: \nBest Regards,\r\nSocial Network Administration', 'Hello Nam Nguyen,<br />\n<br />\nYour deal "Moonrise Hotel  St. Louis, Missouri" has just been bought by customer with below information:<br />\n<br />\nName: Joe Beer<br />\nEmail Address: francis@ski-ride.com<br />\n<br />\nLink of Deal: http:///products/se4/groupbuy/modules/Groupbuy/externals/scripts/callback.php/group-buy/detail/deal/3	<br />\nName of Deal: "Moonrise Hotel  St. Louis, Missouri"<br />\nQuantity:     <br />\nUnit Price:   200.00<br />\nTotal:        0.00<br />\nTransaction ID: <br />\nBest Regards,<br />\r\nSocial Network Administration'),
(74, 1, 0, 'groupbuy_buydealbuyer', '2011-08-08 15:16:40', 'test1@local.younetco.com', 'YouNet Group Buy Team', 'You have just bought a deal!', 'admin@younetco.com', 'admin', 'Hello admin,\n\nYou have just bought a deal with below information:\n\nLink of Deal: http:///products/se4/groupbuy/modules/Groupbuy/externals/scripts/callback.php/group-buy/detail/deal/6	\nName of Deal: "Palomo Archery  Palomo Archery"\nQuantity:     1\nUnit Price:   30.00\nTotal:        30.00\nTransaction ID: 03863604LH799293S\nCompany Name: Palomo Archery\nEmail Address: thikien@gmail.com\nAddress: 843a Cong Hoa F11 Tan Binh\n\n\nYour information:\n\nName: admin\nEmail Address: admin@younetco.com\n\nBest Regards,\r\nSocial Network Administration', 'Hello admin,<br />\n<br />\nYou have just bought a deal with below information:<br />\n<br />\nLink of Deal: http:///products/se4/groupbuy/modules/Groupbuy/externals/scripts/callback.php/group-buy/detail/deal/6	<br />\nName of Deal: "Palomo Archery  Palomo Archery"<br />\nQuantity:     1<br />\nUnit Price:   30.00<br />\nTotal:        30.00<br />\nTransaction ID: 03863604LH799293S<br />\nCompany Name: Palomo Archery<br />\nEmail Address: thikien@gmail.com<br />\nAddress: 843a Cong Hoa F11 Tan Binh<br />\n<br />\n<br />\nYour information:<br />\n<br />\nName: admin<br />\nEmail Address: admin@younetco.com<br />\n<br />\nBest Regards,<br />\r\nSocial Network Administration'),
(75, 1, 0, 'groupbuy_buydealseller', '2011-08-08 15:16:40', 'test1@local.younetco.com', 'YouNet Group Buy Team', 'Your deal has been bought!', 'thikien@gmail.com', 'kien lam 1', 'Hello kien lam 1,\n\nYour deal "Palomo Archery  Palomo Archery" has just been bought by customer with below information:\n\nName: admin\nEmail Address: admin@younetco.com\n\nLink of Deal: http:///products/se4/groupbuy/modules/Groupbuy/externals/scripts/callback.php/group-buy/detail/deal/6	\nName of Deal: "Palomo Archery  Palomo Archery"\nQuantity:     1\nUnit Price:   30.00\nTotal:        30.00\nTransaction ID: 03863604LH799293S\nBest Regards,\r\nSocial Network Administration', 'Hello kien lam 1,<br />\n<br />\nYour deal "Palomo Archery  Palomo Archery" has just been bought by customer with below information:<br />\n<br />\nName: admin<br />\nEmail Address: admin@younetco.com<br />\n<br />\nLink of Deal: http:///products/se4/groupbuy/modules/Groupbuy/externals/scripts/callback.php/group-buy/detail/deal/6	<br />\nName of Deal: "Palomo Archery  Palomo Archery"<br />\nQuantity:     1<br />\nUnit Price:   30.00<br />\nTotal:        30.00<br />\nTransaction ID: 03863604LH799293S<br />\nBest Regards,<br />\r\nSocial Network Administration'),
(76, 1, 0, 'groupbuy_codseller', '2011-08-08 15:44:54', 'test1@local.younetco.com', 'YouNet Group Buy Team', 'Your deal has been bought!', 'thikien@gmail.com', 'kien lam 1', 'Hello kien lam 1,\n\nYour deal "Moonrise Hotel  St. Louis, Missouri" has just been bought by customer with below information:\n\nName: 222\nEmail Address: minhnc@younetco.com\nAddress: 483A Ta quang buu\nPhone: 2321321 \nExtra Information: sdsss\nLink of Deal: http:///products/se4/groupbuy/group-buy/detail/deal/3	\nName of Deal: "Moonrise Hotel  St. Louis, Missouri"\nQuantity:     1\nUnit Price:   200.00\nTotal:        200.00\n\n\nBest Regards,\r\nSocial Network Administration', 'Hello kien lam 1,<br />\n<br />\nYour deal "Moonrise Hotel  St. Louis, Missouri" has just been bought by customer with below information:<br />\n<br />\nName: 222<br />\nEmail Address: minhnc@younetco.com<br />\nAddress: 483A Ta quang buu<br />\nPhone: 2321321 <br />\nExtra Information: sdsss<br />\nLink of Deal: http:///products/se4/groupbuy/group-buy/detail/deal/3	<br />\nName of Deal: "Moonrise Hotel  St. Louis, Missouri"<br />\nQuantity:     1<br />\nUnit Price:   200.00<br />\nTotal:        200.00<br />\n<br />\n<br />\nBest Regards,<br />\r\nSocial Network Administration'),
(77, 1, 0, 'groupbuy_codbuy', '2011-08-08 15:44:54', 'test1@local.younetco.com', 'YouNet Group Buy Team', 'You have just bought a deal!', 'minhnc@younetco.com', 'Minh Nguyen', 'Hello Minh Nguyen,\n\nYou have just bought a deal with below information:\n\nLink of Deal: http:///products/se4/groupbuy/group-buy/detail/deal/3	\nName of Deal: "Moonrise Hotel  St. Louis, Missouri"\nQuantity:     1\nUnit Price:   200.00\nTotal:        200.00\nCompany Name: Moonrise Hotel\nEmail Address: thikien@gmail.com\nAddress: St. Louis, Missouri  6177 Delmar Blvd. St. Louis, Missouri 63112 \n\nYour information:\n\nName: 222\nEmail Address: minhnc@younetco.com\nAddress: 483A Ta quang buu\nPhone: 2321321 \nExtra Information: sdsss\n\nBest Regards,\r\nSocial Network Administration', 'Hello Minh Nguyen,<br />\n<br />\nYou have just bought a deal with below information:<br />\n<br />\nLink of Deal: http:///products/se4/groupbuy/group-buy/detail/deal/3	<br />\nName of Deal: "Moonrise Hotel  St. Louis, Missouri"<br />\nQuantity:     1<br />\nUnit Price:   200.00<br />\nTotal:        200.00<br />\nCompany Name: Moonrise Hotel<br />\nEmail Address: thikien@gmail.com<br />\nAddress: St. Louis, Missouri  6177 Delmar Blvd. St. Louis, Missouri 63112 <br />\n<br />\nYour information:<br />\n<br />\nName: 222<br />\nEmail Address: minhnc@younetco.com<br />\nAddress: 483A Ta quang buu<br />\nPhone: 2321321 <br />\nExtra Information: sdsss<br />\n<br />\nBest Regards,<br />\r\nSocial Network Administration'),
(78, 1, 0, 'groupbuy_codseller', '2011-08-09 04:52:48', 'test1@local.younetco.com', 'YouNet Group Buy Team', 'Your deal has been bought!', 'thikien@gmail.com', 'kien lam 1', 'Hello kien lam 1,\n\nYour deal "Newfoundland Paintball Supply  Multiple Locations" has just been bought by customer with below information:\n\nName: kieuanh\nEmail Address: kieuanhdang89@gmail.com\nAddress: 123abc\nPhone: 0123456789 \nExtra Information: \nLink of Deal: http:///products/se4/groupbuy/group-buy/detail/deal/1	\nName of Deal: "Newfoundland Paintball Supply  Multiple Locations"\nQuantity:     1\nUnit Price:   20.00\nTotal:        20.00\n\n\nBest Regards,\r\nSocial Network Administration', 'Hello kien lam 1,<br />\n<br />\nYour deal "Newfoundland Paintball Supply  Multiple Locations" has just been bought by customer with below information:<br />\n<br />\nName: kieuanh<br />\nEmail Address: kieuanhdang89@gmail.com<br />\nAddress: 123abc<br />\nPhone: 0123456789 <br />\nExtra Information: <br />\nLink of Deal: http:///products/se4/groupbuy/group-buy/detail/deal/1	<br />\nName of Deal: "Newfoundland Paintball Supply  Multiple Locations"<br />\nQuantity:     1<br />\nUnit Price:   20.00<br />\nTotal:        20.00<br />\n<br />\n<br />\nBest Regards,<br />\r\nSocial Network Administration'),
(79, 1, 0, 'groupbuy_codbuy', '2011-08-09 04:52:48', 'test1@local.younetco.com', 'YouNet Group Buy Team', 'You have just bought a deal!', 'kieuanhdang89@gmail.com', 'kieuanh dang', 'Hello kieuanh dang,\n\nYou have just bought a deal with below information:\n\nLink of Deal: http:///products/se4/groupbuy/group-buy/detail/deal/1	\nName of Deal: "Newfoundland Paintball Supply  Multiple Locations"\nQuantity:     1\nUnit Price:   20.00\nTotal:        20.00\nCompany Name: Newfoundland Paintball Supply \nEmail Address: thikien@gmail.com\nAddress: 799 Water St. St. John''s, Newfoundland A1C 1E3 \n\nYour information:\n\nName: kieuanh\nEmail Address: kieuanhdang89@gmail.com\nAddress: 123abc\nPhone: 0123456789 \nExtra Information: \n\nBest Regards,\r\nSocial Network Administration', 'Hello kieuanh dang,<br />\n<br />\nYou have just bought a deal with below information:<br />\n<br />\nLink of Deal: http:///products/se4/groupbuy/group-buy/detail/deal/1	<br />\nName of Deal: "Newfoundland Paintball Supply  Multiple Locations"<br />\nQuantity:     1<br />\nUnit Price:   20.00<br />\nTotal:        20.00<br />\nCompany Name: Newfoundland Paintball Supply <br />\nEmail Address: thikien@gmail.com<br />\nAddress: 799 Water St. St. John''s, Newfoundland A1C 1E3 <br />\n<br />\nYour information:<br />\n<br />\nName: kieuanh<br />\nEmail Address: kieuanhdang89@gmail.com<br />\nAddress: 123abc<br />\nPhone: 0123456789 <br />\nExtra Information: <br />\n<br />\nBest Regards,<br />\r\nSocial Network Administration'),
(80, 1, 0, 'groupbuy_buydealseller', '2011-08-09 04:56:52', 'test1@local.younetco.com', 'YouNet Group Buy Team', 'Your deal has been bought!', 'namnv@younetco.com', 'Nam Nguyen', 'Hello Nam Nguyen,\n\nYour deal "Moonrise Hotel  St. Louis, Missouri" has just been bought by customer with below information:\n\nName: Joe Beer\nEmail Address: francis@ski-ride.com\n\nLink of Deal: http:///products/se4/groupbuy/modules/Groupbuy/externals/scripts/callback.php/group-buy/detail/deal/3	\nName of Deal: "Moonrise Hotel  St. Louis, Missouri"\nQuantity:     \nUnit Price:   200.00\nTotal:        0.00\nTransaction ID: \nBest Regards,\r\nSocial Network Administration', 'Hello Nam Nguyen,<br />\n<br />\nYour deal "Moonrise Hotel  St. Louis, Missouri" has just been bought by customer with below information:<br />\n<br />\nName: Joe Beer<br />\nEmail Address: francis@ski-ride.com<br />\n<br />\nLink of Deal: http:///products/se4/groupbuy/modules/Groupbuy/externals/scripts/callback.php/group-buy/detail/deal/3	<br />\nName of Deal: "Moonrise Hotel  St. Louis, Missouri"<br />\nQuantity:     <br />\nUnit Price:   200.00<br />\nTotal:        0.00<br />\nTransaction ID: <br />\nBest Regards,<br />\r\nSocial Network Administration'),
(81, 1, 0, 'groupbuy_buydealbuyer', '2011-08-09 04:56:53', 'test1@local.younetco.com', 'YouNet Group Buy Team', 'You have just bought a deal!', 'kieuanhdang89@gmail.com', 'kieuanh dang', 'Hello kieuanh dang,\n\nYou have just bought a deal with below information:\n\nLink of Deal: http:///products/se4/groupbuy/modules/Groupbuy/externals/scripts/callback.php/group-buy/detail/deal/9	\nName of Deal: "START Fitness  Pacific Heights"\nQuantity:     1\nUnit Price:   20.00\nTotal:        20.00\nTransaction ID: 67395140P31450900\nCompany Name: START Fitness\nEmail Address: thikien@gmail.com\nAddress: 799 Water St. St. John''s, Newfoundland A1C 1E3\n\n\nYour information:\n\nName: kieuanh dang\nEmail Address: kieuanhdang89@gmail.com\n\nBest Regards,\r\nSocial Network Administration', 'Hello kieuanh dang,<br />\n<br />\nYou have just bought a deal with below information:<br />\n<br />\nLink of Deal: http:///products/se4/groupbuy/modules/Groupbuy/externals/scripts/callback.php/group-buy/detail/deal/9	<br />\nName of Deal: "START Fitness  Pacific Heights"<br />\nQuantity:     1<br />\nUnit Price:   20.00<br />\nTotal:        20.00<br />\nTransaction ID: 67395140P31450900<br />\nCompany Name: START Fitness<br />\nEmail Address: thikien@gmail.com<br />\nAddress: 799 Water St. St. John''s, Newfoundland A1C 1E3<br />\n<br />\n<br />\nYour information:<br />\n<br />\nName: kieuanh dang<br />\nEmail Address: kieuanhdang89@gmail.com<br />\n<br />\nBest Regards,<br />\r\nSocial Network Administration'),
(82, 1, 0, 'groupbuy_buydealseller', '2011-08-09 04:56:53', 'test1@local.younetco.com', 'YouNet Group Buy Team', 'Your deal has been bought!', 'thikien@gmail.com', 'kien lam 1', 'Hello kien lam 1,\n\nYour deal "START Fitness  Pacific Heights" has just been bought by customer with below information:\n\nName: kieuanh dang\nEmail Address: kieuanhdang89@gmail.com\n\nLink of Deal: http:///products/se4/groupbuy/modules/Groupbuy/externals/scripts/callback.php/group-buy/detail/deal/9	\nName of Deal: "START Fitness  Pacific Heights"\nQuantity:     1\nUnit Price:   20.00\nTotal:        20.00\nTransaction ID: 67395140P31450900\nBest Regards,\r\nSocial Network Administration', 'Hello kien lam 1,<br />\n<br />\nYour deal "START Fitness  Pacific Heights" has just been bought by customer with below information:<br />\n<br />\nName: kieuanh dang<br />\nEmail Address: kieuanhdang89@gmail.com<br />\n<br />\nLink of Deal: http:///products/se4/groupbuy/modules/Groupbuy/externals/scripts/callback.php/group-buy/detail/deal/9	<br />\nName of Deal: "START Fitness  Pacific Heights"<br />\nQuantity:     1<br />\nUnit Price:   20.00<br />\nTotal:        20.00<br />\nTransaction ID: 67395140P31450900<br />\nBest Regards,<br />\r\nSocial Network Administration'),
(83, 1, 0, 'groupbuy_buydealseller', '2011-08-08 18:22:27', 'test1@local.younetco.com', 'YouNet Group Buy Team', 'Your deal has been bought!', 'namnv@younetco.com', 'Nam Nguyen', 'Hello Nam Nguyen,\n\nYour deal "Moonrise Hotel  St. Louis, Missouri" has just been bought by customer with below information:\n\nName: Joe Beer\nEmail Address: francis@ski-ride.com\n\nLink of Deal: http:///products/se4/groupbuy/modules/Groupbuy/externals/scripts/callback.php/group-buy/detail/deal/3	\nName of Deal: "Moonrise Hotel  St. Louis, Missouri"\nQuantity:     \nUnit Price:   200.00\nTotal:        0.00\nTransaction ID: \nBest Regards,\r\nSocial Network Administration', 'Hello Nam Nguyen,<br />\n<br />\nYour deal "Moonrise Hotel  St. Louis, Missouri" has just been bought by customer with below information:<br />\n<br />\nName: Joe Beer<br />\nEmail Address: francis@ski-ride.com<br />\n<br />\nLink of Deal: http:///products/se4/groupbuy/modules/Groupbuy/externals/scripts/callback.php/group-buy/detail/deal/3	<br />\nName of Deal: "Moonrise Hotel  St. Louis, Missouri"<br />\nQuantity:     <br />\nUnit Price:   200.00<br />\nTotal:        0.00<br />\nTransaction ID: <br />\nBest Regards,<br />\r\nSocial Network Administration'),
(84, 1, 0, 'groupbuy_buydealseller', '2011-08-08 18:51:55', 'test1@local.younetco.com', 'YouNet Group Buy Team', 'Your deal has been bought!', 'namnv@younetco.com', 'Nam Nguyen', 'Hello Nam Nguyen,\n\nYour deal "Moonrise Hotel  St. Louis, Missouri" has just been bought by customer with below information:\n\nName: Joe Beer\nEmail Address: francis@ski-ride.com\n\nLink of Deal: http:///products/se4/groupbuy/modules/Groupbuy/externals/scripts/callback.php/group-buy/detail/deal/3	\nName of Deal: "Moonrise Hotel  St. Louis, Missouri"\nQuantity:     \nUnit Price:   200.00\nTotal:        0.00\nTransaction ID: \nBest Regards,\r\nSocial Network Administration', 'Hello Nam Nguyen,<br />\n<br />\nYour deal "Moonrise Hotel  St. Louis, Missouri" has just been bought by customer with below information:<br />\n<br />\nName: Joe Beer<br />\nEmail Address: francis@ski-ride.com<br />\n<br />\nLink of Deal: http:///products/se4/groupbuy/modules/Groupbuy/externals/scripts/callback.php/group-buy/detail/deal/3	<br />\nName of Deal: "Moonrise Hotel  St. Louis, Missouri"<br />\nQuantity:     <br />\nUnit Price:   200.00<br />\nTotal:        0.00<br />\nTransaction ID: <br />\nBest Regards,<br />\r\nSocial Network Administration'),
(85, 1, 0, 'groupbuy_buydealbuyer', '2011-08-08 18:51:55', 'test1@local.younetco.com', 'YouNet Group Buy Team', 'You have just bought a deal!', 'thikien@gmail.com', 'kien lam 1', 'Hello kien lam 1,\n\nYou have just bought a deal with below information:\n\nLink of Deal: http:///products/se4/groupbuy/modules/Groupbuy/externals/scripts/callback.php/group-buy/detail/deal/3	\nName of Deal: "Moonrise Hotel  St. Louis, Missouri"\nQuantity:     1\nUnit Price:   200.00\nTotal:        200.00\nTransaction ID: 8RA32497AB7774011\nCompany Name: Moonrise Hotel\nEmail Address: thikien@gmail.com\nAddress: St. Louis, Missouri  6177 Delmar Blvd. St. Louis, Missouri 63112 \n\n\nYour information:\n\nName: kien lam 1\nEmail Address: thikien@gmail.com\n\nBest Regards,\r\nSocial Network Administration', 'Hello kien lam 1,<br />\n<br />\nYou have just bought a deal with below information:<br />\n<br />\nLink of Deal: http:///products/se4/groupbuy/modules/Groupbuy/externals/scripts/callback.php/group-buy/detail/deal/3	<br />\nName of Deal: "Moonrise Hotel  St. Louis, Missouri"<br />\nQuantity:     1<br />\nUnit Price:   200.00<br />\nTotal:        200.00<br />\nTransaction ID: 8RA32497AB7774011<br />\nCompany Name: Moonrise Hotel<br />\nEmail Address: thikien@gmail.com<br />\nAddress: St. Louis, Missouri  6177 Delmar Blvd. St. Louis, Missouri 63112 <br />\n<br />\n<br />\nYour information:<br />\n<br />\nName: kien lam 1<br />\nEmail Address: thikien@gmail.com<br />\n<br />\nBest Regards,<br />\r\nSocial Network Administration'),
(86, 1, 0, 'groupbuy_buydealseller', '2011-08-08 18:51:55', 'test1@local.younetco.com', 'YouNet Group Buy Team', 'Your deal has been bought!', 'thikien@gmail.com', 'kien lam 1', 'Hello kien lam 1,\n\nYour deal "Moonrise Hotel  St. Louis, Missouri" has just been bought by customer with below information:\n\nName: kien lam 1\nEmail Address: thikien@gmail.com\n\nLink of Deal: http:///products/se4/groupbuy/modules/Groupbuy/externals/scripts/callback.php/group-buy/detail/deal/3	\nName of Deal: "Moonrise Hotel  St. Louis, Missouri"\nQuantity:     1\nUnit Price:   200.00\nTotal:        200.00\nTransaction ID: 8RA32497AB7774011\nBest Regards,\r\nSocial Network Administration', 'Hello kien lam 1,<br />\n<br />\nYour deal "Moonrise Hotel  St. Louis, Missouri" has just been bought by customer with below information:<br />\n<br />\nName: kien lam 1<br />\nEmail Address: thikien@gmail.com<br />\n<br />\nLink of Deal: http:///products/se4/groupbuy/modules/Groupbuy/externals/scripts/callback.php/group-buy/detail/deal/3	<br />\nName of Deal: "Moonrise Hotel  St. Louis, Missouri"<br />\nQuantity:     1<br />\nUnit Price:   200.00<br />\nTotal:        200.00<br />\nTransaction ID: 8RA32497AB7774011<br />\nBest Regards,<br />\r\nSocial Network Administration'),
(87, 1, 0, 'groupbuy_buydealseller', '2011-08-08 18:55:59', 'test1@local.younetco.com', 'YouNet Group Buy Team', 'Your deal has been bought!', 'namnv@younetco.com', 'Nam Nguyen', 'Hello Nam Nguyen,\n\nYour deal "Moonrise Hotel  St. Louis, Missouri" has just been bought by customer with below information:\n\nName: Joe Beer\nEmail Address: francis@ski-ride.com\n\nLink of Deal: http:///products/se4/groupbuy/modules/Groupbuy/externals/scripts/callback.php/group-buy/detail/deal/3	\nName of Deal: "Moonrise Hotel  St. Louis, Missouri"\nQuantity:     \nUnit Price:   200.00\nTotal:        0.00\nTransaction ID: \nBest Regards,\r\nSocial Network Administration', 'Hello Nam Nguyen,<br />\n<br />\nYour deal "Moonrise Hotel  St. Louis, Missouri" has just been bought by customer with below information:<br />\n<br />\nName: Joe Beer<br />\nEmail Address: francis@ski-ride.com<br />\n<br />\nLink of Deal: http:///products/se4/groupbuy/modules/Groupbuy/externals/scripts/callback.php/group-buy/detail/deal/3	<br />\nName of Deal: "Moonrise Hotel  St. Louis, Missouri"<br />\nQuantity:     <br />\nUnit Price:   200.00<br />\nTotal:        0.00<br />\nTransaction ID: <br />\nBest Regards,<br />\r\nSocial Network Administration'),
(88, 1, 0, 'groupbuy_buydealseller', '2011-08-08 18:57:34', 'test1@local.younetco.com', 'YouNet Group Buy Team', 'Your deal has been bought!', 'namnv@younetco.com', 'Nam Nguyen', 'Hello Nam Nguyen,\n\nYour deal "Moonrise Hotel  St. Louis, Missouri" has just been bought by customer with below information:\n\nName: Joe Beer\nEmail Address: francis@ski-ride.com\n\nLink of Deal: http:///products/se4/groupbuy/modules/Groupbuy/externals/scripts/callback.php/group-buy/detail/deal/3	\nName of Deal: "Moonrise Hotel  St. Louis, Missouri"\nQuantity:     \nUnit Price:   200.00\nTotal:        0.00\nTransaction ID: \nBest Regards,\r\nSocial Network Administration', 'Hello Nam Nguyen,<br />\n<br />\nYour deal "Moonrise Hotel  St. Louis, Missouri" has just been bought by customer with below information:<br />\n<br />\nName: Joe Beer<br />\nEmail Address: francis@ski-ride.com<br />\n<br />\nLink of Deal: http:///products/se4/groupbuy/modules/Groupbuy/externals/scripts/callback.php/group-buy/detail/deal/3	<br />\nName of Deal: "Moonrise Hotel  St. Louis, Missouri"<br />\nQuantity:     <br />\nUnit Price:   200.00<br />\nTotal:        0.00<br />\nTransaction ID: <br />\nBest Regards,<br />\r\nSocial Network Administration'),
(89, 1, 0, 'groupbuy_buydealbuyer', '2011-08-08 18:57:34', 'test1@local.younetco.com', 'YouNet Group Buy Team', 'You have just bought a deal!', 'kieuanhdang89@gmail.com', 'kieuanh dang', 'Hello kieuanh dang,\n\nYou have just bought a deal with below information:\n\nLink of Deal: http:///products/se4/groupbuy/modules/Groupbuy/externals/scripts/callback.php/group-buy/detail/deal/2	\nName of Deal: "Dooly''s  West End"\nQuantity:     1\nUnit Price:   21.00\nTotal:        21.00\nTransaction ID: 76A68028YG677215D\nCompany Name: Dooly''s \nEmail Address: thikien@gmail.com\nAddress: 799 Water St. St. John''s, Newfoundland A1C 1E3\n\n\nYour information:\n\nName: kieuanh dang\nEmail Address: kieuanhdang89@gmail.com\n\nBest Regards,\r\nSocial Network Administration', 'Hello kieuanh dang,<br />\n<br />\nYou have just bought a deal with below information:<br />\n<br />\nLink of Deal: http:///products/se4/groupbuy/modules/Groupbuy/externals/scripts/callback.php/group-buy/detail/deal/2	<br />\nName of Deal: "Dooly''s  West End"<br />\nQuantity:     1<br />\nUnit Price:   21.00<br />\nTotal:        21.00<br />\nTransaction ID: 76A68028YG677215D<br />\nCompany Name: Dooly''s <br />\nEmail Address: thikien@gmail.com<br />\nAddress: 799 Water St. St. John''s, Newfoundland A1C 1E3<br />\n<br />\n<br />\nYour information:<br />\n<br />\nName: kieuanh dang<br />\nEmail Address: kieuanhdang89@gmail.com<br />\n<br />\nBest Regards,<br />\r\nSocial Network Administration'),
(90, 1, 0, 'groupbuy_buydealseller', '2011-08-08 18:57:34', 'test1@local.younetco.com', 'YouNet Group Buy Team', 'Your deal has been bought!', 'thikien@gmail.com', 'kien lam 1', 'Hello kien lam 1,\n\nYour deal "Dooly''s  West End" has just been bought by customer with below information:\n\nName: kieuanh dang\nEmail Address: kieuanhdang89@gmail.com\n\nLink of Deal: http:///products/se4/groupbuy/modules/Groupbuy/externals/scripts/callback.php/group-buy/detail/deal/2	\nName of Deal: "Dooly''s  West End"\nQuantity:     1\nUnit Price:   21.00\nTotal:        21.00\nTransaction ID: 76A68028YG677215D\nBest Regards,\r\nSocial Network Administration', 'Hello kien lam 1,<br />\n<br />\nYour deal "Dooly''s  West End" has just been bought by customer with below information:<br />\n<br />\nName: kieuanh dang<br />\nEmail Address: kieuanhdang89@gmail.com<br />\n<br />\nLink of Deal: http:///products/se4/groupbuy/modules/Groupbuy/externals/scripts/callback.php/group-buy/detail/deal/2	<br />\nName of Deal: "Dooly''s  West End"<br />\nQuantity:     1<br />\nUnit Price:   21.00<br />\nTotal:        21.00<br />\nTransaction ID: 76A68028YG677215D<br />\nBest Regards,<br />\r\nSocial Network Administration');

-- --------------------------------------------------------

--
-- Table structure for table `engine4_groupbuy_gateways`
--

CREATE TABLE IF NOT EXISTS `engine4_groupbuy_gateways` (
  `gateway_id` int(11) NOT NULL auto_increment,
  `gateway_name` varchar(70) NOT NULL,
  `admin_account` varchar(255) default NULL,
  `is_active` int(11) NOT NULL default '0',
  `params` text NOT NULL,
  PRIMARY KEY  (`gateway_id`),
  KEY `gateway_name` (`gateway_name`)
) ENGINE=InnoDB  DEFAULT CHARSET=latin1 AUTO_INCREMENT=2 ;

--
-- Dumping data for table `engine4_groupbuy_gateways`
--

INSERT INTO `engine4_groupbuy_gateways` (`gateway_id`, `gateway_name`, `admin_account`, `is_active`, `params`) VALUES
(1, 'paypal', 'store1_1300518495_biz@gmail.com', 1, 'a:2:{s:13:"admin_account";s:31:"store1_1300518495_biz@gmail.com";s:9:"is_active";i:1;}');

-- --------------------------------------------------------

--
-- Table structure for table `engine4_groupbuy_locations`
--

CREATE TABLE IF NOT EXISTS `engine4_groupbuy_locations` (
  `location_id` int(11) unsigned NOT NULL auto_increment,
  `user_id` int(11) unsigned NOT NULL,
  `parent_id` int(11) default NULL,
  `pleft` int(11) NOT NULL,
  `pright` int(11) NOT NULL,
  `level` int(11) NOT NULL default '0',
  `title` varchar(64) NOT NULL,
  PRIMARY KEY  (`location_id`),
  KEY `user_id` (`user_id`),
  KEY `parent_id` (`parent_id`),
  KEY `pleft` (`pleft`),
  KEY `pright` (`pright`),
  KEY `level` (`level`)
) ENGINE=InnoDB  DEFAULT CHARSET=latin1 AUTO_INCREMENT=7 ;

--
-- Dumping data for table `engine4_groupbuy_locations`
--

INSERT INTO `engine4_groupbuy_locations` (`location_id`, `user_id`, `parent_id`, `pleft`, `pright`, `level`, `title`) VALUES
(1, 0, NULL, 1, 12, 0, 'All Locations'),
(2, 1, 1, 6, 7, 1, 'Ho Chi Minh'),
(3, 1, 1, 2, 3, 1, 'Da Nang'),
(4, 1, 1, 4, 5, 1, 'Ha Noi'),
(5, 1, 1, 8, 11, 1, 'USA'),
(6, 1, 5, 9, 10, 2, 'St. John''s');

-- --------------------------------------------------------

--
-- Table structure for table `engine4_groupbuy_mailtemplates`
--

CREATE TABLE IF NOT EXISTS `engine4_groupbuy_mailtemplates` (
  `mailtemplate_id` int(11) unsigned NOT NULL auto_increment,
  `type` varchar(255) NOT NULL,
  `vars` varchar(255) NOT NULL,
  PRIMARY KEY  (`mailtemplate_id`),
  UNIQUE KEY `type` (`type`)
) ENGINE=InnoDB  DEFAULT CHARSET=latin1 AUTO_INCREMENT=28 ;

--
-- Dumping data for table `engine4_groupbuy_mailtemplates`
--

INSERT INTO `engine4_groupbuy_mailtemplates` (`mailtemplate_id`, `type`, `vars`) VALUES
(2, 'groupbuy_header', ''),
(3, 'groupbuy_footer', ''),
(4, 'groupbuy_headermember', ''),
(5, 'groupbuy_footermember', ''),
(9, 'groupbuy_dealday', ''),
(10, 'groupbuy_dealsubscribed', '[website_name],[website_link],[verify_link],[verify_code]'),
(14, 'groupbuy_approvedeal', ''),
(15, 'groupbuy_codseller', ''),
(17, 'groupbuy_deletebuyToBuyer', ''),
(18, 'groupbuy_deletebuyToSeller', ''),
(20, 'groupbuy_codbuy', ''),
(21, 'groupbuy_buyerdealdel', ''),
(22, 'groupbuy_sellerdealdel', ''),
(23, 'groupbuy_buyerdealclosed', ''),
(24, 'groupbuy_sellerdealclosed', ''),
(25, 'groupbuy_dealrunning', ''),
(26, 'groupbuy_buydealbuyer', ''),
(27, 'groupbuy_buydealseller', '');

-- --------------------------------------------------------

--
-- Table structure for table `engine4_groupbuy_params`
--

CREATE TABLE IF NOT EXISTS `engine4_groupbuy_params` (
  `param_id` int(11) NOT NULL default '1',
  `featured` int(11) NOT NULL default '0',
  `location` int(11) NOT NULL default '0',
  `search` varchar(256) default NULL,
  `orderby` varchar(50) NOT NULL,
  `status` int(11) default NULL,
  `category` int(11) default NULL,
  `start_time` datetime default NULL,
  `end_time` datetime default NULL,
  `page` int(11) default NULL,
  PRIMARY KEY  (`param_id`)
) ENGINE=InnoDB DEFAULT CHARSET=latin1;

--
-- Dumping data for table `engine4_groupbuy_params`
--

INSERT INTO `engine4_groupbuy_params` (`param_id`, `featured`, `location`, `search`, `orderby`, `status`, `category`, `start_time`, `end_time`, `page`) VALUES
(1, 13, 0, '', 'featured', 0, 0, '2011-08-03 16:34:32', '2011-08-03 16:34:30', 0);

-- --------------------------------------------------------

--
-- Table structure for table `engine4_groupbuy_payment_accounts`
--

CREATE TABLE IF NOT EXISTS `engine4_groupbuy_payment_accounts` (
  `paymentaccount_id` int(11) NOT NULL auto_increment,
  `user_id` int(11) unsigned NOT NULL,
  `account_username` varchar(64) NOT NULL,
  `payment_type` int(11) NOT NULL,
  `account_status` int(11) NOT NULL default '1',
  `last_check_out` bigint(11) default NULL,
  `total_amount` decimal(11,2) default NULL,
  PRIMARY KEY  (`paymentaccount_id`),
  KEY `FK_engine4_groupbuy_payment_accounts_engine4_users` (`user_id`)
) ENGINE=InnoDB  DEFAULT CHARSET=latin1 COMMENT='Store account payment.' AUTO_INCREMENT=14 ;

--
-- Dumping data for table `engine4_groupbuy_payment_accounts`
--

INSERT INTO `engine4_groupbuy_payment_accounts` (`paymentaccount_id`, `user_id`, `account_username`, `payment_type`, `account_status`, `last_check_out`, `total_amount`) VALUES
(1, 1, 'store1_1300518495_biz@gmail.com', 1, 1, NULL, NULL),
(2, 55, 'nam.ng_1311565252_per@gmail.com', 2, 1, NULL, '0.00'),
(3, 54, 'thikien@gmail.com', 2, 1, NULL, '998.00'),
(4, 59, 'thikien@gmail.com', 2, 1, NULL, '20.00'),
(5, 60, 'xukalu_1311585896_biz@gmail.com', 2, 1, NULL, '0.00'),
(6, 61, 'nhocconan@gmail.com', 2, 1, NULL, '0.00'),
(7, 62, 'baolut_1312357474_per@yahoo.com', 2, 1, NULL, '0.00'),
(8, 1, 'abc@umbo.com', 2, 1, NULL, '0.00'),
(9, 63, 'sachin.bagpey11@yahoo.in', 2, 1, NULL, '0.00'),
(10, 67, 'djxpire76@gmail.com', 2, 1, NULL, '0.00'),
(11, 68, 'rafrikrahman77@gmail.com', 2, 1, NULL, '0.00'),
(12, 39, 'xukalu_1309257181_biz@gmail.com', 2, 1, NULL, '0.00'),
(13, 48, 'xukalu_1309257181_biz@gmail.com', 2, 1, NULL, '0.00');

-- --------------------------------------------------------

--
-- Table structure for table `engine4_groupbuy_payment_requests`
--

CREATE TABLE IF NOT EXISTS `engine4_groupbuy_payment_requests` (
  `paymentrequest_id` int(11) NOT NULL auto_increment,
  `dealbuy_id` int(11) unsigned default NULL,
  `request_user_id` int(11) unsigned NOT NULL,
  `request_payment_acount_id` int(11) NOT NULL,
  `request_amount` decimal(11,2) NOT NULL,
  `request_status` int(11) NOT NULL default '0',
  `request_type` tinyint(1) NOT NULL default '1',
  `request_date` datetime NOT NULL,
  `request_reason` text character set utf8 collate utf8_unicode_ci,
  `request_answer` text character set utf8 collate utf8_unicode_ci,
  PRIMARY KEY  (`paymentrequest_id`),
  KEY `FK_engine4_groupbuy_payment_requests_engine4_groupbuy_buy_deals` (`dealbuy_id`),
  KEY `FK_engine4_groupbuy_payment_requests_engine4_users` (`request_user_id`),
  KEY `FK_engine4_groupbuy_payment_requests_engine4_accounts` (`request_payment_acount_id`)
) ENGINE=InnoDB  DEFAULT CHARSET=latin1 COMMENT='engine4_groupbuy_payment_request' AUTO_INCREMENT=15 ;

--
-- Dumping data for table `engine4_groupbuy_payment_requests`
--

INSERT INTO `engine4_groupbuy_payment_requests` (`paymentrequest_id`, `dealbuy_id`, `request_user_id`, `request_payment_acount_id`, `request_amount`, `request_status`, `request_type`, `request_date`, `request_reason`, `request_answer`) VALUES
(1, 13, 59, 4, '40.00', -1, 2, '2011-08-04 04:37:05', 'Tra tien lai day thang lua dao luu manh', 'Khong dong y'),
(2, 0, 54, 3, '10.00', 0, 1, '2011-08-05 13:42:56', '', NULL),
(3, 2, 54, 3, '20.00', 0, 2, '2011-08-07 18:13:51', 'ko thich mua nua', NULL),
(4, 28, 1, 8, '126.00', -1, 2, '2011-08-07 18:24:59', 'tt', 'I don''t accept your refund because of some reasons...'),
(5, 27, 1, 8, '105.00', -1, 2, '2011-08-07 18:25:38', 'yyytt', 'I don''t accept your refund because of some reasons...'),
(6, 28, 1, 8, '126.00', 0, 2, '2011-08-07 18:36:36', 'fdc', NULL),
(7, 34, 48, 13, '20.00', 1, 2, '2011-08-08 18:19:16', 'nothing', 'I have paid for your refund.'),
(8, 31, 1, 8, '30.00', 0, 2, '2011-08-08 18:20:51', 'jhjhgk', NULL),
(9, 27, 1, 8, '105.00', 0, 2, '2011-08-08 18:26:04', '', NULL),
(10, 34, 54, 3, '200.00', 0, 2, '2011-08-08 18:52:37', '', NULL),
(11, 35, 48, 13, '21.00', -1, 2, '2011-08-08 18:58:32', '123', 'I don''t accept your refund because of some reasons...'),
(12, 0, 54, 3, '45.00', 0, 1, '2011-08-08 19:04:12', 'need', NULL),
(13, 0, 54, 3, '43.00', 0, 1, '2011-08-08 19:05:46', 'my need', NULL),
(14, 0, 54, 3, '100.00', 0, 1, '2011-08-08 19:06:42', '', NULL);

-- --------------------------------------------------------

--
-- Table structure for table `engine4_groupbuy_photos`
--

CREATE TABLE IF NOT EXISTS `engine4_groupbuy_photos` (
  `photo_id` int(11) unsigned NOT NULL auto_increment,
  `deal_id` int(11) unsigned NOT NULL,
  `album_id` int(11) unsigned NOT NULL,
  `user_id` int(11) unsigned NOT NULL,
  `image_title` varchar(128) NOT NULL,
  `image_description` varchar(255) NOT NULL,
  `collection_id` int(11) unsigned NOT NULL,
  `file_id` int(11) unsigned NOT NULL,
  `creation_date` datetime NOT NULL,
  `modified_date` datetime NOT NULL,
  PRIMARY KEY  (`photo_id`),
  KEY `FK_engine4_groupbuy_photos_engine4_groupbuy_deals` (`deal_id`)
) ENGINE=InnoDB  DEFAULT CHARSET=utf8 AUTO_INCREMENT=1117 ;

--
-- Dumping data for table `engine4_groupbuy_photos`
--

INSERT INTO `engine4_groupbuy_photos` (`photo_id`, `deal_id`, `album_id`, `user_id`, `image_title`, `image_description`, `collection_id`, `file_id`, `creation_date`, `modified_date`) VALUES
(1, 1, 1, 54, '', '', 1, 969, '2011-08-03 11:11:11', '2011-08-03 11:11:11'),
(2, 2, 2, 54, '', '', 2, 973, '2011-08-03 11:54:42', '2011-08-03 11:54:42'),
(3, 3, 3, 54, '', '', 3, 978, '2011-08-03 12:07:41', '2011-08-03 12:07:41'),
(4, 4, 4, 59, '', '', 4, 983, '2011-08-03 12:13:19', '2011-08-03 12:13:19'),
(5, 5, 5, 54, '', '', 5, 988, '2011-08-03 12:19:02', '2011-08-03 12:19:02'),
(6, 6, 6, 54, '', '', 6, 997, '2011-08-03 12:41:00', '2011-08-03 12:41:00'),
(1002, 3, 3, 54, '', '', 3, 1002, '2011-08-03 12:49:15', '2011-08-03 12:49:15'),
(1006, 3, 3, 54, '', '', 3, 1006, '2011-08-03 12:49:17', '2011-08-03 12:49:17'),
(1010, 3, 3, 54, '', '', 3, 1010, '2011-08-03 12:49:19', '2011-08-03 12:49:19'),
(1014, 3, 3, 54, '', '', 3, 1014, '2011-08-03 12:49:20', '2011-08-03 12:49:20'),
(1015, 7, 7, 60, '', '', 7, 1018, '2011-08-03 12:52:20', '2011-08-03 12:52:20'),
(1016, 8, 8, 59, '', '', 8, 1027, '2011-08-03 13:02:24', '2011-08-03 13:02:24'),
(1032, 8, 8, 59, '', '', 8, 1032, '2011-08-03 13:03:47', '2011-08-03 13:03:47'),
(1036, 8, 8, 59, '', '', 8, 1036, '2011-08-03 13:03:50', '2011-08-03 13:03:50'),
(1037, 9, 9, 54, '', '', 9, 1040, '2011-08-03 13:35:24', '2011-08-03 13:35:24'),
(1038, 10, 10, 59, '', '', 10, 1045, '2011-08-04 03:42:59', '2011-08-04 03:42:59'),
(1050, 10, 10, 59, '', '', 10, 1050, '2011-08-04 03:47:48', '2011-08-04 03:47:48'),
(1054, 10, 10, 59, '', '', 10, 1054, '2011-08-04 03:47:49', '2011-08-04 03:47:49'),
(1055, 11, 11, 59, '', '', 11, 1058, '2011-08-04 03:55:00', '2011-08-04 03:55:00'),
(1056, 12, 12, 54, '', '', 12, 1063, '2011-08-04 06:59:08', '2011-08-04 06:59:08'),
(1057, 13, 13, 59, '', '', 13, 1068, '2011-08-04 07:57:58', '2011-08-04 07:57:58'),
(1073, 13, 13, 59, '', '', 13, 1073, '2011-08-04 07:59:00', '2011-08-04 07:59:00'),
(1077, 13, 13, 59, '', '', 13, 1077, '2011-08-04 07:59:02', '2011-08-04 07:59:02'),
(1081, 13, 13, 59, '', '', 13, 1081, '2011-08-04 07:59:04', '2011-08-04 07:59:04'),
(1085, 13, 13, 59, '', '', 13, 1085, '2011-08-04 07:59:06', '2011-08-04 07:59:06'),
(1089, 13, 13, 59, '', '', 13, 1089, '2011-08-04 07:59:07', '2011-08-04 07:59:07'),
(1093, 13, 13, 59, '', '', 13, 1093, '2011-08-04 07:59:08', '2011-08-04 07:59:08'),
(1094, 14, 14, 61, '', '', 14, 1101, '2011-08-04 10:07:07', '2011-08-04 10:07:07'),
(1095, 15, 15, 54, '', '', 15, 1106, '2011-08-04 12:10:27', '2011-08-04 12:10:27'),
(1096, 16, 16, 63, '', '', 16, 1111, '2011-08-04 12:34:15', '2011-08-04 12:34:15'),
(1116, 16, 16, 63, '', '', 16, 1116, '2011-08-04 12:34:51', '2011-08-04 12:34:51');

-- --------------------------------------------------------

--
-- Table structure for table `engine4_groupbuy_rates`
--

CREATE TABLE IF NOT EXISTS `engine4_groupbuy_rates` (
  `rate_id` int(11) unsigned NOT NULL auto_increment,
  `deal_id` int(11) unsigned NOT NULL,
  `poster_id` int(11) unsigned NOT NULL,
  `rate_number` int(11) unsigned NOT NULL,
  PRIMARY KEY  (`rate_id`),
  KEY `FK_engine4_groupbuy_rates_engine4_users` (`deal_id`),
  KEY `FK_engine4_groupbuy_rates_engine4_users_2` (`poster_id`)
) ENGINE=InnoDB  DEFAULT CHARSET=utf8 AUTO_INCREMENT=5 ;

--
-- Dumping data for table `engine4_groupbuy_rates`
--

INSERT INTO `engine4_groupbuy_rates` (`rate_id`, `deal_id`, `poster_id`, `rate_number`) VALUES
(1, 1, 1, 4),
(2, 4, 62, 4),
(3, 16, 63, 4),
(4, 2, 66, 5);

-- --------------------------------------------------------

--
-- Table structure for table `engine4_groupbuy_subscription_conditions`
--

CREATE TABLE IF NOT EXISTS `engine4_groupbuy_subscription_conditions` (
  `subscriptioncondition_id` int(11) unsigned NOT NULL auto_increment,
  `contact_id` int(11) unsigned NOT NULL default '0',
  `category_id` int(11) unsigned NOT NULL default '0',
  `location_id` int(11) unsigned NOT NULL default '0',
  `age` int(11) unsigned NOT NULL default '0',
  `creation_date` datetime NOT NULL,
  `modified_date` datetime NOT NULL,
  PRIMARY KEY  (`subscriptioncondition_id`),
  KEY `FK_engine4_groupbuy_subscription_groupbuy_categories` (`category_id`),
  KEY `FK_engine4_conditions_engine4_groupbuy_locations` (`location_id`),
  KEY `FK_engine4_groupbuy_subscription_groupbuy_subscription_contacts` (`contact_id`),
  KEY `age` (`age`)
) ENGINE=InnoDB  DEFAULT CHARSET=latin1 AUTO_INCREMENT=17 ;

--
-- Dumping data for table `engine4_groupbuy_subscription_conditions`
--

INSERT INTO `engine4_groupbuy_subscription_conditions` (`subscriptioncondition_id`, `contact_id`, `category_id`, `location_id`, `age`, `creation_date`, `modified_date`) VALUES
(1, 1, 5, 3, 45, '2011-08-04 02:22:59', '2011-08-04 02:22:59'),
(2, 2, 2, 6, 33, '2011-08-04 04:08:10', '2011-08-04 04:08:10'),
(3, 2, 2, 6, 33, '2011-08-04 04:08:20', '2011-08-04 04:08:20'),
(4, 1, 5, 3, 45, '2011-08-04 08:17:35', '2011-08-04 08:17:35'),
(5, 3, 17, 5, 35, '2011-08-04 22:15:24', '2011-08-04 22:15:24'),
(6, 4, 6, 2, 23, '2011-08-05 08:18:22', '2011-08-05 08:18:22'),
(7, 5, 22, 2, 12, '2011-08-05 08:47:11', '2011-08-05 08:47:11'),
(8, 5, 22, 2, 12, '2011-08-05 08:47:12', '2011-08-05 08:47:12'),
(9, 5, 22, 2, 12, '2011-08-05 08:47:12', '2011-08-05 08:47:12'),
(10, 5, 22, 2, 12, '2011-08-05 08:47:12', '2011-08-05 08:47:12'),
(11, 5, 22, 2, 12, '2011-08-05 08:47:13', '2011-08-05 08:47:13'),
(12, 5, 22, 2, 12, '2011-08-05 08:47:13', '2011-08-05 08:47:13'),
(13, 5, 22, 2, 12, '2011-08-05 08:47:19', '2011-08-05 08:47:19'),
(14, 5, 22, 2, 12, '2011-08-05 08:47:19', '2011-08-05 08:47:19'),
(15, 5, 22, 2, 12, '2011-08-05 08:47:19', '2011-08-05 08:47:19'),
(16, 5, 22, 2, 12, '2011-08-05 08:47:19', '2011-08-05 08:47:19');

-- --------------------------------------------------------

--
-- Table structure for table `engine4_groupbuy_subscription_contacts`
--

CREATE TABLE IF NOT EXISTS `engine4_groupbuy_subscription_contacts` (
  `subscriptioncontact_id` int(11) unsigned NOT NULL auto_increment,
  `verified` tinyint(1) unsigned NOT NULL default '0',
  `verify_code` varchar(64) NOT NULL,
  `user_id` int(11) unsigned default NULL,
  `email` varchar(128) NOT NULL,
  `verified_date` datetime NOT NULL,
  `creation_date` datetime NOT NULL,
  `modified_date` datetime NOT NULL,
  PRIMARY KEY  (`subscriptioncontact_id`),
  UNIQUE KEY `verified_code` (`verify_code`),
  KEY `verified` (`verified`)
) ENGINE=InnoDB  DEFAULT CHARSET=latin1 AUTO_INCREMENT=6 ;

--
-- Dumping data for table `engine4_groupbuy_subscription_contacts`
--

INSERT INTO `engine4_groupbuy_subscription_contacts` (`subscriptioncontact_id`, `verified`, `verify_code`, `user_id`, `email`, `verified_date`, `creation_date`, `modified_date`) VALUES
(1, 0, 'ffxTP1T52u5fQKcMLaJ4btVGEX8OoUZu', NULL, 'namnv@younetco.com', '0000-00-00 00:00:00', '2011-08-04 02:22:59', '2011-08-04 02:22:59'),
(2, 0, 'xuD4jCYnRuY36IeQA4iAtVzraYGPDNBC', NULL, 'thikien@gmail.com', '0000-00-00 00:00:00', '2011-08-04 04:08:10', '2011-08-04 04:08:10'),
(3, 0, 'z9OPfroQuffgihAOy3fX8ZBD64A8p2NI', NULL, 'graphicpayne@gmail.com', '0000-00-00 00:00:00', '2011-08-04 22:15:24', '2011-08-04 22:15:24'),
(4, 0, 'W5HggLAbcx21GkpnZm6bUr8vDSLeqN6d', NULL, 'anhdtk@younetco.com', '0000-00-00 00:00:00', '2011-08-05 08:18:22', '2011-08-05 08:18:22'),
(5, 0, 'PnSSmgmzZCo5fuMZvEAcpxyaTRYN1tEN', NULL, 'kieuanhdang89@gmail.com', '0000-00-00 00:00:00', '2011-08-05 08:47:11', '2011-08-05 08:47:11');

-- --------------------------------------------------------

--
-- Table structure for table `engine4_groupbuy_subscription_relations`
--

CREATE TABLE IF NOT EXISTS `engine4_groupbuy_subscription_relations` (
  `subscriptionrelation_id` bigint(20) NOT NULL auto_increment,
  `deal_id` int(11) unsigned NOT NULL,
  `contact_id` int(11) unsigned NOT NULL,
  `sended` tinyint(1) NOT NULL default '0',
  `creation_date` datetime NOT NULL,
  `sended_date` datetime NOT NULL,
  PRIMARY KEY  (`subscriptionrelation_id`),
  UNIQUE KEY `deal_id_contact_id` (`deal_id`,`contact_id`),
  KEY `FK_engine4_groupbuy_subscription_subscription_contacts` (`contact_id`)
) ENGINE=InnoDB  DEFAULT CHARSET=latin1 AUTO_INCREMENT=4 ;

--
-- Dumping data for table `engine4_groupbuy_subscription_relations`
--

INSERT INTO `engine4_groupbuy_subscription_relations` (`subscriptionrelation_id`, `deal_id`, `contact_id`, `sended`, `creation_date`, `sended_date`) VALUES
(1, 2, 2, 0, '2011-08-04 23:36:10', '0000-00-00 00:00:00'),
(2, 3, 2, 0, '2011-08-04 23:36:10', '0000-00-00 00:00:00'),
(3, 4, 2, 0, '2011-08-04 23:36:10', '0000-00-00 00:00:00');

-- --------------------------------------------------------

--
-- Table structure for table `engine4_groupbuy_transaction_trackings`
--

CREATE TABLE IF NOT EXISTS `engine4_groupbuy_transaction_trackings` (
  `transactiontracking_id` int(11) NOT NULL auto_increment,
  `item_id` int(11) unsigned NOT NULL,
  `user_buyer` int(11) default NULL,
  `user_seller` int(11) default NULL,
  `account_seller_id` int(11) default NULL,
  `account_buyer_id` int(11) default NULL,
  `transaction_date` datetime default NULL,
  `amount` decimal(11,2) default NULL,
  `number` int(11) NOT NULL default '1',
  `transaction_status` int(11) default NULL,
  `params` text NOT NULL,
  PRIMARY KEY  (`transactiontracking_id`),
  KEY `FK_engine4_groupbuy_transaction_trackings_engine4_groupbuy_deals` (`item_id`),
  KEY `user_buyer` (`user_buyer`),
  KEY `user_seller` (`user_seller`),
  KEY `account_seller_id` (`account_seller_id`),
  KEY `account_buyer_id` (`account_buyer_id`),
  KEY `transaction_date` (`transaction_date`)
) ENGINE=InnoDB  DEFAULT CHARSET=utf8 AUTO_INCREMENT=47 ;

--
-- Dumping data for table `engine4_groupbuy_transaction_trackings`
--

INSERT INTO `engine4_groupbuy_transaction_trackings` (`transactiontracking_id`, `item_id`, `user_buyer`, `user_seller`, `account_seller_id`, `account_buyer_id`, `transaction_date`, `amount`, `number`, `transaction_status`, `params`) VALUES
(1, 7, 60, 60, 0, 5, '2011-08-03 08:55:51', '9.00', 1, 1, 'Pay fee publish Deal'),
(2, 2, 54, 54, 0, 0, '2011-08-03 13:24:37', '42.00', 2, 1, 'Cash on Delivery'),
(3, 5, 54, 54, 3, 3, '2011-08-03 13:26:52', '20.00', 2, 1, 'Pay with Paypal'),
(4, 4, 54, 59, 0, 0, '2011-08-03 13:29:39', '0.00', 1, 1, 'Cash on Delivery'),
(5, 5, 55, 54, 0, 0, '2011-08-03 13:31:32', '10.00', 1, 1, 'Cash on Delivery'),
(6, 5, 55, 54, 0, 0, '2011-08-03 13:32:38', '10.00', 1, 1, 'Cash on Delivery'),
(7, 5, 55, 54, 0, 0, '2011-08-03 13:36:00', '10.00', 1, 1, 'Cash on Delivery'),
(8, 9, 54, 54, 0, 3, '2011-08-03 09:36:23', '9.00', 1, 1, 'Pay fee publish Deal'),
(9, 5, 55, 54, 0, 0, '2011-08-03 13:36:41', '10.00', 1, 1, 'Cash on Delivery'),
(10, 5, 55, 54, 0, 0, '2011-08-03 13:37:05', '10.00', 1, 1, 'Cash on Delivery'),
(11, 5, 55, 54, 0, 0, '2011-08-03 13:38:03', '10.00', 1, 1, 'Cash on Delivery'),
(12, 4, 54, 59, 0, 0, '2011-08-03 13:42:58', '0.00', 3, 1, 'Cash on Delivery'),
(13, 5, 55, 54, 0, 0, '2011-08-03 13:46:57', '10.00', 1, 1, 'Cash on Delivery'),
(14, 8, 54, 59, 0, 0, '2011-08-03 13:49:24', '30.00', 3, 1, 'Cash on Delivery'),
(15, 10, 59, 59, 0, 4, '2011-08-03 23:43:46', '9.00', 1, 1, 'Pay fee publish Deal'),
(16, 1, 59, 54, 3, 4, '2011-08-04 04:26:46', '40.00', 2, 1, 'Pay with Paypal'),
(17, 10, 54, 59, 0, 0, '2011-08-04 04:57:21', '4000.00', 40, 1, 'Cash on Delivery'),
(18, 12, 54, 54, 0, 3, '2011-08-04 07:09:20', '9.00', 1, 1, 'Pay fee publish Deal'),
(19, 10, 54, 59, 0, 0, '2011-08-04 07:16:37', '6000.00', 60, 1, 'Cash on Delivery'),
(20, 2, 54, 54, 0, 0, '2011-08-04 08:14:04', '63.00', 3, 1, 'Cash on Delivery'),
(21, 4, 62, 59, 0, 0, '2011-08-04 10:41:21', '0.00', 2, 1, 'Cash on Delivery'),
(22, 8, 59, 59, 4, 4, '2011-08-04 10:44:37', '20.00', 2, 1, 'Pay with Paypal'),
(23, 4, 61, 59, 0, 0, '2011-08-04 10:50:57', '0.00', 1, 1, 'Cash on Delivery'),
(24, 0, 1, 59, 4, 1, '2011-08-04 11:11:45', '40.00', 1, 0, 'refund'),
(25, 3, 63, 54, 0, NULL, '2011-08-04 12:23:14', '200.00', 1, 1, 'Cash on Delivery'),
(26, 1, 59, 54, 3, 4, '2011-08-05 19:05:18', '20.00', 1, 1, 'Pay with Paypal'),
(27, 2, 59, 54, 3, 4, '2011-08-05 19:15:37', '21.00', 1, 1, 'Pay with Paypal'),
(28, 5, 59, 54, 3, 4, '2011-08-05 19:39:34', '10.00', 1, 1, 'Pay with Paypal'),
(29, 2, 59, 54, 3, 4, '2011-08-05 20:28:36', '105.00', 5, 1, 'Pay with Paypal38S57089LR277694G'),
(30, 1, 59, 54, 3, 4, '2011-08-05 20:37:24', '100.00', 5, 1, 'Pay with Paypal(#1YF34341T6380331W)'),
(31, 1, 59, 54, 3, 4, '2011-08-05 21:05:02', '40.00', 2, 1, 'Pay with Paypal(#89N0703553815873L)'),
(32, 9, 59, 54, 3, 4, '2011-08-05 21:59:30', '100.00', 5, 1, 'Pay with Paypal(#3XN980436M451610G)'),
(33, 2, 1, 54, 3, 8, '2011-08-05 22:06:01', '105.00', 5, 1, 'Pay with Paypal(#4DV24822CJ019883J)'),
(34, 2, 1, 54, 3, 8, '2011-08-05 22:09:38', '126.00', 6, 1, 'Pay with Paypal(#2BV17862KH216713S)'),
(35, 0, 1, 1, 8, 1, '2011-08-07 18:27:38', '126.00', 1, 0, 'refund'),
(36, 0, 1, 1, 8, 1, '2011-08-07 18:27:45', '105.00', 1, 0, 'refund'),
(37, 9, 39, 54, 3, 0, '2011-08-08 12:43:23', '20.00', 1, 1, 'Pay with Paypal(#0T377578412781540)'),
(38, 9, 39, 54, 3, 0, '2011-08-08 12:47:48', '20.00', 1, 1, 'Pay with Paypal(#32H80257MK950292N)'),
(39, 6, 1, 54, 3, 8, '2011-08-08 15:16:40', '30.00', 1, 1, 'Pay with Paypal(#03863604LH799293S)'),
(40, 3, 1, 54, 0, 0, '2011-08-08 15:44:53', '200.00', 1, 1, 'Cash on Delivery'),
(41, 1, 48, 54, 0, NULL, '2011-08-09 04:52:47', '20.00', 1, 1, 'Cash on Delivery'),
(42, 9, 48, 54, 3, 0, '2011-08-09 04:56:53', '20.00', 1, 1, 'Pay with Paypal(#67395140P31450900)'),
(43, 0, 1, 48, 13, 1, '2011-08-08 18:23:39', '20.00', 1, 1, 'Paid amount to Buyer'),
(44, 3, 54, 54, 3, 3, '2011-08-08 18:51:55', '200.00', 1, 1, 'Pay with Paypal(#8RA32497AB7774011)'),
(45, 2, 48, 54, 3, 13, '2011-08-08 18:57:34', '21.00', 1, 1, 'Pay with Paypal(#76A68028YG677215D)'),
(46, 0, 1, 48, 13, 1, '2011-08-08 18:59:07', '21.00', 1, 0, 'refund');

-- --------------------------------------------------------

--
-- Table structure for table `engine4_groupbuy_verifications`
--

CREATE TABLE IF NOT EXISTS `engine4_groupbuy_verifications` (
  `verification_id` int(11) NOT NULL auto_increment,
  `verify_code` varchar(64) NOT NULL,
  `verify_action` varchar(64) NOT NULL,
  `item_id` int(11) NOT NULL,
  `expired_date` datetime NOT NULL,
  `creation_date` datetime NOT NULL,
  `modified_date` datetime NOT NULL,
  PRIMARY KEY  (`verification_id`),
  KEY `verify_code` (`verify_code`),
  KEY `verify_action` (`verify_action`)
) ENGINE=InnoDB  DEFAULT CHARSET=latin1 AUTO_INCREMENT=17 ;

--
-- Dumping data for table `engine4_groupbuy_verifications`
--

INSERT INTO `engine4_groupbuy_verifications` (`verification_id`, `verify_code`, `verify_action`, `item_id`, `expired_date`, `creation_date`, `modified_date`) VALUES
(1, 'N16qMXl3', 'subscribe_verify', 1, '2011-08-05 02:22:59', '2011-08-04 02:22:59', '2011-08-04 02:22:59'),
(2, 'axgFPlVb', 'subscribe_verify', 2, '2011-08-05 04:08:10', '2011-08-04 04:08:10', '2011-08-04 04:08:10'),
(3, 'FrDXYT3Y', 'subscribe_verify', 2, '2011-08-05 04:08:20', '2011-08-04 04:08:20', '2011-08-04 04:08:20'),
(4, 'iojiDLdQ', 'subscribe_verify', 1, '2011-08-05 08:17:35', '2011-08-04 08:17:35', '2011-08-04 08:17:35'),
(5, 'wzTUZJC1', 'subscribe_verify', 3, '2011-08-05 22:15:24', '2011-08-04 22:15:24', '2011-08-04 22:15:24'),
(6, 'Xa1MHmrA', 'subscribe_verify', 4, '2011-08-06 08:18:22', '2011-08-05 08:18:22', '2011-08-05 08:18:22'),
(7, '9USMXKU6', 'subscribe_verify', 5, '2011-08-06 08:47:11', '2011-08-05 08:47:11', '2011-08-05 08:47:11'),
(8, 'oJFkp8Bs', 'subscribe_verify', 5, '2011-08-06 08:47:12', '2011-08-05 08:47:12', '2011-08-05 08:47:12'),
(9, '3vBMz6rX', 'subscribe_verify', 5, '2011-08-06 08:47:12', '2011-08-05 08:47:12', '2011-08-05 08:47:12'),
(10, '9if6r7hs', 'subscribe_verify', 5, '2011-08-06 08:47:12', '2011-08-05 08:47:12', '2011-08-05 08:47:12'),
(11, 'PXylxHzF', 'subscribe_verify', 5, '2011-08-06 08:47:13', '2011-08-05 08:47:13', '2011-08-05 08:47:13'),
(12, '8uSyeKKB', 'subscribe_verify', 5, '2011-08-06 08:47:13', '2011-08-05 08:47:13', '2011-08-05 08:47:13'),
(13, 'PEW8g63d', 'subscribe_verify', 5, '2011-08-06 08:47:19', '2011-08-05 08:47:19', '2011-08-05 08:47:19'),
(14, 'jfI3adiS', 'subscribe_verify', 5, '2011-08-06 08:47:19', '2011-08-05 08:47:19', '2011-08-05 08:47:19'),
(15, 'SdeqaMxR', 'subscribe_verify', 5, '2011-08-06 08:47:19', '2011-08-05 08:47:19', '2011-08-05 08:47:19'),
(16, 'TeFY9DhZ', 'subscribe_verify', 5, '2011-08-06 08:47:19', '2011-08-05 08:47:19', '2011-08-05 08:47:19');

-- --------------------------------------------------------

--
-- Table structure for table `engine4_invites`
--

CREATE TABLE IF NOT EXISTS `engine4_invites` (
  `id` int(10) unsigned NOT NULL auto_increment,
  `user_id` int(11) unsigned NOT NULL,
  `recipient` varchar(255) collate utf8_unicode_ci NOT NULL,
  `code` varchar(255) character set latin1 collate latin1_general_ci NOT NULL,
  `timestamp` datetime NOT NULL,
  `message` text collate utf8_unicode_ci NOT NULL,
  `new_user_id` int(11) unsigned NOT NULL default '0',
  PRIMARY KEY  (`id`),
  UNIQUE KEY `code` (`code`),
  KEY `user_id` (`user_id`),
  KEY `recipient` (`recipient`)
) ENGINE=InnoDB  DEFAULT CHARSET=utf8 COLLATE=utf8_unicode_ci AUTO_INCREMENT=6 ;

--
-- Dumping data for table `engine4_invites`
--

INSERT INTO `engine4_invites` (`id`, `user_id`, `recipient`, `code`, `timestamp`, `message`, `new_user_id`) VALUES
(1, 1, 'thonh@younetco.com', 'c43410d', '2011-07-25 15:29:07', 'You are being invited to join our social network.', 0),
(2, 1, 'nam.ngvan@gmail.com', 'a19d57e', '2011-07-25 15:41:12', 'Test email from younetco. You are being invited to join our social network.', 0),
(3, 1, 'binhnth@younetco.com', '1c3aae7', '2011-07-25 15:43:46', 'test email. You are being invited to join our social network.', 51),
(4, 1, 'vo.mita.ov@gmail.com', '0022574', '2011-07-25 16:04:19', 'You are being invited to join our social network.', 0),
(5, 1, 'nam.ngvan@gmail.com', '6c191d3', '2011-07-25 16:06:06', 'test nam ngvan account', 0);

-- --------------------------------------------------------

--
-- Table structure for table `engine4_messages_conversations`
--

CREATE TABLE IF NOT EXISTS `engine4_messages_conversations` (
  `conversation_id` int(11) unsigned NOT NULL auto_increment,
  `title` varchar(255) collate utf8_unicode_ci NOT NULL default '',
  `user_id` int(11) unsigned NOT NULL,
  `recipients` int(11) unsigned NOT NULL,
  `modified` datetime NOT NULL,
  `locked` tinyint(1) NOT NULL default '0',
  `resource_type` varchar(64) character set latin1 collate latin1_general_ci default '',
  `resource_id` int(11) unsigned NOT NULL default '0',
  PRIMARY KEY  (`conversation_id`)
) ENGINE=InnoDB  DEFAULT CHARSET=utf8 COLLATE=utf8_unicode_ci AUTO_INCREMENT=5 ;

--
-- Dumping data for table `engine4_messages_conversations`
--

INSERT INTO `engine4_messages_conversations` (`conversation_id`, `title`, `user_id`, `recipients`, `modified`, `locked`, `resource_type`, `resource_id`) VALUES
(1, 'test', 1, 1, '2011-07-27 20:16:48', 0, NULL, 0),
(2, 'what happend there', 55, 1, '2011-07-28 14:27:27', 0, NULL, 0),
(3, 'test configuration', 1, 1, '2011-07-27 20:20:17', 0, NULL, 0),
(4, 'To lao b ao', 1, 1, '2011-07-28 14:37:15', 0, NULL, 0);

-- --------------------------------------------------------

--
-- Table structure for table `engine4_messages_messages`
--

CREATE TABLE IF NOT EXISTS `engine4_messages_messages` (
  `message_id` int(11) unsigned NOT NULL auto_increment,
  `conversation_id` int(11) unsigned NOT NULL,
  `user_id` int(11) unsigned NOT NULL,
  `title` varchar(255) collate utf8_unicode_ci NOT NULL,
  `body` text collate utf8_unicode_ci NOT NULL,
  `date` datetime NOT NULL,
  `attachment_type` varchar(24) character set latin1 collate latin1_general_ci default '',
  `attachment_id` int(11) unsigned NOT NULL default '0',
  PRIMARY KEY  (`message_id`),
  UNIQUE KEY `CONVERSATIONS` (`conversation_id`,`message_id`)
) ENGINE=InnoDB  DEFAULT CHARSET=utf8 COLLATE=utf8_unicode_ci AUTO_INCREMENT=6 ;

--
-- Dumping data for table `engine4_messages_messages`
--

INSERT INTO `engine4_messages_messages` (`message_id`, `conversation_id`, `user_id`, `title`, `body`, `date`, `attachment_type`, `attachment_id`) VALUES
(1, 1, 1, 'test', 'nam nguyen h', '2011-07-27 20:16:48', '', 0),
(2, 2, 55, 'what happend there', 'con ba no', '2011-07-27 20:18:38', '', 0),
(3, 3, 1, 'test configuration', 'con ba no muon gi.', '2011-07-27 20:20:17', '', 0),
(4, 2, 1, '', 'Ak, chi th  (headbang)', '2011-07-28 14:27:27', '', 0),
(5, 4, 1, 'To lao b ao', 'To lao b ao', '2011-07-28 14:37:15', '', 0);

-- --------------------------------------------------------

--
-- Table structure for table `engine4_messages_recipients`
--

CREATE TABLE IF NOT EXISTS `engine4_messages_recipients` (
  `user_id` int(11) unsigned NOT NULL,
  `conversation_id` int(11) unsigned NOT NULL,
  `inbox_message_id` int(11) unsigned default NULL,
  `inbox_updated` datetime default NULL,
  `inbox_read` tinyint(1) default NULL,
  `inbox_deleted` tinyint(1) default NULL,
  `outbox_message_id` int(11) unsigned default NULL,
  `outbox_updated` datetime default NULL,
  `outbox_deleted` tinyint(1) default NULL,
  PRIMARY KEY  (`user_id`,`conversation_id`),
  KEY `INBOX_UPDATED` (`user_id`,`conversation_id`,`inbox_updated`),
  KEY `OUTBOX_UPDATED` (`user_id`,`conversation_id`,`outbox_updated`)
) ENGINE=InnoDB DEFAULT CHARSET=utf8 COLLATE=utf8_unicode_ci;

--
-- Dumping data for table `engine4_messages_recipients`
--

INSERT INTO `engine4_messages_recipients` (`user_id`, `conversation_id`, `inbox_message_id`, `inbox_updated`, `inbox_read`, `inbox_deleted`, `outbox_message_id`, `outbox_updated`, `outbox_deleted`) VALUES
(1, 1, NULL, NULL, 1, 1, 1, '2011-07-27 20:16:48', 0),
(1, 2, 2, '2011-07-27 20:18:38', 1, 0, 4, '2011-07-28 14:27:27', 0),
(1, 3, NULL, NULL, 1, 1, 3, '2011-07-27 20:20:17', 0),
(1, 4, NULL, NULL, 1, 1, 5, '2011-07-28 14:37:15', 0),
(33, 1, 1, '2011-07-27 20:16:48', 0, 0, 0, NULL, 1),
(55, 2, 4, '2011-07-28 14:27:27', 0, 0, 2, '2011-07-27 20:18:38', 0),
(55, 3, 3, '2011-07-27 20:20:17', 0, 0, 0, NULL, 1),
(57, 4, 5, '2011-07-28 14:37:15', 0, 0, 0, NULL, 1);

-- --------------------------------------------------------

--
-- Table structure for table `engine4_network_membership`
--

CREATE TABLE IF NOT EXISTS `engine4_network_membership` (
  `resource_id` int(11) unsigned NOT NULL,
  `user_id` int(11) unsigned NOT NULL,
  `active` tinyint(1) NOT NULL default '0',
  `resource_approved` tinyint(1) NOT NULL default '0',
  `user_approved` tinyint(1) NOT NULL default '0',
  PRIMARY KEY  (`resource_id`,`user_id`)
) ENGINE=InnoDB DEFAULT CHARSET=utf8 COLLATE=utf8_unicode_ci;

-- --------------------------------------------------------

--
-- Table structure for table `engine4_network_networks`
--

CREATE TABLE IF NOT EXISTS `engine4_network_networks` (
  `network_id` int(11) unsigned NOT NULL auto_increment,
  `title` varchar(255) collate utf8_unicode_ci NOT NULL,
  `description` varchar(255) collate utf8_unicode_ci NOT NULL,
  `field_id` int(11) unsigned NOT NULL default '0',
  `pattern` text collate utf8_unicode_ci,
  `member_count` int(11) unsigned NOT NULL default '0',
  `hide` tinyint(1) NOT NULL default '0',
  `assignment` tinyint(1) NOT NULL default '0',
  PRIMARY KEY  (`network_id`),
  KEY `assignment` (`assignment`)
) ENGINE=InnoDB  DEFAULT CHARSET=utf8 COLLATE=utf8_unicode_ci AUTO_INCREMENT=8 ;

--
-- Dumping data for table `engine4_network_networks`
--

INSERT INTO `engine4_network_networks` (`network_id`, `title`, `description`, `field_id`, `pattern`, `member_count`, `hide`, `assignment`) VALUES
(1, 'North America', '', 0, NULL, 0, 0, 0),
(2, 'South America', '', 0, NULL, 0, 0, 0),
(3, 'Europe', '', 0, NULL, 0, 0, 0),
(4, 'Asia', '', 0, NULL, 0, 0, 0),
(5, 'Africa', '', 0, NULL, 0, 0, 0),
(6, 'Australia', '', 0, NULL, 0, 0, 0),
(7, 'Antarctica', '', 0, NULL, 0, 0, 0);

-- --------------------------------------------------------

--
-- Table structure for table `engine4_payment_gateways`
--

CREATE TABLE IF NOT EXISTS `engine4_payment_gateways` (
  `gateway_id` int(10) unsigned NOT NULL auto_increment,
  `title` varchar(128) collate utf8_unicode_ci NOT NULL,
  `description` text collate utf8_unicode_ci,
  `enabled` tinyint(1) unsigned NOT NULL default '0',
  `plugin` varchar(128) character set latin1 collate latin1_general_ci NOT NULL,
  `config` mediumblob,
  `test_mode` tinyint(1) unsigned NOT NULL default '0',
  PRIMARY KEY  (`gateway_id`),
  KEY `enabled` (`enabled`)
) ENGINE=InnoDB  DEFAULT CHARSET=utf8 COLLATE=utf8_unicode_ci AUTO_INCREMENT=3 ;

--
-- Dumping data for table `engine4_payment_gateways`
--

INSERT INTO `engine4_payment_gateways` (`gateway_id`, `title`, `description`, `enabled`, `plugin`, `config`, `test_mode`) VALUES
(1, '2Checkout', NULL, 0, 'Payment_Plugin_Gateway_2Checkout', NULL, 0),
(2, 'PayPal', NULL, 0, 'Payment_Plugin_Gateway_PayPal', NULL, 0);

-- --------------------------------------------------------

--
-- Table structure for table `engine4_payment_orders`
--

CREATE TABLE IF NOT EXISTS `engine4_payment_orders` (
  `order_id` int(10) unsigned NOT NULL auto_increment,
  `user_id` int(10) unsigned NOT NULL,
  `gateway_id` int(10) unsigned NOT NULL,
  `gateway_order_id` varchar(128) character set latin1 collate latin1_general_ci default NULL,
  `gateway_transaction_id` varchar(128) character set latin1 collate latin1_general_ci default NULL,
  `state` enum('pending','cancelled','failed','incomplete','complete') character set latin1 collate latin1_general_ci NOT NULL default 'pending',
  `creation_date` datetime NOT NULL,
  `source_type` varchar(128) character set latin1 collate latin1_general_ci default NULL,
  `source_id` int(10) unsigned default NULL,
  PRIMARY KEY  (`order_id`),
  KEY `user_id` (`user_id`),
  KEY `gateway_id` (`gateway_id`,`gateway_order_id`),
  KEY `state` (`state`),
  KEY `source_type` (`source_type`,`source_id`)
) ENGINE=InnoDB DEFAULT CHARSET=utf8 COLLATE=utf8_unicode_ci AUTO_INCREMENT=1 ;

-- --------------------------------------------------------

--
-- Table structure for table `engine4_payment_packages`
--

CREATE TABLE IF NOT EXISTS `engine4_payment_packages` (
  `package_id` int(10) unsigned NOT NULL auto_increment,
  `title` varchar(128) collate utf8_unicode_ci NOT NULL,
  `description` text collate utf8_unicode_ci NOT NULL,
  `level_id` int(10) unsigned NOT NULL,
  `downgrade_level_id` int(10) unsigned NOT NULL default '0',
  `price` decimal(16,2) unsigned NOT NULL,
  `recurrence` int(11) unsigned NOT NULL,
  `recurrence_type` enum('day','week','month','year','forever') collate utf8_unicode_ci NOT NULL,
  `duration` int(11) unsigned NOT NULL,
  `duration_type` enum('day','week','month','year','forever') collate utf8_unicode_ci NOT NULL,
  `trial_duration` int(11) unsigned NOT NULL default '0',
  `trial_duration_type` enum('day','week','month','year','forever') collate utf8_unicode_ci default NULL,
  `enabled` tinyint(1) unsigned NOT NULL default '1',
  `signup` tinyint(1) unsigned NOT NULL default '1',
  PRIMARY KEY  (`package_id`),
  KEY `level_id` (`level_id`)
) ENGINE=InnoDB DEFAULT CHARSET=utf8 COLLATE=utf8_unicode_ci AUTO_INCREMENT=1 ;

-- --------------------------------------------------------

--
-- Table structure for table `engine4_payment_products`
--

CREATE TABLE IF NOT EXISTS `engine4_payment_products` (
  `product_id` int(10) unsigned NOT NULL auto_increment,
  `extension_type` varchar(64) character set latin1 collate latin1_general_ci default NULL,
  `extension_id` int(10) unsigned default NULL,
  `sku` bigint(20) unsigned NOT NULL,
  `title` varchar(128) collate utf8_unicode_ci NOT NULL,
  `description` text collate utf8_unicode_ci NOT NULL,
  `price` decimal(16,2) unsigned NOT NULL,
  PRIMARY KEY  (`product_id`),
  UNIQUE KEY `sku` (`sku`),
  KEY `extension_type` (`extension_type`,`extension_id`)
) ENGINE=InnoDB DEFAULT CHARSET=utf8 COLLATE=utf8_unicode_ci AUTO_INCREMENT=1 ;

-- --------------------------------------------------------

--
-- Table structure for table `engine4_payment_subscriptions`
--

CREATE TABLE IF NOT EXISTS `engine4_payment_subscriptions` (
  `subscription_id` int(11) unsigned NOT NULL auto_increment,
  `user_id` int(11) unsigned NOT NULL,
  `package_id` int(11) unsigned NOT NULL,
  `status` enum('initial','trial','pending','active','cancelled','expired','overdue','refunded') collate utf8_unicode_ci NOT NULL default 'initial',
  `active` tinyint(1) unsigned NOT NULL default '0',
  `creation_date` datetime NOT NULL,
  `modified_date` datetime default NULL,
  `payment_date` datetime default NULL,
  `expiration_date` datetime default NULL,
  `notes` text collate utf8_unicode_ci,
  `gateway_id` int(10) unsigned default NULL,
  `gateway_profile_id` varchar(128) character set latin1 collate latin1_general_ci default NULL,
  PRIMARY KEY  (`subscription_id`),
  UNIQUE KEY `gateway_id` (`gateway_id`,`gateway_profile_id`),
  KEY `user_id` (`user_id`),
  KEY `package_id` (`package_id`),
  KEY `status` (`status`),
  KEY `active` (`active`)
) ENGINE=InnoDB DEFAULT CHARSET=utf8 COLLATE=utf8_unicode_ci AUTO_INCREMENT=1 ;

-- --------------------------------------------------------

--
-- Table structure for table `engine4_payment_transactions`
--

CREATE TABLE IF NOT EXISTS `engine4_payment_transactions` (
  `transaction_id` int(10) unsigned NOT NULL auto_increment,
  `user_id` int(10) unsigned NOT NULL default '0',
  `gateway_id` int(10) unsigned NOT NULL,
  `timestamp` datetime NOT NULL,
  `order_id` int(10) unsigned NOT NULL default '0',
  `type` varchar(64) character set latin1 collate latin1_general_ci default NULL,
  `state` varchar(64) character set latin1 collate latin1_general_ci default NULL,
  `gateway_transaction_id` varchar(128) character set latin1 collate latin1_general_ci NOT NULL,
  `gateway_parent_transaction_id` varchar(128) character set latin1 collate latin1_general_ci default NULL,
  `gateway_order_id` varchar(128) character set latin1 collate latin1_general_ci default NULL,
  `amount` decimal(16,2) NOT NULL,
  `currency` char(3) character set latin1 collate latin1_general_ci NOT NULL default '',
  PRIMARY KEY  (`transaction_id`),
  KEY `user_id` (`user_id`),
  KEY `gateway_id` (`gateway_id`),
  KEY `type` (`type`),
  KEY `state` (`state`),
  KEY `gateway_transaction_id` (`gateway_transaction_id`),
  KEY `gateway_parent_transaction_id` (`gateway_parent_transaction_id`)
) ENGINE=InnoDB DEFAULT CHARSET=utf8 COLLATE=utf8_unicode_ci AUTO_INCREMENT=1 ;

-- --------------------------------------------------------

--
-- Table structure for table `engine4_rip_members`
--

CREATE TABLE IF NOT EXISTS `engine4_rip_members` (
  `member_id` int(11) NOT NULL auto_increment,
  `username` varchar(128) NOT NULL,
  `email` varchar(128) NOT NULL,
  `displayname` varchar(128) NOT NULL,
  PRIMARY KEY  (`member_id`),
  UNIQUE KEY `username` (`username`),
  UNIQUE KEY `email` (`email`)
) ENGINE=InnoDB  DEFAULT CHARSET=latin1 AUTO_INCREMENT=976 ;

--
-- Dumping data for table `engine4_rip_members`
--

INSERT INTO `engine4_rip_members` (`member_id`, `username`, `email`, `displayname`) VALUES
(1, '1871lulzimi', 'lulzimi81@gmail.com', '1871 lulzimi'),
(2, '261163', 'vr004@yahoo.com', '261163'),
(3, '9959150590', 'rajkumar_4kp@yahoo.com', '9959150590'),
(4, 'kobe123', '1615331506@qq.com', '@kobe dilian'),
(5, 'prueba1', 'dev@elcorito.com', 'a a'),
(6, 'okers', 'hazara@live.se', 'a b'),
(7, 'luutieuhong10', 'tigerbeer1120022@yahoo.com', 'A B'),
(8, 'ulfhan', 'ulf.hannelius@gmail.com', 'A B'),
(9, 'atest', 'sarojprasadinc@gmail.com', 'a test'),
(10, 'a123456', 'gruppasvoi@mail.ru', 'a123456'),
(11, 'a563242', 'tthomas1225@yahoo.com', 'a563242'),
(12, 'hehehe', 'hehehe@yahoo.com', 'aaa aaa'),
(13, 'hamidaa', 'aa@yahoo.com', 'aaaa aaaa'),
(14, 'trteam', 'ghostt@ghost.com', 'aaaaaaa aaaaaaaa'),
(15, 'aamybond', 'aamy.bond@gmail.com', 'aamybond aamybond'),
(16, 'uleven', 'uleven@gmail.com', 'Aaron  Ting Ming Sing'),
(17, '1sysop1comcast-net', '1sysop1@comcast.net', 'Aaron Maughan'),
(18, 'aaron9924', 'aaron9924@hotmail.com', 'Aaron mmm'),
(19, 'abdullah', 'abdullah_paki@ymail.com', 'abdullah rai'),
(20, 'abhivarma3', 'abhi@yahoo.com', 'Abhi Varma'),
(21, 'abhiv', 'abhi_272@yahoo.com', 'abhiv'),
(22, 'abhivarma', 'abhi_272@yahoo.co.in', 'abhivarma'),
(23, 'pandorauk', 'linkclark@yahoo.com', 'able clark'),
(24, 'polo', 'dadonestferrari@yahoo.com', 'Abo Oba'),
(25, 'achi-stavgmail-com', 'achi.stav@gmail.com', 'Achi Stavrulakis'),
(26, 'adminsd4', 'info@redarmy.gr', 'Achi strer'),
(27, 'achilleasst', 'axilleas.st@gmail.com', 'Achilleas Stavroulakis'),
(28, 'micheleprincigallime-com', 'micheleprincigalli@me.com', 'ada princigalli'),
(29, 'afafa', 'hai_num@yahoo.co.id', 'adada asdasda'),
(30, 'banbanbowhotmail-com', 'banbanbow@hotmail.com', 'adisorn udomkusonsri'),
(31, 'paypalcho-yung-com', 'paypal@cho-yung.com', 'Admin Support'),
(32, 'adminferiaonline-com', 'admin@feriaonline.com', 'admin@feriaonline.com'),
(33, 'adminmediamunch-co-uk', 'admin@mediamunch.co.uk', 'admin@mediamunch.co.uk'),
(34, 'shamsi_hinayahoo-com', 'shamsi_adnan@ymail.com', 'Adnan Shamsi'),
(35, 'damian-demasi-1gmail-com', 'damian.demasi.1@gmail.com', 'Adrian Demasi'),
(36, 'craigtacamateurs-com', 'craig@tacamateurs.com', 'Adrian Smith'),
(37, 'georgiosburnhamhotmail-com', 'georgiosburnham@hotmail.com', 'Adrianus Marinus Muskens'),
(38, 'bipihreztha', 'bshrestha@eiu.edu', 'adsad sdsadasd'),
(39, 'jkjkjkj', 'dddabc@yahoo.com', 'adsf asgds'),
(40, 'theodoridouigooglemail-com', 'theodoridoui@googlemail.com', 'Agelos Margaritis'),
(41, 'aaabbbcccdddeee', 'mmm@yahogo.com', 'agh gg'),
(42, 'negozincgmail-com', 'negozinc@gmail.com', 'Agnieszka Stachurska'),
(43, 'AhmadAbouHashem581', 'regardme89@gmail.com', 'Ahmad Abou Hashem'),
(44, 'a-halakgmail-com', 'a.halak@gmail.com', 'Ahmad Al Halak'),
(45, 'AHMEDBILAL', 'bilalblzs@gmail.com', 'AHMED BILAL'),
(46, 'tariq_taimoorhotmail-com', 'tariq_taimoor@hotmail.com', 'Ahmed Tariq Taimoor'),
(47, 'ahmedonlinehorizons-net', 'ahmed@onlinehorizons.net', 'ahmed@onlinehorizons.net'),
(48, 'aikaterini-milioniyahoo-gr', 'aikaterini.milioni@yahoo.gr', 'aikaterini milioni'),
(49, 'AisonAndresBetania', 'alndres1@hotmail.com', 'Aison Andres Betania'),
(50, 'ajetski', 'amine1975@yahoo.com', 'ajetski'),
(51, 'hkk4u', 'hkk4u@yahoo.com', 'Al Auqab'),
(52, 'alapittgmail-com', 'alapitt@gmail.com', 'Ala Pitt'),
(53, 'alan', 'abird@touchmediait.com', 'Alan Bird'),
(54, 'alanalanmariotti-com', 'alan@alanmariotti.com', 'alan@alanmariotti.com'),
(55, 'alessiomautone', 'alessiomauto@hotmail.it', 'Ale Maut'),
(56, 'alechandro', 'kontakt@alechandro.pl', 'alechandro'),
(57, 'alejandrogreene', 'www.agelchile.net@gmail.com', 'Alejandro Greene'),
(58, 'somosbolivianos', 'djcodigo@gmail.com', 'Alejandro Torrejon Guerrero'),
(59, 'auzunov', 'auzunov@gmail.com', 'Aleksander Uzunov'),
(60, 'gogolevsibmail-com', 'gogolev@sibmail.com', 'ALEKSEY GOGOLEV'),
(61, 'alessandromodena', 'alessandro.modena@gmail.com', 'Alessandro Modena'),
(62, 'AlessandroMoretti', 'antenadosnarede@gmail.com', 'Alessandro Moretti'),
(63, 'zazzero93', 'alessiomautone@hotmail.com', 'Alessio Mautone'),
(64, 'zazzero', 'azzurro.na@email.it', 'Alessio Mautone'),
(65, 'alessio4', 'azzurrona@email.it', 'Alessio Mautone'),
(66, 'AlexAfgfdk', 'inclubs@gmail.com', 'Alex Afgfdk'),
(67, 'alex', 'haam2008@hotmail.com', 'Alex Brandy'),
(68, 'peelhitshotmail-com', 'peelhits@hotmail.com', 'Alex Drolet'),
(69, 'alextodhd-com', 'alex@todhd.com', 'Alex Var'),
(70, 'widik', 'info@realno.de', 'alex widik'),
(71, 'alexmorlandogmail-com', 'alexmorlando@gmail.com', 'Alexander Orlando'),
(72, 'alex86', 'sashamisiuk@libero.it', 'Alexandr Misiyuk'),
(73, 'globalfin-ukgmail-com', 'globalfin.uk@gmail.com', 'Alexey Nakhimov'),
(74, 'AleynaGl', 'azmiselicgudu@yahoo.com', 'Aleyna Gl'),
(75, 'alfredo-e-arrietahotmail-com', 'alfredo.e.arrieta@hotmail.com', 'Alfredo Arrieta'),
(76, 'aliqa6ar-net', 'ali@qa6ar.net', 'ALI AL-SULAITI'),
(77, 'f9eel', 'kuwait4us1@gmail.com', 'ali ali'),
(78, 'alietessamyahoo-com', 'alietessam@yahoo.com', 'Ali Etessam'),
(79, 'Imparator', 'yasabey_67@hotmail.de', 'Ali Kaya'),
(80, 'FredYMeijer', 'FreddieMeijerz@aol.com', 'Ali Rodriguez'),
(81, 'AliffCullen', 'aliffcullen88@gmail.com', 'Aliff Cullen'),
(82, 'AlisonAndresPerea', 'alndres@hotmail.com', 'Alison Andres Perea'),
(83, 'adminagwebdesigns-com', 'admin@agwebdesigns.com', 'Allan Gradwell'),
(84, 'cox1969hotmail-com', 'cox1969@hotmail.com', 'allen cox'),
(85, 'testa', 'testa@younetco.com', 'Amali Dislany'),
(86, 'admingeniecomm-com', 'admin@geniecomm.com', 'Amando Blasco'),
(87, '165552', 'amandoblasco@gmail.com', 'Amando Blasco'),
(88, 'amirbilkhanyahoo-com', 'amirbilkhan@yahoo.com', 'amir ilkhan'),
(89, 'amirahcummings', 'ladyblaze03@gmail.com', 'AMirah C'),
(90, 'rachel-tkagmail-com', 'amironi1234@gmail.com', 'amironi'),
(91, 'aditya', 'adityasnh8@gmail.com', 'amit ashok'),
(92, 'amit-ashokgmail-com', 'amit.ashok@gmail.com', 'Amit Ashok'),
(93, 'amiramir', 'ddd.717@gmail.com', 'Ammar Lashkari'),
(94, 'amrali', 'amrali@madina.com', 'Amr Ali'),
(95, 'AmrAliIbrahim234', 'amr.ali.i@live.com', 'Amr Ali Ibrahim'),
(96, 'accountsinmetics-com', 'accounts@inmetics.com', 'ANAND KUBER'),
(97, 'naarayanagmail-com', 'naarayana@gmail.com', 'Anand Narayan'),
(98, 'hummatovanaryahoo-com', 'hummatovanar@yahoo.com', 'Anar Hummatov'),
(99, 'visitor', 'punkepanda@gmail.com', 'Anders Har Bursdag'),
(100, 'comunicacao', 'andre@apici.com.br', 'Andr Lima'),
(101, 'andreaborriniyahoo-it', 'andreaborrini@yahoo.it', 'ANDREA BORRINI'),
(102, 'AndrewFranko', 'variado_musica@hotmail.com', 'Andrew Franko'),
(103, 'mcfarlandrew1', 'mcfarland.andrew@gmail.com', 'Andrew McFarland'),
(104, 'andrewullman123yahoo-com', 'andrewullman123@yahoo.com', 'andrewullman123@yahoo.com'),
(105, 'andy', 'aaa@aaa.com', 'andy doe'),
(106, 'gibby', 'gib@gibweb.com', 'andy gib'),
(107, 'flash2net', 'matnsi@yahoo.com', 'Andy Senis'),
(108, 'angel', 'taolao@younetco.com', 'Angel My'),
(109, 'angon', 'angon204@yahoo.com', 'angon lam'),
(110, 'yassine123', 'contact.mustweb@gmail.com', 'Aniber Yassine'),
(111, 'singhanilmsn-com', 'singhanil@msn.com', 'Anil Singh'),
(112, 'anlam1910', 'lamtieuan1987@gmail.com', 'anlam1910'),
(113, 'anofel', 'cancan3@mynet.com', 'anofel'),
(114, 'tonybarclayweston-com', 'tony@barclayweston.com', 'Anthony Brindley'),
(115, 'a-haleybtinternet-com', 'a.haley@btinternet.com', 'Anthony Haley'),
(116, 'anthonydanceregister-com', 'anthony@danceregister.com', 'Anthony LoCascio'),
(117, 'anthony', 'fitted_4aking84@yahoo.com', 'Anthony Riange'),
(118, 'AnTo', 'aanthony_richa@hotmail.com', 'AnTo Richa'),
(119, 'brivazac', 'brivazac@yahoo.fr', 'Antoine Brivazac'),
(120, 'infomarket-area-ru', 'info@market-area.ru', 'ANTON GAVZOV'),
(121, 'ccini', 'mirkogen@gmail.com', 'Antony lone'),
(122, 'a-sdthotmail-com', 'a.sdt@hotmail.com', 'anvar pulikkal'),
(123, 'ApipSalman', 'auliaqisti@yahoo.com', 'Apip Salman'),
(124, 'ApoiiSawar', 'sarwarapu@hotmail.com', 'Apoii Sawar'),
(125, 'AraboNet', 'sudanip@hotmail.com', 'Arabo Net'),
(126, 'aragon', 'aragon@gmail.com', 'aragon franc'),
(127, 'PabloAM', 'pabloracer50@gmail.com', 'Arce Mari Pablo'),
(128, 'ArdianGashi', 'gashii@tifozat.com', 'Ardian Gashi'),
(129, 'ArendPijls', 'visioneagle@gmail.com', 'Arend Pijls'),
(130, 'mustarey', 'must_arey@yahoo.co.id', 'Arey Purnawan'),
(131, 'adnan222cooolhotmail-com', 'adnan222coool@hotmail.com', 'Arfan hussain'),
(132, 'ARLIBURAK555', 'burakarli_@hotmail.com', 'ARLI BURAK555'),
(133, 'stillillinnyncaol-com', 'yrotica69@aol.com', 'armstrong'),
(134, 'aronuscox-net', 'aronus@cox.net', 'aronus@cox.net'),
(135, 'Arthas', 'dr.paulrios@gmail.com', 'Arthas'),
(136, 'ascerx', 'ascerx@gmail.com', 'ascerx pakito'),
(137, 'asdasd', 'asd@asd.com', 'asd asd'),
(138, 'asedofin', 'jehudiel_cerda@hotmail.com', 'asd asd'),
(139, '42069', 'kb42069@gmail.com', 'asd asd'),
(140, 'testme', 'tesmte@testme.com', 'asd asd'),
(141, 'tttttt', 'testtttt@test.com', 'asd asd'),
(142, 'loois21', 'macroweb.pl@gmail.com', 'asd dfg'),
(143, 'mknm', 'mnmn@yahoo.com', 'asd gdsa'),
(144, 'aaaasdas', 'info@logfm.com', 'asdasd asdasdas'),
(145, 'larryparry', 'asfsesfsaefasf@asfasfea.com', 'asdf asdf'),
(146, 'testxyz', 'test@test.com', 'asdf asdfsd'),
(147, 'lanaln', 'lanlan@yahoo.com', 'asdg asdg'),
(148, 'asms', 'dr.emoboy@ymail.com', 'Asms Sms'),
(149, 'paypalwebonze-com', 'paypal@webonze.com', 'AtaLay SEKER'),
(150, 'audrey', 'audreyisme92@yahoo.com', 'Audrey B'),
(151, 'AvandoMitchell', 'avando_mitchell@yahoo.com', 'AvandoMitchell'),
(152, 'avinrich-co-il', 'avi@nrich.co.il', 'Avraham Ben Avraham'),
(153, 'berksbookgmail-com', 'berksbook@gmail.com', 'Avraham Isaacs'),
(154, 'AyeshaKhan', 'digital.850@gmail.com', 'Ayesha Khan'),
(155, 'bgeeked', 'billiondollarmedia@gmail.com', 'B.Gray (designer)'),
(156, 'awfefwfw', 'baba@baba.com', 'baba lala'),
(157, 'bachtuoc1', 'bachtuoc1@gmail.com', 'bachtuoc1'),
(158, 'bachtuoc2', 'bachtuoc2@gmail.com', 'bachtuoc2 bachtuoc2'),
(159, 'bachtuoc3', 'bachtuoc3@gmail.com', 'bachtuoc3 bachtuoc3'),
(160, 'bachtuoc4', 'bachtuoc4@gmail.com', 'bachtuoc4 bachtuoc4'),
(161, 'bachtuoc90', 'bachtuoc90@gmail.com', 'bachtuoc90 bachtuoc90'),
(162, 'badboyhimanshu', 'pal.himanshu1991@gmail.com', 'badboyhimanshu'),
(163, 'kiing', 'king_badr@hotmail.com', 'Badr Ber'),
(164, 'bahar', 'bahar33_70@hotmail.com', 'bahar uzun'),
(165, 'BalaGangadhar', 'vbgangadhar@gmail.com', 'Bala Gangadhar'),
(166, 'BallinTillDeath69', 'gr33kjag@gmail.com', 'BallinTillDeath69'),
(167, 'baluk', 'balu311916@gmail.com', 'balu k'),
(168, 'bangmy694', 'xuka1985@yahoo.com', 'bang my'),
(169, 'testb', 'testb@younetco.com', 'Banila Fan'),
(170, 'baolamhuygmail-com', 'baolamhuy@gmail.com', 'Bao Lam'),
(171, 'BarbaraBerlusconi', 'dailia02@email.it', 'Barbara Berlusconi'),
(172, 'murat', 'hekene21@hotmail.com', 'Batuhan 123'),
(173, 'modules2buybuy', 'assefsaefsfe@afsef.com', 'be be'),
(174, 'autonomy1974hotmail-com', 'autonomy1974@hotmail.com', 'Ben Benson'),
(175, 'benrom', 'benrom@mail.com', 'benrom benrom'),
(176, 'BerkerBEKMAN', 'berkerbekman@berkerbekman.com.tr', 'Berker Bekman'),
(177, 'bma101yahoo-com', 'bma101@yahoo.com', 'bert alexander'),
(178, 'berthe-mandaatgmail-com', 'berthe.mandaat@gmail.com', 'Berthe'),
(179, 'bian307', 'bian307@ymail.com', 'bian307'),
(180, 'bibi', 'bibi@hotmail.com', 'bibi dease'),
(181, 'Big9', 'bscdating@yahoo.com', 'Big Nine'),
(182, 'TimVGRandolsu', 'twartodia@aol.com', 'Billy Angel'),
(183, 'bitchbou', 'fuck@aol.com', 'Bitch Bou'),
(184, 'dienst', 'simon.frerichs@gmail.com', 'blba blub'),
(185, 'BleonaQerreti', 'ernis18@yahoo.it', 'Bleona Qerreti'),
(186, 'johnnorth', 'marketing@bikerme.co.uk', 'bob patel sign'),
(187, 'bobbob', 'bobbob@hotmail.com', 'bobby bob'),
(188, 'Cracken226', 'cracken226@gmail.com', 'Bohuslav Jonathan Tth'),
(189, 'booo', 'test1@testy.com', 'Boo Boo'),
(190, 'boom', 'boom@projectenigma.org', 'Boom Van Tobias'),
(191, 'boris123', 'bostjan26@hotmail.com', 'boris jenkos'),
(192, 'leebrandon15yahoo-com', 'leebrandon15@yahoo.com', 'Brandon Lee'),
(193, 'moutraybgmail-com', 'moutrayb@gmail.com', 'Brandon Moutray'),
(194, 'JordanVCooku', 'jookl123@aol.com', 'Brenda Johnson'),
(195, 'brettbrettmuscio-com', 'brett@brettmuscio.com', 'Brett Muscio'),
(196, 'brettrovingrewards-com', 'brett@rovingrewards.com', 'Brett Wilkins-Byrd'),
(197, 'briansmiling-me-uk', 'brian@smiling.me.uk', 'BRIAN'),
(198, 'scrillastudioshotmail-com', 'scrillastudios@hotmail.com', 'Brian hamre'),
(199, 'brianotoole', 'bzo08@fsu.edu', 'brian otoole'),
(200, 'Shawn3Williams19', 'shnswilliams@aol.com', 'Brian Smith'),
(201, 'metallicx', 'brian@mxeffects.com', 'Brian Williams'),
(202, 'brucemmwicom-net', 'brucem@mwicom.net', 'Bruce Main'),
(203, 'brunnogensgmail-com', 'brunnogens@gmail.com', 'Brunno Gens Carneiro'),
(204, 'BrunoDoCarmoMartins', 'porradarj@gmail.com', 'Bruno Do Carmo Martins'),
(205, 'ANGELPICTURES', 'chico-plata@hotmail.com', 'Bryan'),
(206, 'BryceAshley', 'bryce95ashley@yahoo.co.uk', 'BryceAshley'),
(207, 'BungBu', 'nguyenhoan1988@yahoo.com', 'Bung Bu'),
(208, 'burakbilicihotmail-com-tr', 'burakbilici@hotmail.com.tr', 'Burak Bilici'),
(209, 'mahoney', 'zeraking1981@gmail.com', 'Burak Bingl'),
(210, 'burak2461', 'kubra1910@hotmail.com', 'Burak Trkiye'),
(211, 'VOUSCherchez', 'contact@vouscherchez.fr', 'Buzz Orezo'),
(212, 'chicosandro2004', 'chicosandro2004@hotmail.com', 'c s'),
(213, 'cabalgold', 'zhuanglou@gmail.com', 'cabalgold cabalgold'),
(214, 'CAEL', 'MGMG_91@hotmail.com', 'CAEL CAEL'),
(215, 'CallBack', '2272386m@gmail.com', 'Call Back'),
(216, 'kamros', 'cameronbrown84@gmail.com', 'Cam Brown'),
(217, 'CameroonRocksRocks', 'dannyntui@yahoo.com', 'CameroonRocksRocks'),
(218, 'bonghong', 'bonghong_trenda25251325@yahoo.com', 'Cao Cuong'),
(219, 'testc', 'testc@younetco.com', 'Carina Landy'),
(220, 'CarlosPafador', 'mail.jamal@arcor.de', 'Carlos Pafador'),
(221, 'fatoza', 'zertucheadriano@gmail.com', 'carlos zertuche'),
(222, 'hotlantarecordsllccomcast-net', 'hotlantarecordsllc@comcast.net', 'Carolyn Hall'),
(223, 'carybyrdhealthcare100-com', 'carybyrd@healthcare100.com', 'Cary Byrd'),
(224, 'cedricmagnehotmail-com', 'cedricmagne@hotmail.com', 'CEDRIC MAGNE'),
(225, 'boyners', 'boyners@hotmail.com', 'Cenk Bodur'),
(226, 'boynersgmail-com', 'boyners@gmail.com', 'cenk boduro\Zlu'),
(227, 'chadwienkin-com', 'chad@wienkin.com', 'Chad Wienczkowski'),
(228, 'cham', 'a@k.com', 'cham mamn'),
(229, 'diginmotionsbcglobal-net', 'diginmotion@sbcglobal.net', 'Chao Bao'),
(230, 'ChaosNation13', 'chaosnation13@gmail.com', 'Chaos Nation'),
(231, 'charles-dedreuillegmail-com', 'charles.dedreuille@gmail.com', 'Charles de Dreuille'),
(232, 'clhx0001', 'caesarwky@gmail.com', 'chen chen'),
(233, 'coosthuizenbergplatz-com', 'coosthuizen@bergplatz.com', 'Cheryl Oosthuizen'),
(234, 'pizza_chicoyahoo-com', 'pizza_chico@yahoo.com', 'chico pizza'),
(235, 'tonyadmediabuzz-com', 'tony@admediabuzz.com', 'Ching Fa Pao'),
(236, 'brown89127yahoo-com', 'brown89127@yahoo.com', 'chris brown'),
(237, 'chrisad', 'chris.garnier@hotmail.com', 'chris chgris'),
(238, 'ChrisGarnier', 'info@femibook.com', 'Chris Garnier'),
(239, 'GlzChris', 'gzlzchris@gmail.com', 'Chris Gonzalez'),
(240, 'chrisjakewaysyahoo-co-uk', 'chrisjakeways@yahoo.co.uk', 'Chris Jakeways'),
(241, 'chrisss', 'ngcnet@mac.com', 'chris kanqq'),
(242, 'chrisuba', 'chxmontoro@yahoo.com', 'Chris Uba'),
(243, 'JessuLindo', 'JessiLindo@aol.com', 'Chris Williams'),
(244, 'christianmiles40yahoo-com', 'christianmiles40@yahoo.com', 'christian miles'),
(245, 'christian-rieboldgmx-de', 'christian.riebold@gmx.de', 'Christian Riebold'),
(246, 'rieboldchristianlive-de', 'rieboldchristian@live.de', 'Christian Riebold'),
(247, 'christian-s-albrandgmail-com', 'christian.s.albrand@gmail.com', 'christian suarez albrand'),
(248, 'ryantracemytrip-com', 'ryan@tracemytrip.com', 'Christina Villis'),
(249, 'ChristinaYu', 'ozawachristina27@yahoo.com', 'Christina Yu'),
(250, 'christophdefryn', 'xgportal@gmail.com', 'Christoph Defryn'),
(251, 'chris-brewerzavoodi-com', 'chris.brewer@zavoodi.com', 'Christopher Brewer'),
(252, 'kingtip', 'k40afs@gmail.com', 'christopher joseph harris'),
(253, 'cdm_4yahoo-com', 'cdm_4@yahoo.com', 'Christopher Mcclendon'),
(254, 'ChristophorusKanakis', 'ngcnet@gmail.com', 'Christophorus Kanakis'),
(255, 'oaggelosougmail-com', 'oaggelosou@gmail.com', 'christophorus kanakis'),
(256, 'christos100proofsoftware-com', 'christos@100proofsoftware.com', 'Christos Georgoulas'),
(257, 'chuotcon', 'chuotcon@younetco.com', 'Chu?t con'),
(258, 'chupatetaantonieta', 'deliciosa.do.funk@gmail.com', 'chupa teta antonieta'),
(259, 'ciao', 'ciao@gmail.com', 'ciao  mecia'),
(260, 'cinthia', 's.s.h.1066@gmail.com', 'Cinthia Cristopher'),
(261, 'clintairymail-com', 'clintair@ymail.com', 'Clint Air'),
(262, 'conorspotnext-co-uk', 'conor@spotnext.co.uk', 'conor donnelly'),
(263, 'corlisssankeylive-com', 'CorlissSankey@live.com', 'Corliss Sankey'),
(264, 'jc-gintoki-salesgmail-com', 'jc.gintoki.sales@gmail.com', 'Corza'),
(265, 'csiringiyahoo-com', 'csiringi@yahoo.com', 'cosby siringi'),
(266, 'Cummings', 'amirah.cummgs@gmail.com', 'Cummings'),
(267, 'CummingsAmirah', 'amirah.cummings@gmail.com', 'CummingsAmirah'),
(268, 'CneytMusaSentrk', 'cuneyt-senturk@windowslive.com', 'Cneyt Musa Sentrk'),
(269, 'cuteonlinecate', 'sdhdfhdlastname@yahoo.com', 'cuteonlinecate'),
(270, 'cutetreeshop', 'aasdg53@yahoo.com', 'cutetreeshop'),
(271, 'jjandjakecomcast-net', 'jjandjake@comcast.net', 'Cynthia J Moore'),
(272, 'onevoice', 'words247@gmail.com', 'D. Patrick'),
(273, 'daflo', 'daflo@cust.in', 'Da Flo'),
(274, 'damaskus26', 'vtzlaukoz@hotmail.com', 'damaskus26'),
(275, 'dadadada', 'dadada@dada.com', 'damian gonzalez'),
(276, 'DamienBlackwell', 'magicmusicwizard@yahoo.com', 'Damien Blackwell'),
(277, 'danman2323', 'danmgross@hotmail.com', 'Dan Gross'),
(278, 'DanangEsb', 'dnang99@gmail.com', 'Danang Esb'),
(279, 'hjbarrazagmail-com', 'hjbarraza@gmail.com', 'Daniel Alcocer Martinez'),
(280, 'infoiantique-com', 'info@iantique.com', 'Daniel Briddle'),
(281, 'dwc127aol-com', 'dwc127@aol.com', 'Daniel Costa'),
(282, 'dani', 'daniesp83@hotmail.com', 'daniel Gil Contreras'),
(283, 'dannyn424yahoo-com', 'dannyn424@yahoo.com', 'Daniel Neama'),
(284, 'daniel-stone692wku-edu', 'Daniel.stone692@wku.edu', 'Daniel Stone'),
(285, 'contactstreetlamp-it', 'contact@streetlamp.it', 'Daniele Vital'),
(286, 'daniel-vitalstreetlamp-it', 'daniel.vital@streetlamp.it', 'Daniele Vital'),
(287, 'DanielMark', 'mark100279@yahoo.com', 'DanielMark'),
(288, 'phio-asiagmail-com', 'ruffdanny@gmail.com', 'Danny'),
(289, 'dnyf21', 'dnyf21@yahoo.com', 'Danny Florian'),
(290, 'testd', 'testd@younetco.com', 'Danny Len'),
(291, 'Danny', 'service@thepavinggroup.com', 'Danny Mendoza'),
(292, 'dannythepavinggroup-com', 'danny@thepavinggroup.com', 'danny@thepavinggroup.com'),
(293, 'mtmthaunyewdu-com', 'mtmthaun@yewdu.com', 'daquieze marshall'),
(294, 'teste999999', 'darcy@animextreme.com.br', 'Darcy Filho'),
(295, 'darengordonlive-com', 'darengordon@live.com', 'Daren Gordon'),
(296, 'michellempreciousseeds-com', 'darrylm@preciousseeds.com', 'Darryl Montague'),
(297, 'thaunofamericayewdu-com', 'thaunofamerica@yewdu.com', 'Daryl Jackson'),
(298, 'katapult', 'sixtyseven.das@gmail.com', 'dasdddasdasdas dasdsada'),
(299, 'dadsdasdasd', 'dddd@d.com', 'dasdsad sdasaas'),
(300, 'dasilva', 'jorgedas@terra.es', 'dasoaw asawasww'),
(301, 'dabingdonmac-com', 'dabingdon@mac.com', 'David Abingdon'),
(302, 'davidtbaron', 'davidtbaron35@mac.com', 'David Baron'),
(303, 'DavidBlack', 'dawid.blachowski@gmail.com', 'David Black'),
(304, 'paypalapp4mac-com', 'paypal@app4mac.com', 'David Calligaris'),
(305, 'yadid1975gmail-com', 'yadid1975@gmail.com', 'david lauer'),
(306, 'bodymencthebodymen-com', 'bodymenc@thebodymen.com', 'David Meunier'),
(307, 'assetsandwealthgmail-com', 'assetsandwealth@gmail.com', 'David Oppenheimer'),
(308, 'davidscandroli', 'davidscandroli@gmail.com', 'David Scandroli'),
(309, 'david', 'david@cmpu.com', 'david smith'),
(310, 'da1vid', 'david.sovec@gmail.com', 'David Sovec'),
(311, 'hazelparkwelkinprint-com', 'hazelpark@welkinprint.com', 'David Yousif'),
(312, 'david-tracktrackcompanies-com', 'david.track@trackcompanies.com', 'david.track@trackcompanies.com'),
(313, 'teckand', 'slk@trash-mail.com', 'dddd dddd'),
(314, 'ddddjus', 'ddd@hotm.com', 'dddjus 2'),
(315, 'riooo', 'rio@rio.com', 'ddfdf dfdfdfd'),
(316, 'dearsa0163', 'dearsa01@163.com', 'dearsa0163 dearsa0163'),
(317, 'jamesjameswildish-com', 'james@jameswildish.com', 'Deborah Wildish'),
(318, 'deeblock', 'ruffdee@gmail.com', 'deeblock'),
(319, 'deen05', 'deen05@hotmail.com', 'deen05 dee555'),
(320, 'DeepakPatel', 'dipsvstl@gmail.com', 'Deepak Patel'),
(321, 'deepakddsgmail-com', 'deepakdds@gmail.com', 'Deepak Shinde'),
(322, 'dejanmelbgmail-com', 'dejanmelb@gmail.com', 'dejan Lazic'),
(323, 'dekfan', 'dekfan@gmail.com', 'dekfan dekfan'),
(324, 'demoheat', 'heatdemo@gmail.com', 'demo heat'),
(325, 'demo', 'rolerguido@hotmail.com', 'demo sadiu'),
(326, 'spahovmail-ru', 'Spahov@mail.ru', 'Denis Spakhov'),
(327, 'denver', 'denver_wilcox@yahoo.com', 'Denver Wilcox'),
(328, 'derf', 'marek_vana@centrum.cz', 'derf'),
(329, 'matthewsx2hotmail-co-uk', 'matthewsx2@hotmail.co.uk', 'dermot matthews'),
(330, 'dajedyyahoo-com', 'dajedy@yahoo.com', 'derrick jones'),
(331, 'devil', 'devil204@yahoo.com', 'devil lam'),
(332, 'devillam204', 'abc@gmail.com', 'devillam204'),
(333, 'dex23live-com', 'dex23@live.com', 'Dexter Journet'),
(334, 'sdfsdf', 'live@yampid.org', 'dfdf dfdsf'),
(335, 'sdfgds', 'asasa@yahoo.gr', 'dfdf fddf'),
(336, 'dssdds', 'patrice@app4mac.com', 'dfdsf dsfdsdf'),
(337, 'dfdsfdsf', 'sdfgsdfsd@sdfsdf.com', 'dfdsfdsf'),
(338, 'calvinprasad', 'cprasad@gmail.com', 'dfg fgf'),
(339, 'asassssdf', 'werwer@mail.ru', 'dfgdfg dfgdfg'),
(340, 'skdfjgk', 'beyinsiz@gmail.com', 'dgfkj klsdjf'),
(341, 'fgiannakas', 'giannakasd@gmail.com', 'Di Gi'),
(342, 'dian-sumiskumlive-com', 'dian.sumiskum@live.com', 'Dian Sumiskum'),
(343, 'dienit02', 'kimdien07@yahoo.com', 'dienit02'),
(344, 'DimiSgfsdgsd', 'dimitri-dj@live.nl', 'Dimi Sgfsdgsd'),
(345, 'dimitrissereleashotmail-com', 'dimitrissereleas@hotmail.com', 'Dimitrios Sereleas'),
(346, 'dincerturan58', 'dincerturan58@hotmail.com', 'Dincer Turan'),
(347, 'future', 'dineshreddy4211@gmail.com', 'Dinesh Reddy'),
(348, 'dino', 'dinobih@yahoo.com', 'dino bosna'),
(349, 'dinositeyahoo-com', 'dinosite@yahoo.com', 'Dino Redzic'),
(350, 'dipsy', 'ricardodipsy@yahoo.com', 'dipsy ricardo'),
(351, 'dmitrijs-veidogmail-com', 'dmitrijs.veido@gmail.com', 'Dmitrijs Veido'),
(352, 'DogruHaberinAdresiMillihaberci', 'millihaberci@hotmail.com', 'Dogru Haberin Adresi Millihaberci'),
(353, 'DokjinYoon', 'dokjin@gmail.com', 'Dokjin Yoon'),
(354, 'dtruong611gmail-com', 'dtruong611@gmail.com', 'Dong Truong'),
(355, 'lasara', 'ibukoni@gmail.com', 'Doroth Benedict'),
(356, 'JoshSBenninge', 'JBenYork@aol.com', 'Dorothy Ali'),
(357, 'demotest', 'ologio@gmail.com', 'doug jordan'),
(358, 'DogDB', 'dovecot@i.ua', 'dovecot Noname'),
(359, 'eyetmatesyahoo-co-uk', 'eyetmates@yahoo.co.uk', 'DRAKE SEMTAMU'),
(360, 'dreamboy', 'khimdhua@gmail.com', 'Dream Boy'),
(361, 'dstonesoundlion-com', 'DStone@Soundlion.com', 'DStone@Soundlion.com'),
(362, 'kelotz', 'kelotz@msn.com', 'Dwarven Sniper'),
(363, 'Dyenira', 'Rerisnor@optonline.net', 'Dyenira Dye'),
(364, 'doos101', 'doos_101@yahoo.com', 'Dylan Ocean'),
(365, 'e-arnould3wanadoo-fr', 'e.arnould3@wanadoo.fr', 'e.arnould3@wanadoo.fr'),
(366, 'brash823', 'brash823@yahoo.com', 'Ed Powers'),
(367, 'eddie', 'eillidge@yahoo.com', 'Eddie Illi'),
(368, 'DeeJayEddieB', 'admin@digitekz.com', 'Eddie Sears'),
(369, 'adminperu-store-com', 'admin@peru-store.com', 'Eduardo Espinosa'),
(370, 'eduardopaze-global-es', 'eduardopaz@e-global.es', 'Eduardo Paz Lloveras'),
(371, 'eferriganme-com', 'eferrigan@me.com', 'Edward Ferrigan'),
(372, 'edwa781gmail-com', 'edwa781@gmail.com', 'Edward Rosario'),
(373, 'eargotehomedata-com-co', 'eargote@homedata.com.co', 'Edwin Argote'),
(374, 'mareckyya-com', 'marecky@ya.com', 'Edyta Dziopa'),
(375, 'fullerenster', 'fullerenster@gmail.com', 'Egor Nazarov'),
(376, 'einargrevehushmail-com', 'einargreve@hushmail.com', 'Einar Greve'),
(377, 'eladbicergmail-com', 'eladbicer@gmail.com', 'Elad Bicer'),
(378, 'elissa', 'elissa2000@gmail.com', 'elissa elissa'),
(379, 'JennievJacoy', 'JenJacobHappenin@aol.com', 'Elizabeth Jones'),
(380, 'jaslee_phyahoo-com', 'jaslee_ph@yahoo.com', 'Elizabeth Russo'),
(381, 'ella', 'ella@leentechsystems.com', 'ella banez'),
(382, 'EllisaSweet', 'sfewtime@yahoo.com', 'EllisaSweet'),
(383, 'elvise', 'elvise@hotmail.it', 'elvis piobbico'),
(384, 'testee', 'teste@younetco.com', 'Elyna Mary'),
(385, 'EmanueleCapolongo', 'djmanu.94@hotmail.it', 'Emanuele Capolongo'),
(386, 'eperrier60gmail-com', 'eperrier60@gmail.com', 'Emmanuel Perrier'),
(387, 'emoney', 'emoneytree@make-a-mill.com', 'emoney mclaurin'),
(388, 'ercangoeksuhotmail-com', 'ercangoeksu@hotmail.com', 'Ercan'),
(389, 'adsdevace-com', 'ads@devace.com', 'Eric Aghadiuno'),
(390, 'EricFreyhart', 'nexxus@furnation.com', 'Eric Freyhart'),
(391, 'salesnovia-com-sg', 'sales@novia.com.sg', 'Eric Lim'),
(392, 'emoneytree', 'info@make-a-mill.com', 'eric mclaurin'),
(393, 'mclaurin_ericyahoo-com', 'mclaurin_eric@yahoo.com', 'eric mclaurin'),
(394, 'eric', 'eric4u5@gmail.com', 'Eric Smith'),
(395, 'testa1', 'daniel@test.se', 'Erik FFaf'),
(396, 'helpbraintraining101-com', 'help@braintraining101.com', 'Erin Leigh Matlock'),
(397, 'salesgatassandunguerasdvdstore-com', 'sales@gatassandunguerasdvdstore.com', 'Ernesto Izquierdo'),
(398, 'ernis', 'ernislita@gmail.com', 'Ernis Lita'),
(399, 'enhuush', 'no@yah.com', 'erwer ewrw'),
(400, 'testingwoman', 'rosempv1964@gmail.com', 'Esther Muller'),
(401, 'vr_trekhotmail-com', 'Vr_trek@Hotmail.com', 'Eugene Crocco'),
(402, 'EusebioVianaReal', 'usepapa@hotmail.com', 'Eusebio Viana Real'),
(403, 'ujinsmailgmail-com', 'ujinsmail@gmail.com', 'Evgeny Gavrilin'),
(404, 'EyoBassey', 'eyobassey@gmail.com', 'Eyo Bassey'),
(405, 'EzJewels', 'social@ezjewels.com', 'Ez Jewels'),
(406, 'fadhlyfhaz', 'fadhlyfhaz@gmail.com', 'Fadhly Fhazholle'),
(407, 'FaisalAlshalahi428', 'mr1@faisal.be', 'Faisal Alshalahi'),
(408, 'faithfully', 'ff@satrianeocrews.com', 'faith lohan'),
(409, 'adminmycyberfreaks-com', 'admin@mycyberfreaks.com', 'Fallacy M Myers'),
(410, 'fanfanfan', '1910200503@qq.com', 'fanfanfan'),
(411, 'faridpersia', 'farid_persia_2000@hotmail.com', 'Farid Irani'),
(412, 'FarisVib', 'farisvib@gmail.com', 'Faris Vib'),
(413, 'FarrellLuiza', 'luiza18farrell@gmail.com', 'Farrell Luiza'),
(414, 'riean', 'riean@yahoo.com', 'fasdf fadf'),
(415, 'FatihiKinciProfil', 'fatihikinci22@hotmail.com', 'Fatih IKinci'),
(416, '222222', 'sibercadde@gmail.com', 'fatih y?ld?r?m'),
(417, 'FbnyaRudy', 'irda_rudy@yahoo.com', 'Fbnya Rudy'),
(418, 'dddd', 'test@wp.pl', 'fdgh fhhgf'),
(419, 'officeartfellas-com', 'office@artfellas.com', 'FEDERICO CONTINI'),
(420, 'Shagaum', 'fedor77@gmail.com', 'Fedor N'),
(421, 'surfrio', 'sony2000@ig.com.br', 'Felipe Ribas'),
(422, 'Fernandopvolk', 'fvolk76@hotmail.com', 'Fernando Perez Volk'),
(423, 'ffang', 'ffang86@gmail.com', 'ffang ffang'),
(424, 'uvininfoway', 'zaky526@hotmail.com', 'fgdf gdfg'),
(425, 'fidelg3gmail-com', 'fidelg3@gmail.com', 'Fidel Guajardo'),
(426, 'modules2fly', '234234asdfwe@fasef3ss3f.com', 'First Last'),
(427, 'comnuoc', 'e.spirit@yahoo.com', 'First Last'),
(428, 'FlorianDanny', 'dnyf21@gmail.com', 'Florian Danny'),
(429, 'flypilot', 'azmortgage101@msn.com', 'fly pilot'),
(430, 'franczeroworks-com', 'franc@zeroworks.com', 'franc@zeroworks.com'),
(431, 'andretijaniyahoo-com', 'andretijani@yahoo.com', 'Francis Yovonie'),
(432, 'FranckEsquivel', 'franckesquivel@yahoo.com', 'FranckEsquivel'),
(433, 'FrancoBorrini', 'onfranco@gmail.com', 'Franco Borrini'),
(434, 'royce5', 'blisslife@gmail.com', 'Frantzy Fils'),
(435, 'freespirit', 'urbanpioneer@sbcglobal.net', 'Free Spirit'),
(436, 'friendsmoo', 'remo_rex007@yahoo.com', 'Friendsmoo .com'),
(437, 'friendsta', 'paulmcguane@westnet.com.au', 'Friendsta dot net'),
(438, 'AUAD', 'fuado@msn.com', 'Fuad Alyounes'),
(439, 'kkeeland', 'kkeeland@gmail.com', 'fwef wef'),
(440, 'gior', 'giorgino@me.com', 'g F'),
(441, 'infodbprogram-net', 'info@dbprogram.net', 'G.Luca De Bortoli'),
(442, 'gamexray', 'admin@gamexray.com', 'gamexray.com'),
(443, 'GaneshJSalunkhe', 'wedant_ganesh@yahoo.co.in', 'Ganesh J. Salunkhe'),
(444, 'tumy', 'garik.tumanyan@mail.ru', 'Garik Tumy'),
(445, 'scruggsgmgmail-com', 'scruggsgm@gmail.com', 'Garland -Gary- Scruggs'),
(446, 'barry', 'wabisabi1819@yahoo.co.uk', 'gary barry'),
(447, 'donaterestoretherepublic-com', 'donate@restoretherepublic.com', 'Gary Franchi'),
(448, 'Dazzy', 'garymoncrieff@googlemail.com', 'Gary Moncrieff'),
(449, 'adminmother2mother-com', 'admin@mother2mother.com', 'Gary Muller'),
(450, 'gauriel', 'gauriel@msn.com', 'gauriel gauss'),
(451, 'gcruzv', 'gcruzv@gmail.com', 'gcruzv gcru'),
(452, 'contactonortecreativo-info', 'contacto@nortecreativo.info', 'Geiner Rios Ruiz'),
(453, 'gelu', 'gelumedal@hotmail.com', 'gelu design'),
(454, 'gelusafqwf', 'gelukkass@yahoo.com', 'GeLu www.dhostnet.com'),
(455, 'GenevaSapphireAveria', 'sapphire02_jts2010@yahoo.com', 'Geneva Sapphire Averia'),
(456, 'Gesbycom', 'william@assapr.com', 'Gesby .com'),
(457, 'infouzood-com', 'info@uzood.com', 'Gevorg'),
(458, 'fgfhsfhgf', 'animaluniverse@hotmail.com', 'gffhdfg fghfhb'),
(459, 'semodsheiko', 'heikorow@googlemail.com', 'gg gg'),
(460, 'Doodlez', 'adteam@dsl.ge', 'Gia Gabadadze'),
(461, 'toanh', 'blue_xman@yahoo.com.vn', 'Gin Con'),
(462, 'giancon', 'giancon@mailinator.com', 'Gin Con'),
(463, 'giancon204', 'giancon204@yahoo.com', 'giancon gianme'),
(464, 'giancon1', 'giancon1@gmail.com', 'giancon1 giancon1'),
(465, 'giancon2', 'giancon2@gmail.com', 'giancon2 giancon2'),
(466, 'giancon4', 'giancon4@gmail.com', 'giancon4 giancon4'),
(467, 'giancon6', 'giancon6@gmail.com', 'giancon6 giancon6'),
(468, 'giancon7', 'giancon7@gmail.com', 'giancon7 giancon7'),
(469, 'gitrdone', 'rancompt@yahoo.com', 'Git R Done'),
(470, 'GiteshRvtechDang2', 'gitesh.rvtech@gmail.com', 'GiteshRvtechDang2'),
(471, 'pinopiramidesoft-it', 'pino@piramidesoft.it', 'GIUSEPPE ATTARDI'),
(472, 'TheMeisterGlenn', 'jivemeister12@yahoo.com', 'Glenn Ochoa'),
(473, 'MeisterGlenn', 'themeisterglenn@yahoo.com', 'Glenn Ochoa'),
(474, 'glennochoa', 'mrpornshark@yahoo.com', 'Glenn The Meister'),
(475, 'darkf', 'axixil04@gmail.com', 'gmenali hunan'),
(476, 'gossewebfriendsmlm-com', 'gosse@webfriendsmlm.com', 'Gosse westra'),
(477, 'govind', 'igovindmenon@gmail.com', 'Govind Menon'),
(478, 'friendsicuall-com', 'friends@icuall.com', 'grace solivan'),
(479, 'GrasaBello', 'grasa@mail.org', 'Grasa Bello'),
(480, 'gregb', 'bernardo.gregory@gmail.com', 'Greg B'),
(481, 'greg', 'gabrieln777@yahoo.com', 'greg brady'),
(482, 'gregoireguillet', 'contact@pixyweb.com', 'Greg Guillet'),
(483, 'gregpaypaloberfield-net', 'greg+paypal@oberfield.net', 'Greg Oberfield'),
(484, 'gregoireguilletgmail-com', 'GregoireGuillet@gmail.com', 'Gregoire Guillet'),
(485, 'gregrocknmotion-com', 'greg@rocknmotion.com', 'Gregory Barnett'),
(486, 'bodogroupweb-de', 'bodogroup@web.de', 'Griselda Enciso'),
(487, 'serafinipy', 'edgarserafini@hotmail.com', 'Grupo Serafini'),
(488, 'lince011yahoo-com', 'lince011@yahoo.com', 'Guerlince Semerzier'),
(489, 'pagospradpi-org', 'pagos@pradpi.org', 'Guillermo Escobar Roca'),
(490, 'gm-barrientostechnosouth-com-ar', 'gm.barrientos@technosouth.com.ar', 'Gustavo Barrientos'),
(491, 'gusbar', 'info@technosouth.com.ar', 'Gustavo Barrientos'),
(492, 'gzzzz', 'gzooksite@yahoo.com', 'gzaeeisnee gzdfsfsdfsd'),
(493, 'hackmind', 'hackmind@hotmail.com', 'Hack Mind'),
(494, 'Hacker', 'mirkogen@aol.it', 'Hacker Gelsos'),
(495, 'nguyenngochai', 'nguyenngochai@hotmail.com', 'H?i Nguy?n Ng?c'),
(496, 'haidywild', 'haidysulaiman81@gmail.com', 'haidy sulaiman'),
(497, 'HaidySulaiman', 'haidysulaiman@gmail.com', 'Haidy Sulaiman'),
(498, 'HaikNahapetian', 'haik@mundolance.com', 'Haik Nahapetian'),
(499, 'tienlv2', 'tienlv2@mailinator.com', 'Halu Hula'),
(500, 'angali-hgmail-com', 'angali.h@gmail.com', 'Hamid Angali Nezhad'),
(501, 'hamid54', 'securityhmd@gmail.com', 'hamidou djaber'),
(502, 'hamidoudjaber', 'securitypts@gmail.com', 'hamidou djaber'),
(503, 'hamza123', 'hamza.siddiqui@msn.com', 'hamza123'),
(504, 'hans-pandeyagmail-com', 'hans.pandeya@gmail.com', 'Hans Pandeya'),
(505, 'hahaha', 'hi_temp@hotmail.com', 'Harry Barry'),
(506, 'haste', 'ponlayookm@gmail.com', 'haste hastee'),
(507, 'salesdesigners-paradise-co-uk', 'sales@designers-paradise.co.uk', 'Hayley Moore'),
(508, 'hebo', 'dahabit@gmail.com', 'hebo hebo'),
(509, 'helenopensource-it-com-au', 'helen@opensource-it.com.au', 'helen Hornsby'),
(510, 'SeallyjShermanx', 'seallovesfish@aol.com', 'Helen Rodriguez'),
(511, 'helloworld', 'lukedl@live.co.uk', 'Hello World'),
(512, 'helloa', 'helloa@yahoo.com', 'hello you'),
(513, 'xoddzyahoo-com', 'xoddz@yahoo.com', 'hendra prasetya'),
(514, 'henri-soemartonoyahoo-com', 'henri.soemartono@yahoo.com', 'Henri Soemartono'),
(515, 'heoheo', 'tienlv@younetsolution.com', 'Heo Heo'),
(516, 'hongadiyahoo-com', 'hongadi@yahoo.com', 'Hesborne Ongadi'),
(517, 'HeshamAmiri', 'hesham.amiri@gmail.com', 'Hesham Amiri'),
(518, 'mohamedhassan', 'mohamedaddress@yahoo.com', 'hi hi'),
(519, 'HiBuu', 'ernislita@hotmail.it', 'HiBuu Com'),
(520, 'hieubeo', 'hieubeo_2002@yahoo.com', 'hieu beo'),
(521, 'hikmet', 'hikmet_huseynov@hotmail.com', 'Hikmet Huseynov'),
(522, 'Hilquias', 'hilquiasribeiro@gmail.com', 'Hilquias Ribeiro'),
(523, 'HiltonPamela', 'deglooco@gmail.com', 'HiltonPamela'),
(524, 'hirpatel', 'hirpatel50@gmail.com', 'hir patel'),
(525, 'hiruto', 'lewis.hoang@hotmail.com', 'hiruto'),
(526, 'HirutoSin', 'hiruto.sin@gmail.com', 'Hiruto Sin'),
(527, 'hitkitz', 'hitkitz@yahoo.com', 'hitch kitmen'),
(528, 'nguyenanhhoa', 'nguyenanhhoa2000@yahoo.com', 'Hoa N'),
(529, '123456', 'hoa.nguyenanh@gmail.com', 'hoa nguyen'),
(530, 'huynhnv', 'huynhnv88@gmail.com', 'Hoang Nguyen'),
(531, 'HongThNguyn', 'nguyenhoang1032004@gmail.com', 'Hong Th? Nguy?n'),
(532, 'bijaneyeexposure-com', 'bijan@eyeexposure.com', 'hojat garakani'),
(533, 'hong245', 'cathy95522@gmail.com', 'hong245 hong245'),
(534, 'hrachv', 'hrac1984@yahoo.com', 'Hrach Vardanyan'),
(535, 'mushtruckingyahoo-com', 'mushtrucking@yahoo.com', 'Hrachya Vardanyan'),
(536, 'huangyouguo', 'huangyouguo123@gmail.com', 'huang youguo'),
(537, 'hungpd', 'hungpd@younetco.com', 'Hung Phan'),
(538, 'hunterbarefootsolutions-com', 'hunter@barefootsolutions.com', 'Hunter Jensen'),
(539, 'husseinthoughts', 'hussein.vt@gmail.com', 'Hussein Ahmed'),
(540, 'iamstupid', 'iamstupid@hotmail.com', 'iam stupid'),
(541, 'RisKatOr', 'riskator@gmail.com', '?BRAH?MO?LU Mikail'),
(542, 'idonthaveyet', 'idonthave@idonthave.com', 'idonthaveyet'),
(543, 'ilamaj', '09lamaj@gmail.com', 'Igli Lamaj'),
(544, 'thestcubegmail-com', 'iglitk@gmail.com', 'igli lamaj'),
(545, 'infoleprecontrading-com', 'info@leprecontrading.com', 'Igor Riabov'),
(546, 'igorartservice-ru', 'igor@artservice.ru', 'igor@artservice.ru'),
(547, 'ihoppirra51', 'ihoppirra_51@yopmail.com', 'ihoppirra51'),
(548, 'adsa', 'imran72memmedov@mail.ru', 'Imran Memmedov'),
(549, 'georglaradio', 'elvallenatocolombia@gmail.com', 'in col'),
(550, 'IncAskHost', 'registredinc@gmail.com', 'Inc AskHost'),
(551, 'infochurchesincyprus-com', 'info@churchesincyprus.com', 'info@churchesincyprus.com'),
(552, 'infohypergate-records-com', 'info@hypergate-records.com', 'info@hypergate-records.com'),
(553, 'intoxmarketinggmail-com', 'intoxmarketing@gmail.com', 'intoxmarketing@gmail.com'),
(554, 'Invision', 'Invision@vtomske.ru', 'Invision 2010'),
(555, 'dondleymail-com', 'dondle@ymail.com', 'Ioan Balea'),
(556, 'irams_84hotmail-com', 'irams_84@hotmail.com', 'Iram Saadia'),
(557, 'IshaqMohammed', 'qatarfasion@gmail.com', 'Ishaq Mohammed'),
(558, 'supportgiochipay-com', 'support@giochipay.com', 'Ivan Javier Leoni'),
(559, 'Callao', 'freetempo4wr@hotmail.com', 'Ivan Mercado Morel'),
(560, 'iznaur1hotmail-co-uk', 'iznaur1@hotmail.co.uk', 'Iznaur Albakov'),
(561, 'jaceknetsystem-info-pl', 'jacek@netsystem.info.pl', 'Jacek Guzek'),
(562, 'JadielHercules', 'jadielh@gmail.com', 'Jadiel Hercules'),
(563, 'infonjenate-com', 'info@njenate.com', 'Jaha Deliu'),
(564, 'jimread21hotmail-com', 'jimread21@hotmail.com', 'James'),
(565, 'carolinejamesburfield-com', 'caroline@jamesburfield.com', 'James Burfield'),
(566, 'jamesconrow', 'James_conrow@hotmail.com', 'James Con'),
(567, 'jimmycamospace-com', 'jimmy@camospace.com', 'James Coulbourne'),
(568, 'lordanbell-net', 'lordan@bell.net', 'James dedo'),
(569, 'jkibblebeyondsportsllc-com', 'jkibble@beyondsportsllc.com', 'James Kibble'),
(570, 'allprointernetgmail-com', 'allprointernet@gmail.com', 'James Kopp'),
(571, 'webmastersoftwarenation-com', 'webmaster@softwarenation.com', 'James Robertson'),
(572, 'j12will12yahoo-com', 'j12will12@yahoo.com', 'James Willis'),
(573, 'janvonhalle-de', 'jan@vonhalle.de', 'Jan-Christoph von Halle'),
(574, 'janeuu', 'OJAINIFER@YAHOO.COM', 'jane oumar'),
(575, 'jasbirsaini', 'jasbir.saini.2010@gmail.com', 'jasbir singh'),
(576, 'm-ma7roomhotmail-com', 'm.ma7room@hotmail.com', 'jasim mohamed'),
(577, 'jasonmorethanrewards-com', 'jason@morethanrewards.com', 'Jason Brethorst'),
(578, 'infojasonhealy-net', 'info@jasonhealy.net', 'Jason Healy'),
(579, 'electroniccigarette', 'electronicbestcig@yahoo.com', 'jason jay'),
(580, 'supportchatternetworks-co', 'support@chatternetworks.co', 'Jason Mathews'),
(581, 'rmjavier06', 'r_m_javier@hotmail.com', 'Javier Rojas'),
(582, 'jayrellik', 'jay_rellik@yahoo.fr', 'Jay rellik'),
(583, 'woorerrahotmail-com', 'woorerra@hotmail.com', 'Jay-P Pi'),
(584, 'jean5mgreenjobs-org', 'jean@5mgreenjobs.org', 'jean william'),
(585, 'konpaevents', 'konpaevents@hotmail.com', 'jean Yesf'),
(586, 'j-bonicarddbgroup-world-com', 'j.bonicard@dbgroup-world.com', 'Jean-Christophe Bonicard'),
(587, 'discount-jeanlouissfr-fr', 'discount.jeanlouis@sfr.fr', 'JEAN-LOUIS CROCHEMORE'),
(588, 'jguiraoca-rr-com', 'patrick@thisisbeyond.com', 'Jean-Michel Guirao'),
(589, 'jphilb67gmail-com', 'jphilb67@gmail.com', 'jean-philippe brun'),
(590, 'jeanpalss', 'jeanpauling@hotmail.com', 'jeanpalss'),
(591, 'jeff_bscchotmail-com', 'jeff_bscc@hotmail.com', 'Jeff Brown'),
(592, 'jeff_blubaughhotmail-com', 'jeff_blubaugh@hotmail.com', 'Jeffery'),
(593, 'jeffreygrinteractive-com', 'jeffrey@whiskyguild.com', 'Jeffery karlovitch'),
(594, 'JeffreyBao', 'zododo@gmail.com', 'Jeffrey Bao'),
(595, 'jdukelawgmail-com', 'jdukelaw@gmail.com', 'Jeffrey Duke'),
(596, 'jefflederhausgmail-com', 'jefflederhaus@gmail.com', 'Jeffrey Lederhaus'),
(597, 'jscorciagmail-com', 'jscorcia@gmail.com', 'Jeremy Scorcia'),
(598, 'jerome123', 'rome_492000@yahoo.com', 'jerome123'),
(599, 'jeromep', 'queen3007@yahoo.com', 'jeromep'),
(600, 'wackycomputersgmail-com', 'wackycomputers@gmail.com', 'Jerry Van Cleve'),
(601, 'wangdaze999', 'wangdaze9@yahoo.com.cn', 'jerseys jerseys'),
(602, 'jerseys123', 'wtingting75@gmail.com', 'jerseys123'),
(603, 'jessicamilitoni', 'animaluniverse@mail.com', 'jessicamilitoni'),
(604, 'JesusEspinoza', 'dre.godfather@gmail.com', 'Jesus Espinoza'),
(605, 'jesus_espinoza3yahoo-com', 'Jesus_Espinoza3@yahoo.com', 'jesus espinoza'),
(606, 'jesus2010', 'ortegasolis@hotmail.com', 'jesus jusus'),
(607, 'wedothewebs', 'wedothewebs@gmail.com', 'Jewel Kuri'),
(608, 'julie', 'julie@references-etc.com', 'jewels'),
(609, 'jhfoster00yahoo-com', 'jhfoster00@yahoo.com', 'jhfoster00@yahoo.com'),
(610, 'jimjim', 'jim@yopmail.com', 'jim jim'),
(611, 'LynnesCohoone', 'lynnesugarsweet@aol.com', 'Jim Rossi'),
(612, 'jaxmax', 'info@jashealcreative.com', 'jimm bob'),
(613, 'JinoDavid', 'umail30@ymail.com', 'Jino David'),
(614, 'jerseyso', 'zyj.jiao@gmail.com', 'Jo Jo'),
(615, 'jpkastaol-com', 'jpkast@aol.com', 'jo penn-kast'),
(616, 'infomodabook-net', 'info@modabook.net', 'Joas Scicchitano'),
(617, 'FJay', 'francis@ski-ride.com', 'Joe Beer'),
(618, 'joedebie', 'joedebie@taxup.com', 'joe debie'),
(619, 'babionfire', 'joelnzi1@gmail.com', 'Joel NZI'),
(620, 'hanscosmobrandlab-com', 'hans@cosmobrandlab.com', 'Johann Wembacher'),
(621, 'johnjrjcomps-com', 'johnj@rjcomps.com', 'John'),
(622, 'johngarycortex10yahoo-com', 'johngarycortex10@yahoo.com', 'John Gary Mendizabal'),
(623, 'dbstillwatercomm-com', 'db@stillwatercomm.com', 'John Gavin'),
(624, 'johnyg701gmail-com', 'johnyg701@gmail.com', 'john mastrogiovanni'),
(625, 'metalkidmetalweb-net', 'metalkid@metalweb.net', 'John Rodriguez'),
(626, 'toughtko', 'toughtko@gmail.com', 'John Smith'),
(627, 'johnwibisono', 'setowibisono@yahoo.co.uk', 'John Wibisono'),
(628, 'JohnCase', 'pnv100accounts@yahoo.com', 'JohnCase'),
(629, 'JohnnyBoy', 'j.decav@hotmail.com', 'Johnny Boy'),
(630, 'jojomd', 'jojomd@gmail.com', 'jojomd'),
(631, 'joe-clarkeblueyonder-co-uk', 'joe.clarke@blueyonder.co.uk', 'Jonathan Clarke'),
(632, 'jimroboyahoo-co-uk', 'jimrobo@yahoo.co.uk', 'jonathan heavyside'),
(633, 'jimrobo', 'jonathan@homestills.com', 'Jonathan Heavyside'),
(634, 'jonathanleong', 'jonathan@eskyglobal.com', 'jonathan leong'),
(635, 'jonnysalasrevollo', 'cartagenerojsr@gmail.com', 'Jonny Salas Revollo'),
(636, 'JoompaulaGaweechat', 'ttenator@hotmail.com', 'Joompaula Gaweechat'),
(637, 'joost-dekkerchemsix-com', 'joost.dekker@chemsix.com', 'Joost Dekker'),
(638, 'jopaulmj', 'jopaulmj@gmail.com', 'Jopaul Mj'),
(639, 'jorgegabrielalfrezadn', 'jorgealferez@hotmail.com', 'Jorge Alferez Adan'),
(640, 'infoanuntilis-com', 'soporte@tecomento.es', 'Jorge da silva Santos'),
(641, 'tecomento-esgmail-com', 'tecomento.es@gmail.com', 'Jorge da silva Santos'),
(642, 'mauriceralbanoz', 'mauricealbano@aol.com', 'Jose Lewis'),
(643, 'dldannylopez-com', 'dl@dannylopez.com', 'Jose Lopez'),
(644, 'usuanet', 'luiswer_14@hotmail.com', 'jose luis g'),
(645, 'marcocelularhotmail-com', 'marcocelular@hotmail.com', 'Jos Marcos Ribeiro'),
(646, 'JosRicardoDurn', 'jricardoduran@gmail.com', 'Jos Ricardo Durn'),
(647, 'CarixRBabi', 'CariBabiBrown@aol.com', 'Jose Smith'),
(648, 'tgiblogsgmail-com', 'tgiblogs@gmail.com', 'Joseph Read'),
(649, 'salesdoobox-co-uk', 'sales@doobox.co.uk', 'joseph simpson'),
(650, 'joshuamelding', 'joshua.melding@gmail.com', 'josh meld'),
(651, 'jtstone88hotmail-com', 'jtstone88@hotmail.com', 'joshua mack'),
(652, 'joshwebb84', 'stevenwebb1984@aol.com', 'Joshua Webb'),
(653, 'jotazul44', 'net.arimatea@gmail.com', 'jotazul *'),
(654, 'sudan', 'musajoy1@gmail.com', 'joy love'),
(655, 'skajowo', 'skaj@email.cz', 'jrii mares'),
(656, 'vOrteXDUDES', 'lira-rock@hotmail.com', 'Juan Carlos'),
(657, 'laromanamusichotmail-com', 'laromanamusic@hotmail.com', 'juan guerrero'),
(658, 'servicedd2nite-com', 'service@dd2nite.com', 'Juan Ugas'),
(659, 'jewels', 'julia@references-etc.com', 'Julia Tompson'),
(660, 'supportiparte-com', 'support@iparte.com', 'Julia Tompson'),
(661, 'jfirlpure-connect-de', 'jfirl@pure-connect.de', 'Julius Firl'),
(662, 'infoanimaluniverse-com', 'animalunive@gmail.com', 'Junc Calin'),
(663, 'jurijtovarnaidej-si', 'jurij@tovarnaidej.si', 'Jurij Stukovnik'),
(664, 'JustinDBieber', 'jdbieber@friendkonnect.com', 'Justin DBieber'),
(665, 'supportescrowdns-com', 'support@escrowdns.com', 'Justin Godfrey'),
(666, 'JustinBoss', 'justinqaz@yahoo.com', 'JustinBoss'),
(667, 'KAbdurahman', 'spjald22@gmail.com', 'K Abdurahman'),
(668, 'kbaluD', 'balu143@gmail.com', 'k balu'),
(669, 'webtowerwebtower-org', 'webtower@webtower.org', 'Kacper Wierzbicki'),
(670, 'KaedonPrice', 'userctrl@live.com', 'Kaedon Price'),
(671, 'KalaAtlit947', 'kalaatlit@yahoo.com', 'Kala Atlit'),
(672, 'u76uuu', '7atashfeshan@gmail.com', 'Karimi Hamid'),
(673, 'adminfriendkonnect-com', 'admin@friendkonnect.com', 'Karin M McFarland'),
(674, 'ed45612runbox-com', 'ed45612@runbox.com', 'Karl Bartlett'),
(675, 'aaaaaaaaaaaaaaaaaaaaa', 'quibusus@gmail.com', 'Karol Danko'),
(676, 'salesadsyork-com', 'sales@adsyork.com', 'kasaram subrahmanyam'),
(677, 'kayota', 'lua_ps@yahoo.com', 'kayota'),
(678, 'kaz?m', 'ka_simsek@hotmail.com', 'kaz?m'),
(679, 'keaneh', 'h3keane@gmail.com', 'keane h'),
(680, 'mastery', 'keith@selfmasterysecrets.com', 'Keith Matthew'),
(681, 'kellon20', 'bilcu.iulian@gmail.com', 'Kellon 20'),
(682, 'erol', 'bir-tek-bir@hotmail.com', 'Kemal Yildiz'),
(683, 'kenken', 'ken@yopmail.com', 'ken ken'),
(684, 'dmbaamgmail-com', 'dmbaam@gmail.com', 'Ken landgrebe'),
(685, 'kenan', 'arakti@hotmail.com', 'kena ssa'),
(686, 'andyeyeblastmedia-com', 'andy@eyeblastmedia.com', 'Kenneth Hill'),
(687, 'dailycallsheetgmail-com', 'dailycallsheet@gmail.com', 'Kenneth Schoech'),
(688, 'iamsmurflive-com', 'iamsmurf@live.com', 'Kenny Mears'),
(689, 'bloger1', 'bloger1@yahoo.com', 'Kenny Su'),
(690, 'kenyabantu', 'lilkenya@inbox.com', 'Kenya Bantu'),
(691, 'kenzy', 'yizhiyw2@hotmail.com', 'kenzy kenzy'),
(692, 'keshidissanayaka', 'slrapdj@yahoo.com', 'Keshi Dissanayaka'),
(693, 'kevinahhotmail-no', 'kevinah@hotmail.no', 'Kevin Andre Hetland'),
(694, 'kevinparkstreetmg-com', 'kevin@parkstreetmg.com', 'Kevin Belanger'),
(695, 'awarenesscreationmac-com', 'awarenesscreation@mac.com', 'key'),
(696, 'kfir', 'gaara_sama13@hotmail.com', 'kfir kfir'),
(697, '1234', 'rock_lee2006@hotmail.com', 'kfir kfir'),
(698, 'khailn', 'khailn@younetco.com', 'khailn'),
(699, 'Khanh', 'minh13488@yahoo.com', 'Khanh Nguyen'),
(700, 'kmashanatahotmail-com', 'kmashanata@hotmail.com', 'Khattab Shanata'),
(701, 'infokhimdhua-com', 'info@khimdhua.com', 'Khimji Dhua'),
(702, 'cacac', 'nam150@hotmail.com', 'Khoi Van Lam'),
(703, 'Kien916', 'test@gmail.com', 'Kien'),
(704, 'kkklll929', 'taisaovay204@yahoo.com', 'Kien Lam'),
(705, 'asdasdddd', 'thikie222n@gmail.com', 'Kien Lam'),
(706, 'thikien123456', 'thikien234@gmail.com', 'kien lam'),
(707, 'kentalm', 'thikien@gmail.com', 'kien lam'),
(708, 'kien2000', 'tester123@gmail.com', 'kien2000'),
(709, 'kienlam1', 'angon2041@yahoo.com', 'kienlam1'),
(710, 'kijo', 'info@nintenderos.com', 'kijo'),
(711, 'vuagia01', 'vuagia01@gmail.com', 'king king'),
(712, 'King', 'king@yahoo.com', 'King Me'),
(713, 'wolf', 'remotefix@live.com', 'King Wolf'),
(714, 'kirk', 'kirpaul1@msn.com', 'kir paul'),
(715, 'kkklll624', 'thikien2002@yahoo.com', 'kkk lll'),
(716, 'kkkmmm641', 'toitengi2004@yahoo.com', 'kkk mmm'),
(717, 'koiface', 'shawn.rosen@hotmail.com', 'koiface koiface'),
(718, 'KongvongsaySaul', 'skongvongsay@gmail.com', 'Kongvongsay Saul'),
(719, 'koxkox', 'koxkoxkox@hotmail.com', 'koxy kox'),
(720, 'kph-accgmail-com', 'kph.acc@gmail.com', 'kph.acc@gmail.com'),
(721, 'krishnakarki', 'me1krishna@gmail.com', 'krishna'),
(722, 'shaadomanthra', 'shaadomanthra@yahoo.com', 'Krishna Teja'),
(723, 'krishnanradha', 'krish.cse1@gmail.com', 'krishnan radha'),
(724, 'ksn1', 'jpservicez@gmail.com', 'KSN User'),
(725, 'kungfug', 'madingya@gmail.com', 'kungfug kungfug'),
(726, 'kurapicawong', 'kurapicawong@yahoo.com', 'kurapicawong kurapicawong'),
(727, 'kylee-eppsbadz-com', 'kylee.epps@badz.com', 'Kylee Epps'),
(728, 'luutieuhong2', 'luutieuhong2@mailinator.com', 'l2 l3'),
(729, 'luutieuhong3', 'luutieuhong3@mailinator.com', 'l3 l3'),
(730, 'luutieuhong4', 'luutieuhong4@mailinator.com', 'l5 l5'),
(731, 'luutieuhong5', 'luutieuhong5@mailinator.com', 'l6l6 l6l6'),
(732, 'luutieuhong8', 'luutieuhong8@mailinator.com', 'l8 l8'),
(733, 'laithshadeed', 'laith.shadeed@yahoo.com', 'Laith Shadeed'),
(734, 'laithhotmail', 'laithshadeed@hotmail.com', 'Laith Shadid'),
(735, 'cristian', 'filosofo_69@hotmail.com', 'Lalala lololo'),
(736, 'LamKien1233', 'thikien1gg23@gmail.com', 'Lam Kien'),
(737, 'LamKien476', 'thikien123@gmail.com', 'Lam Kien476'),
(738, 'devil2', 'devil2@gmail.com', 'lam thi kien'),
(739, 'kienlam', 'kien@gmail.com', 'Lm Thi Ki?n'),
(740, 'angon204', 'tester504@hmail.com', 'lam thi kien'),
(741, 'LamThiKien722', 'thikien302@gmail.com', 'Lam Thi Kien'),
(742, 'kienlt', 'thikien3123@gmail.com', 'Lam Thi Kien'),
(743, 'LmThiKi?n123', 'bachtuocx1@gmail.com', 'LmThiKi?n123'),
(744, 'lpeetmsn-com', 'lpeet@msn.com', 'Lance Peet'),
(745, 'laromanamusic', 'jrelguerrero@hotmail.com', 'laromanamusic'),
(746, 'paypallcgtech-co-uk', 'admin@klassifriends.com', 'Larry'),
(747, 'infohealthmonthly-co-uk', 'info@healthmonthly.co.uk', 'Larry Adams'),
(748, 'paymentsnytoa-org', 'payments@nytoa.org', 'Larry Beresnoy'),
(749, 'supporttestfahrt-com', 'Support@Testfahrt.com', 'Lars Stachowiak'),
(750, 'paypalqfwd-dk', 'paypal@qfwd.dk', 'Lasse Jensen'),
(751, 'trumpettrumpetmarketing-net', 'trumpet@trumpetmarketing.net', 'Laurie Williams'),
(752, 'longledohoang', 'longledohoang@gmail.com', 'L Long'),
(753, 'lengankhai', 'lengankhai@gmail.com', 'le ngankhai'),
(754, 'WebamsterLC', 'leec@webmasterlc.com', 'Lee Chetty'),
(755, 'lho247gmail-com', 'lho247@gmail.com', 'Leizle Ho'),
(756, 'leon_wilcoxhotmail-com', 'leon_wilcox@hotmail.com', 'Leon Wilcox'),
(757, 'ledydihush-ai', 'ledydi@hush.ai', 'Leslie Tanton'),
(758, 'sadfinger', 'danny@dvpaving.com', 'Letty C'),
(759, 'lallred23', 'lallred23@yahoo.com', 'Levi Allred'),
(760, 'lila', 'lilaspr@gmail.com', 'lila m'),
(761, 'lilaspr', 'lilaspr@yahoo.com', 'lila spr'),
(762, 'malsmadiclear-net', 'malsmadi@clear.net', 'lina abdallah'),
(763, 'lzerankolayover-com', 'lzeranko@layover.com', 'Lindsey Zeranko'),
(764, 'linhvtt', 'linhvtt@younetco.com', 'linhvtt'),
(765, 'linzhiqi520', 'linzhqi520@hotmail.com', 'linzhiqi520'),
(766, 'lwarrenent', 'lisasservices2sell@live.com', 'Lisa Warren'),
(767, 'a111', 'yi.liu060@gmail.com', 'liuyi liu'),
(768, 'loantest', 'loan@yahoo.com', 'loan lam'),
(769, 'loictest', 'cheri974@hotmail.fr', 'loic test'),
(770, 'ledohoanglong', 'ledohoanglong@yahoo.com', 'Long Le'),
(771, 'louishaliving-com-au', 'louis@haliving.com.au', 'louis Belcourt'),
(772, 'lourni1yahoo-com', 'lourni1@yahoo.com', 'Lournimae Matthias'),
(773, 'LTHTL', 'lyphuongson@gmail.com', 'LTH HTL'),
(774, 'waystid', 'cipher@waystid.com', 'Lu Cipher'),
(775, 'lubomirstanimirov', 'stanimirov@imotibg.com', 'Lubomir Stanimirov'),
(776, 'lucbrantiscali-it', 'lucbran@tiscali.it', 'LUCA'),
(777, 'luchianohoulder', 'fraud.world@gmail.com', 'Luchiano Houlder'),
(778, 'cosmo77fastwebnet-it', 'cosmo77@fastwebnet.it', 'Lucio Imperatori'),
(779, 'LuckChrisHoule', 'big.mimo@hotmail.com', 'Luck Chris Houle'),
(780, 'peter181', 'ewoauseo@gmail.com', 'ludwing hernandez'),
(781, 'Lugalbanda', 'free_space7@hotmail.com', 'Lugal Banda'),
(782, 'luis', 'darkmaster-84@hotmail.com', 'luis c'),
(783, 'szgananciasgmail-com', 'szganancias@gmail.com', 'Luis Morales Zambrana'),
(784, 'luizch', 'luizch@ymail.com', 'Luiz CH'),
(785, 'LukaGyongyi', 'imothek@hotmail.com', 'Luka Gyongyi'),
(786, 'slkadmin4rent-de', 'slk@admin4rent.de', 'Lukas Kielkowski'),
(787, 'sema', 'stocanin@gmail.com', 'luly tviter'),
(788, 'lelydiresident-kz', 'lelydi@resident.kz', 'LYUDMILA DICHKOVSKAYA'),
(789, 'MCee', 'micah.chiri@hotmail.com', 'M Cee'),
(790, 'mk44', 'email2us4-mk4@yahoo.com', 'M K'),
(791, 'mk33', 'email2us4-mp3@yahoo.com', 'M K'),
(792, 'mmx5', 'mmx5@gmx.ch', 'm m'),
(793, 'marzatplay', 'marzatplay@gmail.com', 'Maco Polo'),
(794, 'madewithmeaning', 'musicmadewithmeaning@gmail.com', 'Made With Meaning'),
(795, 'skrach', 'skrach.mc.s@gmail.com', 'Mairis Liepnieks'),
(796, 'zmenki', 'mala.nagaja@yahoo.com', 'Maja Nagaja'),
(797, 'malek', 'malek@mail.com', 'malek malek'),
(798, 'manta', 'o@me.de', 'mama nana'),
(799, 'mango', 'mango@yahoo.com', 'mango mango'),
(800, 'laastbreath', 'laast_breath@yahoo.com', 'mans ahmad'),
(801, 'manuel4545hotmail-com', 'manuel4545@hotmail.com', 'Manuel Heiss');
INSERT INTO `engine4_rip_members` (`member_id`, `username`, `email`, `displayname`) VALUES
(802, 'xcitrate', 'gargola@mail.org', 'Manuel Ruiz'),
(803, 'britoelielhotmail-com', 'britoeliel@hotmail.com', 'Marcela Souza'),
(804, 'lewmar86', 'lewmar86@gmail.com', 'marcin asd'),
(805, 'marcin-jankegmail-com', 'marcin.janke@gmail.com', 'marcin.janke@gmail.com'),
(806, 'marco-caronelibero-it', 'marco.carone@libero.it', 'marco carone'),
(807, 'BarbcOpel', 'BareraOpel@aol.com', 'Marco Moore'),
(808, 'crea7egmail-com', 'crea7e@gmail.com', 'Marco Peralta'),
(809, 'marcus5', 'marcus5ryan@hotmail.com', 'marco ren'),
(810, 'asamigas', 'marcus_seves@hotmail.com', 'Marcus Seves'),
(811, 'infoyumcha-com-au', 'info@yumcha.com.au', 'Mardi Tan'),
(812, 'mariaintermingle-com-au', 'maria@intermingle.com.au', 'Maria Bernhagen'),
(813, 'idevillotagmail-com', 'idevillota@gmail.com', 'maria isabel de villota comba'),
(814, 'mariagalindo', 'mariagalindo42@yahoo.com', 'mariagalindo'),
(815, 'mallejet', 'kajlynn@hotmail.com', 'Mariet Vonk'),
(816, 'marioanimatedbuzz-com', 'mario@animatedbuzz.com', 'mario furmanczyk'),
(817, 'fondos-gmagmail-com', 'fondos.gma@gmail.com', 'Mario Gerardo Maldonado Grajeda'),
(818, 'mliuzag-com', 'mliu@zag.com', 'Mark Liu'),
(819, 'JamDaYard', 'mark.niles1@gmail.com', 'Mark Niles'),
(820, 'marketa-mikulovaseznam-cz', 'marketa.mikulova@seznam.cz', 'Marketa Mikulova'),
(821, 'seawords', 'seabda@yahoo.com', 'Marko Sea'),
(822, 'MarkusSchweiger', 'markus@tirol.io', 'Markus Schweiger'),
(823, 'bairesargentina-com', 'baires@argentina.com', 'Martin Frezzini'),
(824, 'jaalvarezgrupov-es', 'jaalvarez@grupov.es', 'Martin Gabilondo Viqu'),
(825, 'invoicelivesport-eu', 'invoice@livesport.eu', 'Martin Hajek'),
(826, 'petra-maierovalivesport-eu', 'petra.maierova@livesport.eu', 'Martin Hajek'),
(827, 'martin-korosecoranza-si', 'martin.korosec@oranza.si', 'Martin Korosec'),
(828, 'ordersgrinvilla-com', 'orders@grinvilla.com', 'Marty Amlin'),
(829, 'FGREHZS', 'marybuka3@yahoo.com', 'Mary buk'),
(830, 'teste', 'modules2buy@9h9.org', 'Mary Soutto'),
(831, 'MaryValiente', 'mary@usafashionwear.com', 'Mary Valiente'),
(832, 'mk11', 'email2us4-mk1@yahoo.com', 'Masdf Kasdfa'),
(833, 'max77', 'caffeparty@live.it', 'massimiliano oreste'),
(834, 'maxbluevents-com', 'max@bluevents.com', 'Massimo Cipicchia'),
(835, 'crazzy-eyezzhotmail-com', 'crazzy.eyezz@hotmail.com', 'MATAB ALSHAMMARI'),
(836, 'MateuszDakowski', 'czadabski@o2.pl', 'Mateusz Dakowski'),
(837, 'matheusvdb', 'mattevdb@hotmail.com', 'Matheus Van den Berghe'),
(838, 'mathilde', 'webmaster@lesdessousdemathilde.com', 'Mathilde Garland'),
(839, 'murgonis', 'murgonis@rideit.lv', 'Matiss Licis'),
(840, 'azsts', 'azsts@wp.pl', 'Matt azsts'),
(841, 'mattigotthischeap-com', 'admin@thebidlounge.com', 'Matthew Schreiber'),
(842, 'kssadorgmail-com', 'kssador@gmail.com', 'Mauricio Santos'),
(843, 'maxo', 'maxo99@live.com', 'Max Oliver'),
(844, 'maxelockedgmail-com', 'maxelocked@gmail.com', 'Maximiliano Bley'),
(845, 'maximo', 'maxidealistas@gmail.com', 'Maximo S'),
(846, 'maya', 'maya@yahoo.com', 'Maya Kabuki'),
(847, 'kpkontactlive-com', 'kpkontact@live.com', 'Mayra bahena'),
(848, 'r1kr1k_travianyahoo-com', 'r1kr1k_Travian@yahoo.com', 'MAYURIKO ENG'),
(849, 'Mazzy', '3d-studio@mail.ru', 'Mazzy Big'),
(850, 'manmburu', 'mburukenya08@yahoo.com', 'mburukenya'),
(851, 'sarwar_apu12yahoo-co-in', 'sarwar_apu12@yahoo.co.in', 'md apu sarwar'),
(852, 'meee', 'lamaane@windowslive.com', 'mee mee'),
(853, 'megismith123', 'megi.smith@yahoo.com', 'megi smith'),
(854, 'mehoatxhotmail-com', 'mehoatx@hotmail.com', 'Mehidin Hasanovic'),
(855, 'MeieTV', 'meietv@asia.com', 'Meie.TV'),
(856, 'silver-sailorbigpond-com', 'silver.sailor@bigpond.com', 'Melisande Mason'),
(857, 'melvinllordgmail-com', 'melvinllord@mymusictalk.com', 'Melvin Quinones'),
(858, 'mesihniaz', 'macihniaz@yahoo.com', 'mesih niaz'),
(859, 'messi', 'messi12@hotmail.com', 'messi messssi'),
(860, 'meuscarros', 'c5825893@pjjkp.com', 'Meus Carros'),
(861, 'mimo', 'big1@hotmail.com', 'mi mi'),
(862, 'blowmehard', 'fuckyourmother@fuckyou.com', 'Mibols Ritchin'),
(863, 'mdttelus-net', 'mdt@telus.net', 'michael'),
(864, 'testing', 'michaelrik@planet.nl', 'Michael *'),
(865, 'michaelb24179t-online-de', 'michaelb24179@t-online.de', 'Michael Bergheim'),
(866, 'admintechdocsworld-com', 'admin@techdocsworld.com', 'Michael Ingledew'),
(867, 'mjkpittgmail-com', 'mjkpitt@gmail.com', 'Michael Kowal'),
(868, 'MichaelKowal', 'mkowal2179@yahoo.com', 'Michael Kowal'),
(869, 'dgeorgewellcity-com', 'michael@dolphini.com', 'Michael Krause'),
(870, 'supportuspoets-net', 'support@uspoets.net', 'Michael LaSalle'),
(871, 'Tanksapeu', 'tanksapeu@orange.fr', 'Michael Michael'),
(872, 'mcnassgmail-com', 'mcnass@gmail.com', 'Michael Nass'),
(873, 'abusa1688yahoo-com', 'abusa1688@yahoo.com', 'Michael Potts'),
(874, 'donationsradiodarkdrums-com', 'mikestas@live.com', 'Michael Stas'),
(875, 'michaelstewartbtconnect-com', 'michaelstewart@btconnect.com', 'Michael Stewart'),
(876, 'supportpin2ping-com', 'support@pin2ping.com', 'Michael Tedder'),
(877, 'michael-vangoldenonlinehome-de', 'michael.vangolden@onlinehome.de', 'MICHAEL van Golden'),
(878, 'MichealTiger', 'lypsoncaytien100@gmail.com', 'Micheal Tiger'),
(879, 'jamesmentorshipmastery-com', 'james@mentorshipmastery.com', 'Michelle Kochner'),
(880, 'sharemyguitargmail-com', 'info@sharemyguitar.com', 'Mickey Richardson'),
(881, 'msalah', 'smart_prog@hotmail.com', 'mido salah'),
(882, 'carnage', 'mcarrillo@ecitytt.com', 'Miguel Carnage Carrillo'),
(883, 'miguelecitytt-com', 'miguel@ecitytt.com', 'Miguel Carrillo'),
(884, 'JimmyTRiteous', 'jritous@aol.com', 'Miguel Williams'),
(885, 'splifmeup', 'admin@knmhh.net', 'Mikael Piotrowski Martinsen'),
(886, 'mike', 'mike_c_mc@yahoo.it', 'mike cmc'),
(887, 'overstocksewforless-com', 'overstock@sewforless.com', 'Mike Guccione'),
(888, 'mikestas', 'mikestas@radiodarkdrums.com', 'Mike Stas'),
(889, 'MikeLasalle', 'mikelasalle@ymail.com', 'MikeLasalle'),
(890, 'miko-valerioac-corporation-com-ph', 'miko.valerio@ac-corporation.com.ph', 'Miko Valerio'),
(891, 'milord20yahoo-com', 'Milord20@yahoo.com', 'Milord Louis-Jeune'),
(892, 'molec', 'molecular_bio@hotmail.com', 'Milt Ber'),
(893, 'adminmimo-net', 'admin@mimo.net', 'Mimo Mimo'),
(894, 'minh', 'minh13488@gmail.com', 'Minh Nguyen'),
(895, 'Minhnc', 'minhnc@younetco.com', 'Minh Nguyen'),
(896, 'mirac', 'bozoklugenc@hotmail.com', 'Mira Di?lio?lu'),
(897, 'miraaaa', 'mrcozdmr@hotmail.com', 'mirac zdemir'),
(898, 'MirkoGennari', 'mirkogen@yahoo.it', 'MirkoGennari'),
(899, 'appledesignlive-com', 'appledesign@live.com', 'Miroslav Markovic'),
(900, 'mistyrock', 'mistyrock@hotmail.fr', 'mistyrock'),
(901, 'nuomituan', 'zuiainuomituan@gmail.com', 'mllm nuomituan'),
(902, 'Modules2Buy', 'info@modues2buy.com', 'Modules2Buy'),
(903, 'uhjjj', 'test@houstoncab.net', 'Mohamed Hassan'),
(904, 'mohameduliman', 'mohamedadress@yahoo.com', 'mohamed suliman'),
(905, 'MOHAMEDSULIMAN212', 'sulimanmohamed@yahoo.com', 'MOHAMED SULIMAN'),
(906, 'MOHAMEDSULIMAN', 'sulimanmohamedY@yahoo.com', 'MOHAMEDSULIMAN'),
(907, 'MohammadShaharyarKhalidCheema', 'shary2005@hotmail.com', 'Mohammad Shaharyar Khalid Cheema'),
(908, 'manayeemyahoo-com', 'manayeem@yahoo.com', 'Mohammed Nayeem'),
(909, 'moharib', 'aimer-bob@hotmail.fr', 'moharib'),
(910, 'ikhwansibergate-com', 'ikhwan@sibergate.com', 'Mohd Norman Mobin'),
(911, 'diddycentre', 'diddycentre@gmail.com', 'mohd radzi mohamad'),
(912, 'diddyrgsgmail-com', 'diddyrgs@gmail.com', 'mohd radzi mohamad'),
(913, 'motta', 'suaradionaweb@gmail.com', 'Motta Pires'),
(914, 'mpsukarno', 'mpsukarno@yahoo.com', 'mp sukarno'),
(915, 'ukteaminfosec-com', 'uk@teaminfosec.com', 'Mr Paul C Dwyer'),
(916, 'holdoverlight', 'holdoverlight@gmail.com', 'Mr.Night'),
(917, 'toast', 'marko2250@gmail.com', 'mriko rrreeg'),
(918, 'mrnight', 'latinoman@gmx.de', 'mrnight'),
(919, 'mrslfrsl', 'morislavd@gmail.com', 'Mrslfrsl Fu'),
(920, 'msbfreaky', 'msb.freaky@gmail.com', 'msb freaky'),
(921, 'mrizwan', 'mrizwan_mmc@yahoo.com', 'Muhammad Rizwan'),
(922, 'samsha54', 'murcya@yahoo.com', 'Muhammed Sharaz Ali'),
(923, 'munduapatrick', 'patrick.mundua@gmail.com', 'Mundua Patrick'),
(924, 'duto', 'duto@gmx.at', 'Mutlu Suna'),
(925, 'mwaak64yahoo-com', 'mwaak64@yahoo.com', 'Mwafak Akram'),
(926, 'max987', 'mwaak64@hotmail.com', 'Mwaffak Akram'),
(927, 'mychillingspotcommychillingspotcom', 'mychillingspot@gmail.com', 'mychillingspot.com mychillingspot.com'),
(928, 'MyI7', 'obamafr@hotmail.fr', 'MyI7'),
(929, 'NaderAlkeinay', 'love1418ro@hotmail.com', 'Nader Alkeinay'),
(930, 'Nad3r', 'nyma@9.cn', 'Nader Alkeinay'),
(931, 'nadish', 'n4nadish@gmail.com', 'nadish'),
(932, 'ronamticgmail-com', 'namnguyense@gmail.com', 'Nam Nguyen'),
(933, 'NamNguy?n', 'teset44@gmail.com', 'Nam Nguy?n'),
(934, 'NamN4guy?n', 'test4243@gmail.com', 'Nam Nguy?n'),
(935, 'namsolveit', 'testb@gmail.com', 'nam nguyen'),
(936, 'NamNguyn470', 'testing@gmail.com', 'Nam Nguy?n'),
(937, 'cddd', 'te3st@gmail.com', 'Nam Nguyen Van'),
(938, 'namnguyenvan', 'nam.nguyenvan@yahoo.com', 'namnguyenvan'),
(939, 'namnv', 'nam.ngvan@gmail.com', 'namnv'),
(940, 'abstractlifenetgmail-com', 'abstractlifenet@gmail.com', 'Nancy Pool'),
(941, 'nandiiito', 'inando@hotmail.com', 'Nando Del Mal'),
(942, 'everloving-megmail-com', 'everloving.me@gmail.com', 'Natalia Trembovetskaya'),
(943, 'nate', 'nate@test.com', 'Nate Test'),
(944, 'natenrb9yahoo-com', 'natenrb9@yahoo.com', 'nathan babbel'),
(945, 'nathanpocket-net', 'nathan@pocket.net', 'Nathan Miller'),
(946, 'nauman', 'naumanahmed19@gmail.com', 'nauman ahmed'),
(947, 'navinamin', 'navinamin@gmail.com', 'navinamin navinamin'),
(948, 'lololo', 'kurdim@rocketmail.com', 'Nazanm Kurdim'),
(949, 'Bogdan', 'contact@coltul-vesel.com', 'Negrea Bogdan'),
(950, 'neithan11', 'neithan@a.com', 'neithan11 11'),
(951, 'emirs', 'e.salihagic@gmail.com', 'neko neskovic'),
(952, 'NelMan', 'nelmen@ymail.com', 'NelMan'),
(953, 'ngankhai', 'yummy_yummy1910@yahoo.com', 'ngankhai'),
(954, 'nghiacb', 'nghiacb@gmailo.com', 'nghia bap'),
(955, 'nghiadh', 'nghiadh@younetco.com', 'Nghia Duong'),
(956, 'ngocliem0909', 'ngocliem0909@gmail.com', 'ngoc liem'),
(957, 'bntix', 'thuat.bui@gmail.com', 'Ng??i ?in Lang Thang'),
(958, 'linhnguyen', 'lenguyenlinhnguyen@gmail.com', 'Nguyn L Nguy?n Linh'),
(959, 'nguyennam', 'ovalskype@gmail.com', 'nguyen nam'),
(960, 'nguyenthanh', 'nguyenthanhcs2@gmail.com', 'nguyen thanh'),
(961, 'nguyenvannam', 'namdngvan@gmail.com', 'nguyen van nam'),
(962, 'NguyenYouSecond', 'yousecond@gmail.com', 'Nguyen YouSecond'),
(963, 'NguyenHongGam', 'nguyenhonggamvn@yahoo.com', 'NguyenHongGam'),
(964, 'nguyenthanhtcs', 'nguyen_thanh_tcs@yahoo.com', 'nguyenthanhtcs'),
(965, 'NhiNgoc989', 'xuka19851@yahoo.com', 'Nhi Ngoc'),
(966, 'niangao', 'xub3780@126.com', 'niangao niangao'),
(967, 'nianmeng', 'xiangmeng1993@163.com', 'nianmeng nianmeng'),
(968, 'Nicholas', 'ym_ng@hotmail.com', 'Nicholas Ng'),
(969, 'nick', 'nicholas.swartz@gmail.com', 'Nick .'),
(970, 'nickkapsokavadis', 'axelgun@hotmail.com', 'Nick Kapsokavadis'),
(971, 'Nima1980', 'nima.nourmohammady@gmail.com', 'Nima Nm'),
(972, 'NinjaGirl', 'Kirsty_B@shaw.ca', 'Ninja Girl'),
(973, 'ninostar', 'boki.drugac@hotmail.com', 'ninostar'),
(974, 'cvsec', 'cv-security@hotmail.de', 'Nob Nob'),
(975, 'Nobita', 'nobitalua@gmail.com', 'Nobita');

-- --------------------------------------------------------

--
-- Table structure for table `engine4_storage_chunks`
--

CREATE TABLE IF NOT EXISTS `engine4_storage_chunks` (
  `chunk_id` bigint(20) unsigned NOT NULL auto_increment,
  `file_id` int(11) unsigned NOT NULL,
  `data` blob NOT NULL,
  PRIMARY KEY  (`chunk_id`),
  KEY `file_id` (`file_id`)
) ENGINE=MyISAM DEFAULT CHARSET=utf8 COLLATE=utf8_unicode_ci AUTO_INCREMENT=1 ;

-- --------------------------------------------------------

--
-- Table structure for table `engine4_storage_files`
--

CREATE TABLE IF NOT EXISTS `engine4_storage_files` (
  `file_id` int(10) unsigned NOT NULL auto_increment,
  `parent_file_id` int(10) unsigned default NULL,
  `type` varchar(16) character set latin1 collate latin1_general_ci default NULL,
  `parent_type` varchar(32) character set latin1 collate latin1_general_ci default NULL,
  `parent_id` int(10) unsigned default NULL,
  `user_id` int(10) unsigned default NULL,
  `creation_date` datetime NOT NULL,
  `modified_date` datetime NOT NULL,
  `service_id` int(10) unsigned NOT NULL default '1',
  `storage_path` varchar(255) collate utf8_unicode_ci NOT NULL,
  `extension` varchar(8) collate utf8_unicode_ci NOT NULL,
  `name` varchar(255) collate utf8_unicode_ci default NULL,
  `mime_major` varchar(64) collate utf8_unicode_ci NOT NULL,
  `mime_minor` varchar(64) collate utf8_unicode_ci NOT NULL,
  `size` bigint(20) unsigned NOT NULL,
  `hash` varchar(64) character set latin1 collate latin1_general_ci NOT NULL,
  PRIMARY KEY  (`file_id`),
  UNIQUE KEY `parent_file_id` (`parent_file_id`,`type`),
  KEY `PARENT` (`parent_type`,`parent_id`),
  KEY `user_id` (`user_id`),
  KEY `service_id` (`service_id`)
) ENGINE=InnoDB  DEFAULT CHARSET=utf8 COLLATE=utf8_unicode_ci AUTO_INCREMENT=1124 ;

--
-- Dumping data for table `engine4_storage_files`
--

INSERT INTO `engine4_storage_files` (`file_id`, `parent_file_id`, `type`, `parent_type`, `parent_id`, `user_id`, `creation_date`, `modified_date`, `service_id`, `storage_path`, `extension`, `name`, `mime_major`, `mime_minor`, `size`, `hash`) VALUES
(1, NULL, NULL, 'user', 2, 2, '2011-07-23 15:05:01', '2011-07-23 15:05:01', 1, 'public/user/01/0001_d2a2.png', 'png', '5513_3058_6030_m.png', 'image', 'jpeg', 6718, 'd0eed2a20678fd8c4932d525f458600b'),
(2, 1, 'thumb.profile', 'user', 2, 2, '2011-07-23 15:05:01', '2011-07-23 15:05:01', 1, 'public/user/02/0002_8588.png', 'png', '5513_3058_6030_p.png', 'image', 'jpeg', 4790, 'f88385889f0488d590a34d310f3d2e9e'),
(3, 1, 'thumb.normal', 'user', 2, 2, '2011-07-23 15:05:01', '2011-07-23 15:05:01', 1, 'public/user/03/0003_2464.png', 'png', '5513_3058_6030_in.png', 'image', 'jpeg', 3007, 'c1d924647c092368e5aa33859f0558c0'),
(4, 1, 'thumb.icon', 'user', 2, 2, '2011-07-23 15:05:01', '2011-07-23 15:05:01', 1, 'public/user/04/0004_1cd5.png', 'png', '5513_3058_6030_is.png', 'image', 'jpeg', 1200, '93321cd54a24a0432bb8efded70bffe4'),
(5, NULL, NULL, 'user', 3, 3, '2011-07-23 15:05:06', '2011-07-23 15:05:06', 1, 'public/user/05/0005_fcc8.png', 'png', '5019_1157_7591_m.png', 'image', 'png', 63960, 'f047fcc884b0edfb796585a9d9e7ca4d'),
(6, 5, 'thumb.profile', 'user', 3, 3, '2011-07-23 15:05:06', '2011-07-23 15:05:06', 1, 'public/user/06/0006_1b0b.png', 'png', '5019_1157_7591_p.png', 'image', 'png', 41337, 'ccc91b0b82a593ad5f5f30ecf1ef802a'),
(7, 5, 'thumb.normal', 'user', 3, 3, '2011-07-23 15:05:06', '2011-07-23 15:05:06', 1, 'public/user/07/0007_082d.png', 'png', '5019_1157_7591_in.png', 'image', 'png', 23023, '9bf6082d9f3aa20a15fc99e6f5b6440d'),
(8, 5, 'thumb.icon', 'user', 3, 3, '2011-07-23 15:05:06', '2011-07-23 15:05:06', 1, 'public/user/08/0008_1b41.png', 'png', '5019_1157_7591_is.png', 'image', 'png', 4043, 'e2b61b41272d58d9b189e59a0de35da7'),
(9, NULL, NULL, 'user', 4, 4, '2011-07-23 15:05:11', '2011-07-23 15:05:11', 1, 'public/user/09/0009_d988.png', 'png', '2949_3763_8700_m.png', 'image', 'png', 44981, '1bb9d9884941401b94dc339f09979db0'),
(10, 9, 'thumb.profile', 'user', 4, 4, '2011-07-23 15:05:11', '2011-07-23 15:05:11', 1, 'public/user/0a/000a_2253.png', 'png', '2949_3763_8700_p.png', 'image', 'png', 34617, '118a2253670d12dcd9fa481966bce314'),
(11, 9, 'thumb.normal', 'user', 4, 4, '2011-07-23 15:05:11', '2011-07-23 15:05:11', 1, 'public/user/0b/000b_1a39.png', 'png', '2949_3763_8700_in.png', 'image', 'png', 19862, '234a1a390d9b104cdcbd7806f181d3d1'),
(12, 9, 'thumb.icon', 'user', 4, 4, '2011-07-23 15:05:11', '2011-07-23 15:05:11', 1, 'public/user/0c/000c_e486.png', 'png', '2949_3763_8700_is.png', 'image', 'png', 4120, 'e891e4867a4a3d6f60894d919b2300ea'),
(13, NULL, NULL, 'user', 5, 5, '2011-07-23 15:05:13', '2011-07-23 15:05:13', 1, 'public/user/0d/000d_8210.png', 'png', '8118_7809_6746_m.png', 'image', 'jpeg', 3484, '144b8210989519963fc496475fc6c29b'),
(14, 13, 'thumb.profile', 'user', 5, 5, '2011-07-23 15:05:13', '2011-07-23 15:05:13', 1, 'public/user/0e/000e_8210.png', 'png', '8118_7809_6746_p.png', 'image', 'jpeg', 3484, '144b8210989519963fc496475fc6c29b'),
(15, 13, 'thumb.normal', 'user', 5, 5, '2011-07-23 15:05:13', '2011-07-23 15:05:13', 1, 'public/user/0f/000f_8210.png', 'png', '8118_7809_6746_in.png', 'image', 'jpeg', 3484, '144b8210989519963fc496475fc6c29b'),
(16, 13, 'thumb.icon', 'user', 5, 5, '2011-07-23 15:05:13', '2011-07-23 15:05:13', 1, 'public/user/10/0010_d314.png', 'png', '8118_7809_6746_is.png', 'image', 'jpeg', 1338, 'ce7cd314201dbea4a078d054a51accf5'),
(17, NULL, NULL, 'user', 6, 6, '2011-07-23 15:05:16', '2011-07-23 15:05:16', 1, 'public/user/11/0011_09cf.png', 'png', '2531_5902_2521_m.png', 'image', 'jpeg', 2792, 'd31509cfa48818792fc6cc8ecf2d01ad'),
(18, 17, 'thumb.profile', 'user', 6, 6, '2011-07-23 15:05:16', '2011-07-23 15:05:16', 1, 'public/user/12/0012_09cf.png', 'png', '2531_5902_2521_p.png', 'image', 'jpeg', 2792, 'd31509cfa48818792fc6cc8ecf2d01ad'),
(19, 17, 'thumb.normal', 'user', 6, 6, '2011-07-23 15:05:16', '2011-07-23 15:05:16', 1, 'public/user/13/0013_09cf.png', 'png', '2531_5902_2521_in.png', 'image', 'jpeg', 2792, 'd31509cfa48818792fc6cc8ecf2d01ad'),
(20, 17, 'thumb.icon', 'user', 6, 6, '2011-07-23 15:05:16', '2011-07-23 15:05:16', 1, 'public/user/14/0014_65af.png', 'png', '2531_5902_2521_is.png', 'image', 'jpeg', 1527, 'a84a65afd7fb1d295d6a3a8de36d9035'),
(21, NULL, NULL, 'user', 7, 7, '2011-07-23 15:05:17', '2011-07-23 15:05:17', 1, 'public/user/15/0015_bab1.png', 'png', '3231_3835_4997_m.png', 'image', 'jpeg', 12096, 'd01cbab17dbce34a96ffbf4b0158635f'),
(22, 21, 'thumb.profile', 'user', 7, 7, '2011-07-23 15:05:17', '2011-07-23 15:05:17', 1, 'public/user/16/0016_bab1.png', 'png', '3231_3835_4997_p.png', 'image', 'jpeg', 12096, 'd01cbab17dbce34a96ffbf4b0158635f'),
(23, 21, 'thumb.normal', 'user', 7, 7, '2011-07-23 15:05:17', '2011-07-23 15:05:17', 1, 'public/user/17/0017_a18a.png', 'png', '3231_3835_4997_in.png', 'image', 'jpeg', 5629, '6f7ca18a5f9b60fa0593ef1892215bb2'),
(24, 21, 'thumb.icon', 'user', 7, 7, '2011-07-23 15:05:17', '2011-07-23 15:05:17', 1, 'public/user/18/0018_cf4f.png', 'png', '3231_3835_4997_is.png', 'image', 'jpeg', 1422, '3dcfcf4fd0830ffd21485c3d8fff6137'),
(25, NULL, NULL, 'user', 8, 8, '2011-07-23 15:05:22', '2011-07-23 15:05:22', 1, 'public/user/19/0019_adfe.png', 'png', '1459_995_3171_m.png', 'image', 'png', 43457, '5d6dadfe1d9a1e8c142ce9f1b0c8c41a'),
(26, 25, 'thumb.profile', 'user', 8, 8, '2011-07-23 15:05:22', '2011-07-23 15:05:22', 1, 'public/user/1a/001a_adfe.png', 'png', '1459_995_3171_p.png', 'image', 'png', 43457, '5d6dadfe1d9a1e8c142ce9f1b0c8c41a'),
(27, 25, 'thumb.normal', 'user', 8, 8, '2011-07-23 15:05:22', '2011-07-23 15:05:22', 1, 'public/user/1b/001b_d52d.png', 'png', '1459_995_3171_in.png', 'image', 'png', 35370, '01bbd52d59a3728bfd063f4bbd39da8b'),
(28, 25, 'thumb.icon', 'user', 8, 8, '2011-07-23 15:05:22', '2011-07-23 15:05:22', 1, 'public/user/1c/001c_387a.png', 'png', '1459_995_3171_is.png', 'image', 'png', 6654, '7eca387aad2d61ecd1764284940af06d'),
(29, NULL, NULL, 'user', 9, 9, '2011-07-23 15:05:25', '2011-07-23 15:05:25', 1, 'public/user/1d/001d_a8e0.png', 'png', '3663_1104_1154_m.png', 'image', 'gif', 31888, 'db8ca8e0d3edb87b9a29742eae86732e'),
(30, 29, 'thumb.profile', 'user', 9, 9, '2011-07-23 15:05:25', '2011-07-23 15:05:25', 1, 'public/user/1e/001e_626e.png', 'png', '3663_1104_1154_p.png', 'image', 'gif', 14554, '86a5626e1fef1b8561881d79229a4c32'),
(31, 29, 'thumb.normal', 'user', 9, 9, '2011-07-23 15:05:25', '2011-07-23 15:05:25', 1, 'public/user/1f/001f_60aa.png', 'png', '3663_1104_1154_in.png', 'image', 'gif', 8358, '714c60aa1f4fa75d430133a1f2df18b1'),
(32, 29, 'thumb.icon', 'user', 9, 9, '2011-07-23 15:05:25', '2011-07-23 15:05:25', 1, 'public/user/20/0020_9bf6.png', 'png', '3663_1104_1154_is.png', 'image', 'gif', 2407, 'bb509bf6cade804117b0f7e3530f1a86'),
(33, NULL, NULL, 'user', 10, 10, '2011-07-23 15:05:29', '2011-07-23 15:05:29', 1, 'public/user/21/0021_4b98.png', 'png', '2580_928_6651_m.png', 'image', 'png', 27093, '9ee54b98e7c09b546e146bdc56320a44'),
(34, 33, 'thumb.profile', 'user', 10, 10, '2011-07-23 15:05:29', '2011-07-23 15:05:29', 1, 'public/user/22/0022_16db.png', 'png', '2580_928_6651_p.png', 'image', 'png', 36014, '98b816db4ca2602c1317559e62c14c81'),
(35, 33, 'thumb.normal', 'user', 10, 10, '2011-07-23 15:05:29', '2011-07-23 15:05:29', 1, 'public/user/23/0023_5eef.png', 'png', '2580_928_6651_in.png', 'image', 'png', 19811, '56a35eefc129e6f0779ef74eed137145'),
(36, 33, 'thumb.icon', 'user', 10, 10, '2011-07-23 15:05:29', '2011-07-23 15:05:29', 1, 'public/user/24/0024_c511.png', 'png', '2580_928_6651_is.png', 'image', 'png', 4547, '37b0c511b39645758c54beb81c92979d'),
(37, NULL, NULL, 'user', 11, 11, '2011-07-23 15:05:36', '2011-07-23 15:05:36', 1, 'public/user/25/0025_5f46.png', 'png', '8307_1850_8406_m.png', 'image', 'jpeg', 7537, 'e3195f462c5df05ff47f1420883c05f5'),
(38, 37, 'thumb.profile', 'user', 11, 11, '2011-07-23 15:05:36', '2011-07-23 15:05:36', 1, 'public/user/26/0026_63ae.png', 'png', '8307_1850_8406_p.png', 'image', 'jpeg', 5306, 'f33663ae7f7a175367cbbdbcde7676b7'),
(39, 37, 'thumb.normal', 'user', 11, 11, '2011-07-23 15:05:36', '2011-07-23 15:05:36', 1, 'public/user/27/0027_6018.png', 'png', '8307_1850_8406_in.png', 'image', 'jpeg', 3517, '87b96018ebc2374780de7e600c4dd60f'),
(40, 37, 'thumb.icon', 'user', 11, 11, '2011-07-23 15:05:36', '2011-07-23 15:05:36', 1, 'public/user/28/0028_1eb1.png', 'png', '8307_1850_8406_is.png', 'image', 'jpeg', 1206, '8bdb1eb1471f9de3d90d92749bba8273'),
(41, NULL, NULL, 'user', 12, 12, '2011-07-23 15:05:39', '2011-07-23 15:05:39', 1, 'public/user/29/0029_518e.png', 'png', '6000_5833_8201_m.png', 'image', 'png', 60001, '36b8518e8abba7e9d4fe69245299d585'),
(42, 41, 'thumb.profile', 'user', 12, 12, '2011-07-23 15:05:39', '2011-07-23 15:05:39', 1, 'public/user/2a/002a_9679.png', 'png', '6000_5833_8201_p.png', 'image', 'png', 51366, 'a82f96794ec2495fb49c756cfac26fe6'),
(43, 41, 'thumb.normal', 'user', 12, 12, '2011-07-23 15:05:39', '2011-07-23 15:05:39', 1, 'public/user/2b/002b_914b.png', 'png', '6000_5833_8201_in.png', 'image', 'png', 28465, '7aec914b92e258cc6a0ff3ee08fca250'),
(44, 41, 'thumb.icon', 'user', 12, 12, '2011-07-23 15:05:39', '2011-07-23 15:05:39', 1, 'public/user/2c/002c_edb3.png', 'png', '6000_5833_8201_is.png', 'image', 'png', 4527, 'ea92edb398d2eab448dedb895ced0b8d'),
(45, NULL, NULL, 'user', 13, 13, '2011-07-23 15:05:42', '2011-07-23 15:05:42', 1, 'public/user/2d/002d_f172.png', 'png', '975_1772_307_m.png', 'image', 'jpeg', 6636, '2ae9f1724594f39013ebe227d20928a9'),
(46, 45, 'thumb.profile', 'user', 13, 13, '2011-07-23 15:05:42', '2011-07-23 15:05:42', 1, 'public/user/2e/002e_a33b.png', 'png', '975_1772_307_p.png', 'image', 'jpeg', 4552, 'd7faa33bb9b4a3ce37aebe0d02f2e39b'),
(47, 45, 'thumb.normal', 'user', 13, 13, '2011-07-23 15:05:42', '2011-07-23 15:05:42', 1, 'public/user/2f/002f_f12d.png', 'png', '975_1772_307_in.png', 'image', 'jpeg', 3050, '24edf12dc8c7d265a4b0a67212368e9a'),
(48, 45, 'thumb.icon', 'user', 13, 13, '2011-07-23 15:05:42', '2011-07-23 15:05:42', 1, 'public/user/30/0030_c85e.png', 'png', '975_1772_307_is.png', 'image', 'jpeg', 1128, 'a8a8c85e1cdd69f6f02e44d25b89bd27'),
(49, NULL, NULL, 'user', 14, 14, '2011-07-23 15:05:44', '2011-07-23 15:05:44', 1, 'public/user/31/0031_8bbc.png', 'png', '1718_2954_2849_m.png', 'image', 'jpeg', 1603, '5ef48bbc51dfca876921b4d506ce92e7'),
(50, 49, 'thumb.profile', 'user', 14, 14, '2011-07-23 15:05:44', '2011-07-23 15:05:44', 1, 'public/user/32/0032_8bbc.png', 'png', '1718_2954_2849_p.png', 'image', 'jpeg', 1603, '5ef48bbc51dfca876921b4d506ce92e7'),
(51, 49, 'thumb.normal', 'user', 14, 14, '2011-07-23 15:05:44', '2011-07-23 15:05:44', 1, 'public/user/33/0033_8bbc.png', 'png', '1718_2954_2849_in.png', 'image', 'jpeg', 1603, '5ef48bbc51dfca876921b4d506ce92e7'),
(52, 49, 'thumb.icon', 'user', 14, 14, '2011-07-23 15:05:44', '2011-07-23 15:05:44', 1, 'public/user/34/0034_261a.png', 'png', '1718_2954_2849_is.png', 'image', 'jpeg', 1332, '480b261a8f509f9958c103fe1f7135e4'),
(53, NULL, NULL, 'user', 15, 15, '2011-07-23 15:05:46', '2011-07-23 15:05:46', 1, 'public/user/35/0035_6220.png', 'png', '6353_5406_7494_m.png', 'image', 'jpeg', 8403, 'a9f36220587452519db9583fe1f786bb'),
(54, 53, 'thumb.profile', 'user', 15, 15, '2011-07-23 15:05:46', '2011-07-23 15:05:46', 1, 'public/user/36/0036_afab.png', 'png', '6353_5406_7494_p.png', 'image', 'jpeg', 5629, 'f0bcafab71f213bcd75657a3c7ca0711'),
(55, 53, 'thumb.normal', 'user', 15, 15, '2011-07-23 15:05:46', '2011-07-23 15:05:46', 1, 'public/user/37/0037_9f27.png', 'png', '6353_5406_7494_in.png', 'image', 'jpeg', 3500, 'c9309f27f56e1662a930fe4ed9c8a445'),
(56, 53, 'thumb.icon', 'user', 15, 15, '2011-07-23 15:05:46', '2011-07-23 15:05:46', 1, 'public/user/38/0038_5c43.png', 'png', '6353_5406_7494_is.png', 'image', 'jpeg', 1145, '58565c43de9a2cb6a7134d7a90d10827'),
(57, NULL, NULL, 'user', 16, 16, '2011-07-23 15:05:51', '2011-07-23 15:05:51', 1, 'public/user/39/0039_f588.png', 'png', '558_2586_2390_m.png', 'image', 'png', 47031, 'b53cf588ff21557aa67fe1f0b76eb179'),
(58, 57, 'thumb.profile', 'user', 16, 16, '2011-07-23 15:05:51', '2011-07-23 15:05:51', 1, 'public/user/3a/003a_2159.png', 'png', '558_2586_2390_p.png', 'image', 'png', 39315, '8f48215981c5e1f9533380f4098c82f6'),
(59, 57, 'thumb.normal', 'user', 16, 16, '2011-07-23 15:05:51', '2011-07-23 15:05:51', 1, 'public/user/3b/003b_011d.png', 'png', '558_2586_2390_in.png', 'image', 'png', 21589, '86f6011d956b95c6a8da695c5d66e8db'),
(60, 57, 'thumb.icon', 'user', 16, 16, '2011-07-23 15:05:51', '2011-07-23 15:05:51', 1, 'public/user/3c/003c_7726.png', 'png', '558_2586_2390_is.png', 'image', 'png', 4455, 'e57b772618ec41d7b3e79c3558aedbfe'),
(61, NULL, NULL, 'user', 17, 17, '2011-07-23 15:05:52', '2011-07-23 15:05:52', 1, 'public/user/3d/003d_5f13.png', 'png', '7665_577_1847_m.png', 'image', 'jpeg', 6460, 'ce585f13a575695465972183c5bd8dd5'),
(62, 61, 'thumb.profile', 'user', 17, 17, '2011-07-23 15:05:52', '2011-07-23 15:05:52', 1, 'public/user/3e/003e_5f13.png', 'png', '7665_577_1847_p.png', 'image', 'jpeg', 6460, 'ce585f13a575695465972183c5bd8dd5'),
(63, 61, 'thumb.normal', 'user', 17, 17, '2011-07-23 15:05:52', '2011-07-23 15:05:52', 1, 'public/user/3f/003f_5f13.png', 'png', '7665_577_1847_in.png', 'image', 'jpeg', 6460, 'ce585f13a575695465972183c5bd8dd5'),
(64, 61, 'thumb.icon', 'user', 17, 17, '2011-07-23 15:05:52', '2011-07-23 15:05:52', 1, 'public/user/40/0040_374f.png', 'png', '7665_577_1847_is.png', 'image', 'jpeg', 1429, '3011374f37ea654da10572389013461c'),
(65, NULL, NULL, 'user', 18, 18, '2011-07-23 15:05:55', '2011-07-23 15:05:55', 1, 'public/user/41/0041_9f99.png', 'png', '1003_5403_3451_m.png', 'image', 'png', 11083, '894a9f99acaf74b5f4714305b3b0713d'),
(66, 65, 'thumb.profile', 'user', 18, 18, '2011-07-23 15:05:55', '2011-07-23 15:05:55', 1, 'public/user/42/0042_d5ec.png', 'png', '1003_5403_3451_p.png', 'image', 'png', 22782, '4074d5ec389c4a63b744fef598d1cb01'),
(67, 65, 'thumb.normal', 'user', 18, 18, '2011-07-23 15:05:55', '2011-07-23 15:05:55', 1, 'public/user/43/0043_5139.png', 'png', '1003_5403_3451_in.png', 'image', 'png', 13439, '60575139e377cfbc039d482c8cda423d'),
(68, 65, 'thumb.icon', 'user', 18, 18, '2011-07-23 15:05:55', '2011-07-23 15:05:55', 1, 'public/user/44/0044_0a4b.png', 'png', '1003_5403_3451_is.png', 'image', 'png', 2560, 'f4cb0a4bdc7f6ca8aae9cac8e32ba91b'),
(69, NULL, NULL, 'user', 19, 19, '2011-07-23 15:05:57', '2011-07-23 15:05:57', 1, 'public/user/45/0045_b0d1.png', 'png', '8149_2804_8263_m.png', 'image', 'jpeg', 16794, 'b338b0d1d0dbc4ed3ef0602b1eec7108'),
(70, 69, 'thumb.profile', 'user', 19, 19, '2011-07-23 15:05:57', '2011-07-23 15:05:57', 1, 'public/user/46/0046_d5c0.png', 'png', '8149_2804_8263_p.png', 'image', 'jpeg', 10542, '04cad5c00c939a403e28eb54d0f26173'),
(71, 69, 'thumb.normal', 'user', 19, 19, '2011-07-23 15:05:57', '2011-07-23 15:05:57', 1, 'public/user/47/0047_2d41.png', 'png', '8149_2804_8263_in.png', 'image', 'jpeg', 6108, '8bfd2d41e337db1c52c973267b83de48'),
(72, 69, 'thumb.icon', 'user', 19, 19, '2011-07-23 15:05:57', '2011-07-23 15:05:57', 1, 'public/user/48/0048_bf5e.png', 'png', '8149_2804_8263_is.png', 'image', 'jpeg', 1455, 'ce7ebf5ee2924240e88a5cb93aac3179'),
(73, NULL, NULL, 'user', 20, 20, '2011-07-23 15:05:58', '2011-07-23 15:05:58', 1, 'public/user/49/0049_d9c0.png', 'png', '2389_7425_3194_m.png', 'image', 'jpeg', 1544, '08ccd9c0638b37cf1f767eea04d69cf2'),
(74, 73, 'thumb.profile', 'user', 20, 20, '2011-07-23 15:05:58', '2011-07-23 15:05:58', 1, 'public/user/4a/004a_d9c0.png', 'png', '2389_7425_3194_p.png', 'image', 'jpeg', 1544, '08ccd9c0638b37cf1f767eea04d69cf2'),
(75, 73, 'thumb.normal', 'user', 20, 20, '2011-07-23 15:05:58', '2011-07-23 15:05:58', 1, 'public/user/4b/004b_d9c0.png', 'png', '2389_7425_3194_in.png', 'image', 'jpeg', 1544, '08ccd9c0638b37cf1f767eea04d69cf2'),
(76, 73, 'thumb.icon', 'user', 20, 20, '2011-07-23 15:05:58', '2011-07-23 15:05:58', 1, 'public/user/4c/004c_2909.png', 'png', '2389_7425_3194_is.png', 'image', 'jpeg', 1282, '258f2909e67e285fb37a56a1cb82044a'),
(77, NULL, NULL, 'user', 21, 21, '2011-07-23 15:06:02', '2011-07-23 15:06:02', 1, 'public/user/4d/004d_48ae.png', 'png', '7693_3140_3338_m.png', 'image', 'png', 49089, 'e3ee48ae7051faf77f187b1b2958a3d1'),
(78, 77, 'thumb.profile', 'user', 21, 21, '2011-07-23 15:06:02', '2011-07-23 15:06:02', 1, 'public/user/4e/004e_27c6.png', 'png', '7693_3140_3338_p.png', 'image', 'png', 34641, '041627c6d0a935949deb2fe1870066f9'),
(79, 77, 'thumb.normal', 'user', 21, 21, '2011-07-23 15:06:02', '2011-07-23 15:06:02', 1, 'public/user/4f/004f_c2ac.png', 'png', '7693_3140_3338_in.png', 'image', 'png', 19288, '180cc2acb5c9339b90d894bda7420e78'),
(80, 77, 'thumb.icon', 'user', 21, 21, '2011-07-23 15:06:02', '2011-07-23 15:06:02', 1, 'public/user/50/0050_8ed2.png', 'png', '7693_3140_3338_is.png', 'image', 'png', 3545, '41fc8ed2824abb155f440dc9520e548d'),
(81, NULL, NULL, 'user', 22, 22, '2011-07-23 15:06:09', '2011-07-23 15:06:09', 1, 'public/user/51/0051_3c5c.png', 'png', '614_5971_8965_m.png', 'image', 'jpeg', 4476, '38053c5c950b4cd2d9ba1ec9e7749cb2'),
(82, 81, 'thumb.profile', 'user', 22, 22, '2011-07-23 15:06:09', '2011-07-23 15:06:09', 1, 'public/user/52/0052_3c5c.png', 'png', '614_5971_8965_p.png', 'image', 'jpeg', 4476, '38053c5c950b4cd2d9ba1ec9e7749cb2'),
(83, 81, 'thumb.normal', 'user', 22, 22, '2011-07-23 15:06:09', '2011-07-23 15:06:09', 1, 'public/user/53/0053_3c5c.png', 'png', '614_5971_8965_in.png', 'image', 'jpeg', 4476, '38053c5c950b4cd2d9ba1ec9e7749cb2'),
(84, 81, 'thumb.icon', 'user', 22, 22, '2011-07-23 15:06:09', '2011-07-23 15:06:09', 1, 'public/user/54/0054_e5a6.png', 'png', '614_5971_8965_is.png', 'image', 'jpeg', 1539, 'e7d9e5a6873b4fa54208dbac639b25b6'),
(85, NULL, NULL, 'user', 23, 23, '2011-07-23 15:06:14', '2011-07-23 15:06:14', 1, 'public/user/55/0055_af71.png', 'png', '7916_4628_3825_m.png', 'image', 'jpeg', 15574, '06ffaf7131d98d51e24276837930d8d8'),
(86, 85, 'thumb.profile', 'user', 23, 23, '2011-07-23 15:06:14', '2011-07-23 15:06:14', 1, 'public/user/56/0056_5396.png', 'png', '7916_4628_3825_p.png', 'image', 'jpeg', 9174, 'f199539674d91006e8daad765d220ad8'),
(87, 85, 'thumb.normal', 'user', 23, 23, '2011-07-23 15:06:14', '2011-07-23 15:06:14', 1, 'public/user/57/0057_0ad8.png', 'png', '7916_4628_3825_in.png', 'image', 'jpeg', 5729, 'e2430ad8cf97f3d45e9184b19656a056'),
(88, 85, 'thumb.icon', 'user', 23, 23, '2011-07-23 15:06:14', '2011-07-23 15:06:14', 1, 'public/user/58/0058_b877.png', 'png', '7916_4628_3825_is.png', 'image', 'jpeg', 1481, 'f9abb877492600732b5c3fda63d7b87f'),
(89, NULL, NULL, 'user', 25, 25, '2011-07-23 15:18:59', '2011-07-23 15:18:59', 1, 'public/user/59/0059_b13a.png', 'png', '1410_7304_3471_m.png', 'image', 'png', 43282, '7eb6b13a7779642fc3768e2c81483659'),
(90, 89, 'thumb.profile', 'user', 25, 25, '2011-07-23 15:18:59', '2011-07-23 15:18:59', 1, 'public/user/5a/005a_8ae5.png', 'png', '1410_7304_3471_p.png', 'image', 'png', 31709, '5a7a8ae5354137e88bf375e491047666'),
(91, 89, 'thumb.normal', 'user', 25, 25, '2011-07-23 15:18:59', '2011-07-23 15:18:59', 1, 'public/user/5b/005b_0b25.png', 'png', '1410_7304_3471_in.png', 'image', 'png', 17735, 'e0060b259affd5c6450512e7db9b565b'),
(92, 89, 'thumb.icon', 'user', 25, 25, '2011-07-23 15:18:59', '2011-07-23 15:18:59', 1, 'public/user/5c/005c_36f9.png', 'png', '1410_7304_3471_is.png', 'image', 'png', 3131, '98bc36f915411f5df0eb9448c87a7ad3'),
(93, NULL, NULL, 'user', 26, 26, '2011-07-23 15:19:03', '2011-07-23 15:19:03', 1, 'public/user/5d/005d_d203.png', 'png', '6882_1209_4604_m.png', 'image', 'jpeg', 2617, '79ded203c4aaf3402b0206e91a3fe4d1'),
(94, 93, 'thumb.profile', 'user', 26, 26, '2011-07-23 15:19:03', '2011-07-23 15:19:03', 1, 'public/user/5e/005e_d203.png', 'png', '6882_1209_4604_p.png', 'image', 'jpeg', 2617, '79ded203c4aaf3402b0206e91a3fe4d1'),
(95, 93, 'thumb.normal', 'user', 26, 26, '2011-07-23 15:19:03', '2011-07-23 15:19:03', 1, 'public/user/5f/005f_d203.png', 'png', '6882_1209_4604_in.png', 'image', 'jpeg', 2617, '79ded203c4aaf3402b0206e91a3fe4d1'),
(96, 93, 'thumb.icon', 'user', 26, 26, '2011-07-23 15:19:03', '2011-07-23 15:19:03', 1, 'public/user/60/0060_98a6.png', 'png', '6882_1209_4604_is.png', 'image', 'jpeg', 1330, 'cb3698a6d55b0cbdfdaefd6d17f03589'),
(97, NULL, NULL, 'user', 27, 27, '2011-07-23 15:19:05', '2011-07-23 15:19:05', 1, 'public/user/61/0061_0b1b.png', 'png', '7891_5754_353_m.png', 'image', 'jpeg', 2452, 'a12e0b1bd02c9ec5f47e6bfc8bab2bc9'),
(98, 97, 'thumb.profile', 'user', 27, 27, '2011-07-23 15:19:05', '2011-07-23 15:19:05', 1, 'public/user/62/0062_0b1b.png', 'png', '7891_5754_353_p.png', 'image', 'jpeg', 2452, 'a12e0b1bd02c9ec5f47e6bfc8bab2bc9'),
(99, 97, 'thumb.normal', 'user', 27, 27, '2011-07-23 15:19:05', '2011-07-23 15:19:05', 1, 'public/user/63/0063_0b1b.png', 'png', '7891_5754_353_in.png', 'image', 'jpeg', 2452, 'a12e0b1bd02c9ec5f47e6bfc8bab2bc9'),
(100, 97, 'thumb.icon', 'user', 27, 27, '2011-07-23 15:19:05', '2011-07-23 15:19:05', 1, 'public/user/64/0064_e27d.png', 'png', '7891_5754_353_is.png', 'image', 'jpeg', 1429, 'bc3ce27d509500abaa93bb6c21fb1eb9'),
(101, NULL, NULL, 'user', 28, 28, '2011-07-23 15:19:07', '2011-07-23 15:19:07', 1, 'public/user/65/0065_8c36.png', 'png', '2048_6973_2547_m.png', 'image', 'jpeg', 8543, '0f608c36ae7bd951a53b31e9e34e0a24'),
(102, 101, 'thumb.profile', 'user', 28, 28, '2011-07-23 15:19:07', '2011-07-23 15:19:07', 1, 'public/user/66/0066_f242.png', 'png', '2048_6973_2547_p.png', 'image', 'jpeg', 5567, '8536f2425027715dec1b69cab935c899'),
(103, 101, 'thumb.normal', 'user', 28, 28, '2011-07-23 15:19:07', '2011-07-23 15:19:07', 1, 'public/user/67/0067_0bbd.png', 'png', '2048_6973_2547_in.png', 'image', 'jpeg', 3278, '07d90bbdcd33327904f8eedeb793d4c7'),
(104, 101, 'thumb.icon', 'user', 28, 28, '2011-07-23 15:19:07', '2011-07-23 15:19:07', 1, 'public/user/68/0068_7935.png', 'png', '2048_6973_2547_is.png', 'image', 'jpeg', 1003, 'ae2979357bb0021b742a5433317bfd43'),
(105, NULL, NULL, 'user', 29, 29, '2011-07-23 15:19:10', '2011-07-23 15:19:10', 1, 'public/user/69/0069_930e.png', 'png', '8712_8033_452_m.png', 'image', 'png', 51403, '2f4f930ea7a085a8433f6d26fc08dc89'),
(106, 105, 'thumb.profile', 'user', 29, 29, '2011-07-23 15:19:10', '2011-07-23 15:19:10', 1, 'public/user/6a/006a_6405.png', 'png', '8712_8033_452_p.png', 'image', 'png', 33302, '7aa3640589636067ecfbce715da89698'),
(107, 105, 'thumb.normal', 'user', 29, 29, '2011-07-23 15:19:10', '2011-07-23 15:19:10', 1, 'public/user/6b/006b_6c67.png', 'png', '8712_8033_452_in.png', 'image', 'png', 18680, '81656c67430de0df0f724d8d12b63e04'),
(108, 105, 'thumb.icon', 'user', 29, 29, '2011-07-23 15:19:10', '2011-07-23 15:19:10', 1, 'public/user/6c/006c_4fed.png', 'png', '8712_8033_452_is.png', 'image', 'png', 3694, 'd7fe4fed32f0b62534b40a3078688639'),
(109, NULL, NULL, 'user', 30, 30, '2011-07-23 15:19:12', '2011-07-23 15:19:12', 1, 'public/user/6d/006d_977c.png', 'png', '5453_6200_690_m.png', 'image', 'png', 73668, '9c58977cbced523fb5bc300b2c80792b'),
(110, 109, 'thumb.profile', 'user', 30, 30, '2011-07-23 15:19:12', '2011-07-23 15:19:12', 1, 'public/user/6e/006e_90f9.png', 'png', '5453_6200_690_p.png', 'image', 'png', 48970, '5fd990f9092f2159ebbdc9da47bec38e'),
(111, 109, 'thumb.normal', 'user', 30, 30, '2011-07-23 15:19:12', '2011-07-23 15:19:12', 1, 'public/user/6f/006f_423a.png', 'png', '5453_6200_690_in.png', 'image', 'png', 27044, 'c480423a7b4124c6addf85f02c1c9085'),
(112, 109, 'thumb.icon', 'user', 30, 30, '2011-07-23 15:19:12', '2011-07-23 15:19:12', 1, 'public/user/70/0070_50e7.png', 'png', '5453_6200_690_is.png', 'image', 'png', 4447, '2a5650e746807aef71b7b757edb94e0c'),
(113, NULL, NULL, 'user', 31, 31, '2011-07-23 15:19:14', '2011-07-23 15:19:14', 1, 'public/user/71/0071_d36d.png', 'png', '3897_8597_4772_m.png', 'image', 'jpeg', 9428, 'cf56d36d18cce97d300651858942eb77'),
(114, 113, 'thumb.profile', 'user', 31, 31, '2011-07-23 15:19:14', '2011-07-23 15:19:14', 1, 'public/user/72/0072_baa0.png', 'png', '3897_8597_4772_p.png', 'image', 'jpeg', 5650, '84b0baa0c4e7d270e9157eea4bd9a24b'),
(115, 113, 'thumb.normal', 'user', 31, 31, '2011-07-23 15:19:14', '2011-07-23 15:19:14', 1, 'public/user/73/0073_a1f7.png', 'png', '3897_8597_4772_in.png', 'image', 'jpeg', 3430, '967da1f7bfe13f6664ff80d2aa5c311a'),
(116, 113, 'thumb.icon', 'user', 31, 31, '2011-07-23 15:19:14', '2011-07-23 15:19:14', 1, 'public/user/74/0074_39d1.png', 'png', '3897_8597_4772_is.png', 'image', 'jpeg', 1173, '9bd739d12e5e87b08d79a37a87b51a16'),
(117, NULL, NULL, 'user', 32, 32, '2011-07-23 15:19:16', '2011-07-23 15:19:16', 1, 'public/user/75/0075_1f3b.png', 'png', '6587_8439_7971_m.png', 'image', 'jpeg', 1707, '35151f3b99b037c73c0d9a97aede4b62'),
(118, 117, 'thumb.profile', 'user', 32, 32, '2011-07-23 15:19:16', '2011-07-23 15:19:16', 1, 'public/user/76/0076_1f3b.png', 'png', '6587_8439_7971_p.png', 'image', 'jpeg', 1707, '35151f3b99b037c73c0d9a97aede4b62'),
(119, 117, 'thumb.normal', 'user', 32, 32, '2011-07-23 15:19:16', '2011-07-23 15:19:16', 1, 'public/user/77/0077_1f3b.png', 'png', '6587_8439_7971_in.png', 'image', 'jpeg', 1707, '35151f3b99b037c73c0d9a97aede4b62'),
(120, 117, 'thumb.icon', 'user', 32, 32, '2011-07-23 15:19:16', '2011-07-23 15:19:16', 1, 'public/user/78/0078_7cdf.png', 'png', '6587_8439_7971_is.png', 'image', 'jpeg', 1379, '32e17cdfcd2ac0f8c29074a3d7454894'),
(121, NULL, NULL, 'user', 33, 33, '2011-07-23 15:19:21', '2011-07-23 15:19:21', 1, 'public/user/79/0079_284e.png', 'png', '3758_4348_5211_m.png', 'image', 'jpeg', 12287, '7646284ec8285c9531a086c8919081c9'),
(122, 121, 'thumb.profile', 'user', 33, 33, '2011-07-23 15:19:21', '2011-07-23 15:19:21', 1, 'public/user/7a/007a_30d8.png', 'png', '3758_4348_5211_p.png', 'image', 'jpeg', 8381, '9c7230d802027bee386dfe625395b08d'),
(123, 121, 'thumb.normal', 'user', 33, 33, '2011-07-23 15:19:21', '2011-07-23 15:19:21', 1, 'public/user/7b/007b_a25d.png', 'png', '3758_4348_5211_in.png', 'image', 'jpeg', 5082, 'a76fa25de1917a5f6a39196eb9a61dde'),
(124, 121, 'thumb.icon', 'user', 33, 33, '2011-07-23 15:19:21', '2011-07-23 15:19:21', 1, 'public/user/7c/007c_98b4.png', 'png', '3758_4348_5211_is.png', 'image', 'jpeg', 1467, 'aad898b4ee340651ed91e60c79bb82ca'),
(125, NULL, NULL, 'user', 35, 35, '2011-07-23 16:21:24', '2011-07-23 16:21:24', 1, 'public/user/7d/007d_c7af.png', 'png', '956_7107_1664_m.png', 'image', 'jpeg', 13549, '7abec7af96ff521207a18a8f5691051f'),
(126, 125, 'thumb.profile', 'user', 35, 35, '2011-07-23 16:21:24', '2011-07-23 16:21:24', 1, 'public/user/7e/007e_aee0.png', 'png', '956_7107_1664_p.png', 'image', 'jpeg', 8473, 'cefcaee080552000862a1bc84ed6590b'),
(127, 125, 'thumb.normal', 'user', 35, 35, '2011-07-23 16:21:24', '2011-07-23 16:21:24', 1, 'public/user/7f/007f_a951.png', 'png', '956_7107_1664_in.png', 'image', 'jpeg', 5255, 'f78ea951f3469a3aaf213eeabef40482'),
(128, 125, 'thumb.icon', 'user', 35, 35, '2011-07-23 16:21:24', '2011-07-23 16:21:24', 1, 'public/user/80/0080_8c00.png', 'png', '956_7107_1664_is.png', 'image', 'jpeg', 1419, 'd4468c0070e3336bd17fb5dbb55ab2d5'),
(129, NULL, NULL, 'user', 37, 37, '2011-07-23 16:41:18', '2011-07-23 16:41:18', 1, 'public/user/81/0081_231e.png', 'png', '5628_8971_7721_m.png', 'image', 'png', 39198, '97a3231eb79c6c5043662d5c9ad0907b'),
(130, 129, 'thumb.profile', 'user', 37, 37, '2011-07-23 16:41:18', '2011-07-23 16:41:18', 1, 'public/user/82/0082_88e5.png', 'png', '5628_8971_7721_p.png', 'image', 'png', 36356, 'da3d88e5c0a345809e2bff6cc3ed29c8'),
(131, 129, 'thumb.normal', 'user', 37, 37, '2011-07-23 16:41:18', '2011-07-23 16:41:18', 1, 'public/user/83/0083_990c.png', 'png', '5628_8971_7721_in.png', 'image', 'png', 20568, '1ce3990c774de545609f7c8614b48f4e'),
(132, 129, 'thumb.icon', 'user', 37, 37, '2011-07-23 16:41:18', '2011-07-23 16:41:18', 1, 'public/user/84/0084_93e9.png', 'png', '5628_8971_7721_is.png', 'image', 'png', 4071, '28ba93e9621ab30eb9b7c1942700eab8'),
(133, NULL, NULL, 'user', 38, 38, '2011-07-23 16:56:20', '2011-07-23 16:56:20', 1, 'public/user/85/0085_488f.png', 'png', '1330_7023_972_m.png', 'image', 'jpeg', 21614, 'c314488fa2ba56fbeaad2feac89f7ada'),
(134, 133, 'thumb.profile', 'user', 38, 38, '2011-07-23 16:56:20', '2011-07-23 16:56:20', 1, 'public/user/86/0086_629b.png', 'png', '1330_7023_972_p.png', 'image', 'jpeg', 5231, '2453629b24fc60df2d9ec1c50c8799b4'),
(135, 133, 'thumb.normal', 'user', 38, 38, '2011-07-23 16:56:20', '2011-07-23 16:56:20', 1, 'public/user/87/0087_1fe8.png', 'png', '1330_7023_972_in.png', 'image', 'jpeg', 3388, '8eef1fe8eb87ed4a54a7fb0c82b7d9de'),
(136, 133, 'thumb.icon', 'user', 38, 38, '2011-07-23 16:56:20', '2011-07-23 16:56:20', 1, 'public/user/88/0088_45f4.png', 'png', '1330_7023_972_is.png', 'image', 'jpeg', 1435, '371045f488248abfeb5dd9ab02ea6955'),
(137, NULL, NULL, 'deal', 2, 1, '2011-07-23 16:57:27', '2011-07-23 16:57:27', 1, 'public/deal/89/0089_8cc1.png', 'png', 'm_6894_4155_8885.png', 'image', 'gif', 23802, '0c848cc1476e4fa527c8d89199485aa9'),
(138, 137, 'thumb.profile', 'deal', 2, 1, '2011-07-23 16:57:27', '2011-07-23 16:57:27', 1, 'public/deal/8a/008a_8cc1.png', 'png', 'p_6894_4155_8885.png', 'image', 'gif', 23802, '0c848cc1476e4fa527c8d89199485aa9'),
(139, 137, 'thumb.normal', 'deal', 2, 1, '2011-07-23 16:57:27', '2011-07-23 16:57:27', 1, 'public/deal/8b/008b_80c4.png', 'png', 'in_6894_4155_8885.png', 'image', 'gif', 7895, '38ab80c4afd6975d847649800cf99046'),
(140, 137, 'thumb.icon', 'deal', 2, 1, '2011-07-23 16:57:27', '2011-07-23 16:57:27', 1, 'public/deal/8c/008c_522b.png', 'png', 'is_6894_4155_8885.png', 'image', 'gif', 1500, 'a980522b8cf20eb5eb23dc23c887e234'),
(141, NULL, NULL, 'deal', 3, 1, '2011-07-23 16:57:33', '2011-07-23 16:57:33', 1, 'public/deal/8d/008d_9046.png', 'png', 'm_1990_3838_7823.png', 'image', 'jpeg', 20340, '6e3f9046c76c9436fae3df140d3ac88c'),
(142, 141, 'thumb.profile', 'deal', 3, 1, '2011-07-23 16:57:33', '2011-07-23 16:57:33', 1, 'public/deal/8e/008e_9046.png', 'png', 'p_1990_3838_7823.png', 'image', 'jpeg', 20340, '6e3f9046c76c9436fae3df140d3ac88c'),
(143, 141, 'thumb.normal', 'deal', 3, 1, '2011-07-23 16:57:33', '2011-07-23 16:57:33', 1, 'public/deal/8f/008f_372d.png', 'png', 'in_1990_3838_7823.png', 'image', 'jpeg', 6169, '7237372d3bfc9880a87d15b77589df33'),
(144, 141, 'thumb.icon', 'deal', 3, 1, '2011-07-23 16:57:33', '2011-07-23 16:57:33', 1, 'public/deal/90/0090_045f.png', 'png', 'is_1990_3838_7823.png', 'image', 'jpeg', 1453, 'c5ab045fcbf9eb86cc2d5b6a6e31497e'),
(145, NULL, NULL, 'deal', 5, 1, '2011-07-23 16:57:51', '2011-07-23 16:57:51', 1, 'public/deal/91/0091_0b31.png', 'png', 'm_1897_1195_6711.png', 'image', 'png', 64307, 'a9400b31d19fdb025e0f96cb8f8eab42'),
(146, 145, 'thumb.profile', 'deal', 5, 1, '2011-07-23 16:57:51', '2011-07-23 16:57:51', 1, 'public/deal/92/0092_0b31.png', 'png', 'p_1897_1195_6711.png', 'image', 'png', 64307, 'a9400b31d19fdb025e0f96cb8f8eab42'),
(147, 145, 'thumb.normal', 'deal', 5, 1, '2011-07-23 16:57:51', '2011-07-23 16:57:51', 1, 'public/deal/93/0093_d220.png', 'png', 'in_1897_1195_6711.png', 'image', 'png', 21047, '5425d220bb3e6aa18ba806a7ac1f1c5d'),
(148, 145, 'thumb.icon', 'deal', 5, 1, '2011-07-23 16:57:51', '2011-07-23 16:57:51', 1, 'public/deal/94/0094_b889.png', 'png', 'is_1897_1195_6711.png', 'image', 'png', 3332, '4e3bb889da6919b80e71c14b58f585d4'),
(149, NULL, NULL, 'deal', 6, 1, '2011-07-23 16:57:58', '2011-07-23 16:57:58', 1, 'public/deal/95/0095_0bb0.png', 'png', 'm_3044_8984_7366.png', 'image', 'jpeg', 6004, 'de790bb0f89d94b8a0c3c2fa36dc1a6d'),
(150, 149, 'thumb.profile', 'deal', 6, 1, '2011-07-23 16:57:58', '2011-07-23 16:57:58', 1, 'public/deal/96/0096_0bb0.png', 'png', 'p_3044_8984_7366.png', 'image', 'jpeg', 6004, 'de790bb0f89d94b8a0c3c2fa36dc1a6d'),
(151, 149, 'thumb.normal', 'deal', 6, 1, '2011-07-23 16:57:58', '2011-07-23 16:57:58', 1, 'public/deal/97/0097_41af.png', 'png', 'in_3044_8984_7366.png', 'image', 'jpeg', 2270, 'b3f041af78415160bb7f3dcff4b46cee'),
(152, 149, 'thumb.icon', 'deal', 6, 1, '2011-07-23 16:57:58', '2011-07-23 16:57:58', 1, 'public/deal/98/0098_d811.png', 'png', 'is_3044_8984_7366.png', 'image', 'jpeg', 887, 'c7a4d811c54932297bade8c95a8e69f2'),
(153, NULL, NULL, 'deal', 7, 1, '2011-07-23 16:58:04', '2011-07-23 16:58:04', 1, 'public/deal/99/0099_e97b.png', 'png', 'm_8391_7562_2376.png', 'image', 'jpeg', 10807, 'e163e97ba4339025af93508beffde78e'),
(154, 153, 'thumb.profile', 'deal', 7, 1, '2011-07-23 16:58:04', '2011-07-23 16:58:04', 1, 'public/deal/9a/009a_e97b.png', 'png', 'p_8391_7562_2376.png', 'image', 'jpeg', 10807, 'e163e97ba4339025af93508beffde78e'),
(155, 153, 'thumb.normal', 'deal', 7, 1, '2011-07-23 16:58:04', '2011-07-23 16:58:04', 1, 'public/deal/9b/009b_5ced.png', 'png', 'in_8391_7562_2376.png', 'image', 'jpeg', 4221, '02be5cedbc18a719b9ce7f6bdf94201f'),
(156, 153, 'thumb.icon', 'deal', 7, 1, '2011-07-23 16:58:04', '2011-07-23 16:58:04', 1, 'public/deal/9c/009c_e174.png', 'png', 'is_8391_7562_2376.png', 'image', 'jpeg', 1241, '7576e1743ec7410ee032457396eb5d66'),
(157, NULL, NULL, 'deal', 6, 1, '2011-07-23 21:06:17', '2011-07-23 21:06:17', 1, 'public/deal/9d/009d_23bb.jpg', 'jpg', 'm_phph98ual.jpg', 'image', 'jpeg', 71031, '52b723bb73203c1d039108e83e7e7969'),
(158, 157, 'thumb.profile', 'deal', 6, 1, '2011-07-23 21:06:17', '2011-07-23 21:06:17', 1, 'public/deal/9e/009e_d850.jpg', 'jpg', 'p_phph98ual.jpg', 'image', 'jpeg', 23735, '217fd8506f753c25e3ab828eb1582ce2'),
(159, 157, 'thumb.normal', 'deal', 6, 1, '2011-07-23 21:06:17', '2011-07-23 21:06:17', 1, 'public/deal/9f/009f_ece0.jpg', 'jpg', 't_phph98ual.jpg', 'image', 'jpeg', 4380, '137cece06c10d6c3b58446c293a7ba40'),
(160, NULL, NULL, 'deal', 6, 1, '2011-07-23 21:06:19', '2011-07-23 21:06:19', 1, 'public/deal/a0/00a0_9a8b.jpg', 'jpg', 'm_phprkQiJf.jpg', 'image', 'jpeg', 62397, 'aa869a8b58cb58d11fba8bb0de45117e'),
(161, 160, 'thumb.profile', 'deal', 6, 1, '2011-07-23 21:06:19', '2011-07-23 21:06:19', 1, 'public/deal/a1/00a1_11a6.jpg', 'jpg', 'p_phprkQiJf.jpg', 'image', 'jpeg', 25035, 'd38811a694bed9f87bb49c8ad289d4b7'),
(162, 160, 'thumb.normal', 'deal', 6, 1, '2011-07-23 21:06:19', '2011-07-23 21:06:19', 1, 'public/deal/a2/00a2_6ed3.jpg', 'jpg', 't_phprkQiJf.jpg', 'image', 'jpeg', 5032, 'ae946ed392212d38fbf3fe421e9e5440'),
(167, NULL, NULL, 'user', 40, 40, '2011-07-24 14:00:29', '2011-07-24 14:00:29', 1, 'public/user/a7/00a7_67e4.png', 'png', '2966_730_3621_m.png', 'image', 'jpeg', 17564, 'fe8967e4376c1045e1d0121a68caef2b'),
(168, 167, 'thumb.profile', 'user', 40, 40, '2011-07-24 14:00:29', '2011-07-24 14:00:29', 1, 'public/user/a8/00a8_3a58.png', 'png', '2966_730_3621_p.png', 'image', 'jpeg', 8234, '60e63a58fec39145567deae19dd70b91'),
(169, 167, 'thumb.normal', 'user', 40, 40, '2011-07-24 14:00:29', '2011-07-24 14:00:29', 1, 'public/user/a9/00a9_5392.png', 'png', '2966_730_3621_in.png', 'image', 'jpeg', 3805, 'd8dc5392113002eaa3fc5d7653474cfd'),
(170, 167, 'thumb.icon', 'user', 40, 40, '2011-07-24 14:00:29', '2011-07-24 14:00:29', 1, 'public/user/aa/00aa_17bf.png', 'png', '2966_730_3621_is.png', 'image', 'jpeg', 1308, 'e26c17bfe5217e889d31ac1a0199f963'),
(171, NULL, NULL, 'user', 41, 41, '2011-07-24 14:00:35', '2011-07-24 14:00:35', 1, 'public/user/ab/00ab_fc29.png', 'png', '6378_5241_8923_m.png', 'image', 'jpeg', 47574, '0607fc2950ec5d27d81467025c74b38f'),
(172, 171, 'thumb.profile', 'user', 41, 41, '2011-07-24 14:00:35', '2011-07-24 14:00:35', 1, 'public/user/ac/00ac_0c4a.png', 'png', '6378_5241_8923_p.png', 'image', 'jpeg', 5822, '7e990c4a6bb4d18844089107c0307002'),
(173, 171, 'thumb.normal', 'user', 41, 41, '2011-07-24 14:00:35', '2011-07-24 14:00:35', 1, 'public/user/ad/00ad_2fe4.png', 'png', '6378_5241_8923_in.png', 'image', 'jpeg', 3543, '712e2fe47355b7af3026dcecce4ab57c'),
(174, 171, 'thumb.icon', 'user', 41, 41, '2011-07-24 14:00:35', '2011-07-24 14:00:35', 1, 'public/user/ae/00ae_66ab.png', 'png', '6378_5241_8923_is.png', 'image', 'jpeg', 1333, '9b7966ab1bece80642c75f17ed740887'),
(175, NULL, NULL, 'user', 42, 42, '2011-07-24 14:00:37', '2011-07-24 14:00:37', 1, 'public/user/af/00af_1ce4.png', 'png', '1594_1200_2497_m.png', 'image', 'jpeg', 6251, 'c1451ce468a78037e2167d566d65a964'),
(176, 175, 'thumb.profile', 'user', 42, 42, '2011-07-24 14:00:37', '2011-07-24 14:00:37', 1, 'public/user/b0/00b0_142c.png', 'png', '1594_1200_2497_p.png', 'image', 'jpeg', 4404, 'c9a6142c60194144d8205b917e761046'),
(177, 175, 'thumb.normal', 'user', 42, 42, '2011-07-24 14:00:37', '2011-07-24 14:00:37', 1, 'public/user/b1/00b1_6984.png', 'png', '1594_1200_2497_in.png', 'image', 'jpeg', 2917, '26906984611a6aa3c8bbc8b4d8af14c4'),
(178, 175, 'thumb.icon', 'user', 42, 42, '2011-07-24 14:00:37', '2011-07-24 14:00:37', 1, 'public/user/b2/00b2_a276.png', 'png', '1594_1200_2497_is.png', 'image', 'jpeg', 1115, 'eeb7a276231d7bb48911626c1ced427c'),
(179, NULL, NULL, 'user', 43, 43, '2011-07-24 14:00:41', '2011-07-24 14:00:41', 1, 'public/user/b3/00b3_c82d.png', 'png', '8433_5922_7840_m.png', 'image', 'png', 30628, '10b0c82d0474c8b9395e3fe0dd531389'),
(180, 179, 'thumb.profile', 'user', 43, 43, '2011-07-24 14:00:41', '2011-07-24 14:00:41', 1, 'public/user/b4/00b4_a3a1.png', 'png', '8433_5922_7840_p.png', 'image', 'png', 26697, '060fa3a12bc568a259ca29e0664f129f'),
(181, 179, 'thumb.normal', 'user', 43, 43, '2011-07-24 14:00:41', '2011-07-24 14:00:41', 1, 'public/user/b5/00b5_cf8f.png', 'png', '8433_5922_7840_in.png', 'image', 'png', 15229, '8124cf8f90fa810bfe19f286150f45c0'),
(182, 179, 'thumb.icon', 'user', 43, 43, '2011-07-24 14:00:41', '2011-07-24 14:00:41', 1, 'public/user/b6/00b6_f2fe.png', 'png', '8433_5922_7840_is.png', 'image', 'png', 3102, '2db9f2fe7f3f34f44fb1f66f2d9ac011'),
(183, NULL, NULL, 'user', 44, 44, '2011-07-24 14:00:43', '2011-07-24 14:00:43', 1, 'public/user/b7/00b7_3534.png', 'png', '7388_457_5945_m.png', 'image', 'jpeg', 1979, 'fd7b35348c850ad6dc4c973d33a5026e'),
(184, 183, 'thumb.profile', 'user', 44, 44, '2011-07-24 14:00:43', '2011-07-24 14:00:43', 1, 'public/user/b8/00b8_3534.png', 'png', '7388_457_5945_p.png', 'image', 'jpeg', 1979, 'fd7b35348c850ad6dc4c973d33a5026e'),
(185, 183, 'thumb.normal', 'user', 44, 44, '2011-07-24 14:00:43', '2011-07-24 14:00:43', 1, 'public/user/b9/00b9_3534.png', 'png', '7388_457_5945_in.png', 'image', 'jpeg', 1979, 'fd7b35348c850ad6dc4c973d33a5026e'),
(186, 183, 'thumb.icon', 'user', 44, 44, '2011-07-24 14:00:43', '2011-07-24 14:00:43', 1, 'public/user/ba/00ba_4a41.png', 'png', '7388_457_5945_is.png', 'image', 'jpeg', 1180, '28964a41ac588e1e5e0c4d72cd5e58d3'),
(187, NULL, NULL, 'user', 45, 45, '2011-07-24 14:00:45', '2011-07-24 14:00:45', 1, 'public/user/bb/00bb_ebdd.png', 'png', '6397_2901_2489_m.png', 'image', 'jpeg', 17761, '7b3febdd67f67859c341cb3a3a56ad94'),
(188, 187, 'thumb.profile', 'user', 45, 45, '2011-07-24 14:00:45', '2011-07-24 14:00:45', 1, 'public/user/bc/00bc_182f.png', 'png', '6397_2901_2489_p.png', 'image', 'jpeg', 10312, 'ed08182ff7edf629ec2b48b8cb2bda57'),
(189, 187, 'thumb.normal', 'user', 45, 45, '2011-07-24 14:00:45', '2011-07-24 14:00:45', 1, 'public/user/bd/00bd_6633.png', 'png', '6397_2901_2489_in.png', 'image', 'jpeg', 5824, 'fa526633b220331bf46ff359e4f5f033'),
(190, 187, 'thumb.icon', 'user', 45, 45, '2011-07-24 14:00:45', '2011-07-24 14:00:45', 1, 'public/user/be/00be_3b57.png', 'png', '6397_2901_2489_is.png', 'image', 'jpeg', 1308, '11493b57a72abc5652754bcf70292c18'),
(191, NULL, NULL, 'user', 46, 46, '2011-07-24 14:00:51', '2011-07-24 14:00:51', 1, 'public/user/bf/00bf_5253.png', 'png', '580_8288_6910_m.png', 'image', 'jpeg', 13246, 'a84b5253f065a8977856aba26a8eca2d'),
(192, 191, 'thumb.profile', 'user', 46, 46, '2011-07-24 14:00:51', '2011-07-24 14:00:51', 1, 'public/user/c0/00c0_cacb.png', 'png', '580_8288_6910_p.png', 'image', 'jpeg', 9022, '9891cacb0eabd42f72c9788a58f7a7c4'),
(193, 191, 'thumb.normal', 'user', 46, 46, '2011-07-24 14:00:51', '2011-07-24 14:00:51', 1, 'public/user/c1/00c1_b529.png', 'png', '580_8288_6910_in.png', 'image', 'jpeg', 5601, 'b493b52922f9346bb22ea3f2e418b481'),
(194, 191, 'thumb.icon', 'user', 46, 46, '2011-07-24 14:00:51', '2011-07-24 14:00:51', 1, 'public/user/c2/00c2_38c1.png', 'png', '580_8288_6910_is.png', 'image', 'jpeg', 1522, 'b97538c1044a1fd8d0151b5527dcfe11'),
(203, NULL, NULL, 'deal', 208, 1, '2011-07-24 18:04:15', '2011-07-24 18:04:15', 1, 'public/deal/cb/00cb_adae.jpg', 'jpg', 'm_phpZTARLd.jpg', 'image', 'jpeg', 12137, '5ceeadaefe78b6b798a3ad9809dbeddd'),
(204, 203, 'thumb.profile', 'deal', 208, 1, '2011-07-24 18:04:15', '2011-07-24 18:04:15', 1, 'public/deal/cc/00cc_adae.jpg', 'jpg', 'p_phpZTARLd.jpg', 'image', 'jpeg', 12137, '5ceeadaefe78b6b798a3ad9809dbeddd'),
(205, 203, 'thumb.normal', 'deal', 208, 1, '2011-07-24 18:04:15', '2011-07-24 18:04:15', 1, 'public/deal/cd/00cd_72eb.jpg', 'jpg', 't_phpZTARLd.jpg', 'image', 'jpeg', 3933, '4fae72ebfc28752afd7ead99d7ac44cb'),
(206, NULL, NULL, 'deal', 208, 1, '2011-07-24 18:04:15', '2011-07-24 18:04:15', 1, 'public/deal/ce/00ce_78f9.jpg', 'jpg', 'm_phpRLNvkp.jpg', 'image', 'jpeg', 20088, '9eff78f90edb042d3f9d2cfe9d9dbc78'),
(207, 206, 'thumb.profile', 'deal', 208, 1, '2011-07-24 18:04:15', '2011-07-24 18:04:15', 1, 'public/deal/cf/00cf_78f9.jpg', 'jpg', 'p_phpRLNvkp.jpg', 'image', 'jpeg', 20088, '9eff78f90edb042d3f9d2cfe9d9dbc78'),
(208, 206, 'thumb.normal', 'deal', 208, 1, '2011-07-24 18:04:15', '2011-07-24 18:04:15', 1, 'public/deal/d0/00d0_9916.jpg', 'jpg', 't_phpRLNvkp.jpg', 'image', 'jpeg', 5997, '42b699167a04c25e7d3c4a0bed36509d'),
(209, NULL, NULL, 'deal', 208, 1, '2011-07-24 18:04:15', '2011-07-24 18:04:15', 1, 'public/deal/d1/00d1_be12.jpg', 'jpg', 'm_phpGHp01h.jpg', 'image', 'jpeg', 14935, 'a573be125e4a32abd33d0d377e999146'),
(210, 209, 'thumb.profile', 'deal', 208, 1, '2011-07-24 18:04:15', '2011-07-24 18:04:15', 1, 'public/deal/d2/00d2_be12.jpg', 'jpg', 'p_phpGHp01h.jpg', 'image', 'jpeg', 14935, 'a573be125e4a32abd33d0d377e999146'),
(211, 209, 'thumb.normal', 'deal', 208, 1, '2011-07-24 18:04:15', '2011-07-24 18:04:15', 1, 'public/deal/d3/00d3_020a.jpg', 'jpg', 't_phpGHp01h.jpg', 'image', 'jpeg', 5354, '3b85020abef991fa8b5a5c33248deb6c'),
(212, NULL, NULL, 'deal', 208, 1, '2011-07-24 18:04:16', '2011-07-24 18:04:16', 1, 'public/deal/d4/00d4_54ac.jpg', 'jpg', 'm_phpC2onj6.jpg', 'image', 'jpeg', 8797, 'c45754acdd82b3899fcc42b623bb1603'),
(213, 212, 'thumb.profile', 'deal', 208, 1, '2011-07-24 18:04:16', '2011-07-24 18:04:16', 1, 'public/deal/d5/00d5_54ac.jpg', 'jpg', 'p_phpC2onj6.jpg', 'image', 'jpeg', 8797, 'c45754acdd82b3899fcc42b623bb1603'),
(214, 212, 'thumb.normal', 'deal', 208, 1, '2011-07-24 18:04:16', '2011-07-24 18:04:16', 1, 'public/deal/d6/00d6_726d.jpg', 'jpg', 't_phpC2onj6.jpg', 'image', 'jpeg', 4819, '193d726d92320741a32795486391d9c0'),
(215, NULL, NULL, 'deal', 208, 1, '2011-07-24 18:04:16', '2011-07-24 18:04:16', 1, 'public/deal/d7/00d7_147c.jpg', 'jpg', 'm_phpvoS4GG.jpg', 'image', 'jpeg', 14099, 'b6ce147cdefb46c1562d2a57a2ef01ea'),
(216, 215, 'thumb.profile', 'deal', 208, 1, '2011-07-24 18:04:16', '2011-07-24 18:04:16', 1, 'public/deal/d8/00d8_147c.jpg', 'jpg', 'p_phpvoS4GG.jpg', 'image', 'jpeg', 14099, 'b6ce147cdefb46c1562d2a57a2ef01ea'),
(217, 215, 'thumb.normal', 'deal', 208, 1, '2011-07-24 18:04:16', '2011-07-24 18:04:16', 1, 'public/deal/d9/00d9_07a0.jpg', 'jpg', 't_phpvoS4GG.jpg', 'image', 'jpeg', 4959, '761f07a0caacf0df67c0376f4b5d6e4b'),
(218, NULL, NULL, 'deal', 208, 1, '2011-07-24 18:04:16', '2011-07-24 18:04:16', 1, 'public/deal/da/00da_25ee.jpg', 'jpg', 'm_phpYjaTxR.jpg', 'image', 'jpeg', 13482, '61d725ee650006e35c09877160ac29d2'),
(219, 218, 'thumb.profile', 'deal', 208, 1, '2011-07-24 18:04:16', '2011-07-24 18:04:16', 1, 'public/deal/db/00db_25ee.jpg', 'jpg', 'p_phpYjaTxR.jpg', 'image', 'jpeg', 13482, '61d725ee650006e35c09877160ac29d2'),
(220, 218, 'thumb.normal', 'deal', 208, 1, '2011-07-24 18:04:16', '2011-07-24 18:04:16', 1, 'public/deal/dc/00dc_60be.jpg', 'jpg', 't_phpYjaTxR.jpg', 'image', 'jpeg', 4483, 'd51760beef6e054e5dc0ab26054f0f51'),
(221, NULL, NULL, 'deal', 208, 1, '2011-07-24 18:04:16', '2011-07-24 18:04:16', 1, 'public/deal/dd/00dd_d86c.jpg', 'jpg', 'm_phpcLwBBX.jpg', 'image', 'jpeg', 12489, 'c35dd86ce7edb6cf7dc72be5cc508270'),
(222, 221, 'thumb.profile', 'deal', 208, 1, '2011-07-24 18:04:16', '2011-07-24 18:04:16', 1, 'public/deal/de/00de_d86c.jpg', 'jpg', 'p_phpcLwBBX.jpg', 'image', 'jpeg', 12489, 'c35dd86ce7edb6cf7dc72be5cc508270'),
(223, 221, 'thumb.normal', 'deal', 208, 1, '2011-07-24 18:04:16', '2011-07-24 18:04:16', 1, 'public/deal/df/00df_0d34.jpg', 'jpg', 't_phpcLwBBX.jpg', 'image', 'jpeg', 4481, '6ce20d34adbc268de058ab33570186fd'),
(224, NULL, NULL, 'deal', 208, 1, '2011-07-24 18:04:17', '2011-07-24 18:04:17', 1, 'public/deal/e0/00e0_5002.jpg', 'jpg', 'm_php2pNXLH.jpg', 'image', 'jpeg', 8639, '277d5002b2bcbf41d5c4d07db2408c99'),
(225, 224, 'thumb.profile', 'deal', 208, 1, '2011-07-24 18:04:17', '2011-07-24 18:04:17', 1, 'public/deal/e1/00e1_5002.jpg', 'jpg', 'p_php2pNXLH.jpg', 'image', 'jpeg', 8639, '277d5002b2bcbf41d5c4d07db2408c99'),
(226, 224, 'thumb.normal', 'deal', 208, 1, '2011-07-24 18:04:17', '2011-07-24 18:04:17', 1, 'public/deal/e2/00e2_2350.jpg', 'jpg', 't_php2pNXLH.jpg', 'image', 'jpeg', 2893, '63c02350f582f28c456e0d4611a0a655'),
(227, NULL, NULL, 'deal', 207, 1, '2011-07-24 18:40:37', '2011-07-24 18:40:37', 1, 'public/deal/e3/00e3_67c0.jpg', 'jpg', 'm_php1lyCvM.jpg', 'image', 'jpeg', 8915, 'cf2d67c0ecbc90abcb0babd81246674b'),
(228, 227, 'thumb.profile', 'deal', 207, 1, '2011-07-24 18:40:37', '2011-07-24 18:40:37', 1, 'public/deal/e4/00e4_67c0.jpg', 'jpg', 'p_php1lyCvM.jpg', 'image', 'jpeg', 8915, 'cf2d67c0ecbc90abcb0babd81246674b'),
(229, 227, 'thumb.normal', 'deal', 207, 1, '2011-07-24 18:40:37', '2011-07-24 18:40:37', 1, 'public/deal/e5/00e5_3bf9.jpg', 'jpg', 't_php1lyCvM.jpg', 'image', 'jpeg', 4513, '057e3bf912c027a03ef073b3fa8457fe'),
(230, NULL, NULL, 'deal', 207, 1, '2011-07-24 18:42:19', '2011-07-24 18:42:19', 1, 'public/deal/e6/00e6_db11.jpg', 'jpg', 'm_phphKaYnU.jpg', 'image', 'jpeg', 16215, 'eb2ddb113a8fd3d5d1b08dbac25877fc'),
(231, 230, 'thumb.profile', 'deal', 207, 1, '2011-07-24 18:42:19', '2011-07-24 18:42:19', 1, 'public/deal/e7/00e7_db11.jpg', 'jpg', 'p_phphKaYnU.jpg', 'image', 'jpeg', 16215, 'eb2ddb113a8fd3d5d1b08dbac25877fc'),
(232, 230, 'thumb.normal', 'deal', 207, 1, '2011-07-24 18:42:19', '2011-07-24 18:42:19', 1, 'public/deal/e8/00e8_96c2.jpg', 'jpg', 't_phphKaYnU.jpg', 'image', 'jpeg', 4979, '7c8e96c2d5d44a7bef56641f30936130'),
(233, NULL, NULL, 'deal', 207, 1, '2011-07-24 18:42:19', '2011-07-24 18:42:19', 1, 'public/deal/e9/00e9_5b67.jpg', 'jpg', 'm_php6hsVdd.jpg', 'image', 'jpeg', 15077, 'ff275b678942835c252e19c518cea39f'),
(234, 233, 'thumb.profile', 'deal', 207, 1, '2011-07-24 18:42:19', '2011-07-24 18:42:19', 1, 'public/deal/ea/00ea_5b67.jpg', 'jpg', 'p_php6hsVdd.jpg', 'image', 'jpeg', 15077, 'ff275b678942835c252e19c518cea39f'),
(235, 233, 'thumb.normal', 'deal', 207, 1, '2011-07-24 18:42:19', '2011-07-24 18:42:19', 1, 'public/deal/eb/00eb_0d7b.jpg', 'jpg', 't_php6hsVdd.jpg', 'image', 'jpeg', 5388, '7c3d0d7bb99b00d97407b118be8b3870'),
(236, NULL, NULL, 'deal', 207, 1, '2011-07-24 18:42:19', '2011-07-24 18:42:19', 1, 'public/deal/ec/00ec_923e.jpg', 'jpg', 'm_phpoy2JGh.jpg', 'image', 'jpeg', 16248, 'c4f5923e237449d437cd7bb32a0d79b4'),
(237, 236, 'thumb.profile', 'deal', 207, 1, '2011-07-24 18:42:19', '2011-07-24 18:42:19', 1, 'public/deal/ed/00ed_923e.jpg', 'jpg', 'p_phpoy2JGh.jpg', 'image', 'jpeg', 16248, 'c4f5923e237449d437cd7bb32a0d79b4'),
(238, 236, 'thumb.normal', 'deal', 207, 1, '2011-07-24 18:42:19', '2011-07-24 18:42:19', 1, 'public/deal/ee/00ee_4d7d.jpg', 'jpg', 't_phpoy2JGh.jpg', 'image', 'jpeg', 4696, '14934d7dfea4da0638bfa4b5e3e8d43f'),
(239, NULL, NULL, 'deal', 209, 39, '2011-07-24 20:28:06', '2011-07-24 20:28:06', 1, 'public/deal/ef/00ef_4ed7.jpg', 'jpg', 'm_phpOl2mzD.jpg', 'image', 'jpeg', 22776, '66784ed7595ddebf7a00c0f066058462'),
(240, 239, 'thumb.profile', 'deal', 209, 39, '2011-07-24 20:28:06', '2011-07-24 20:28:06', 1, 'public/deal/f0/00f0_be74.jpg', 'jpg', 'p_phpOl2mzD.jpg', 'image', 'jpeg', 15085, '24a9be7406ede3c8210d1f19202392e6'),
(241, 239, 'thumb.normal', 'deal', 209, 39, '2011-07-24 20:28:06', '2011-07-24 20:28:06', 1, 'public/deal/f1/00f1_816f.jpg', 'jpg', 't_phpOl2mzD.jpg', 'image', 'jpeg', 3748, '21e5816f25f6254707b484cb2296b059'),
(242, NULL, NULL, 'deal', 209, 39, '2011-07-24 20:28:06', '2011-07-24 20:28:06', 1, 'public/deal/f2/00f2_1eb5.jpg', 'jpg', 'm_phpKkoYWk.jpg', 'image', 'jpeg', 12790, '78451eb5d0ddf7d0204bcbabd02ff2b6'),
(243, 242, 'thumb.profile', 'deal', 209, 39, '2011-07-24 20:28:06', '2011-07-24 20:28:06', 1, 'public/deal/f3/00f3_1eb5.jpg', 'jpg', 'p_phpKkoYWk.jpg', 'image', 'jpeg', 12790, '78451eb5d0ddf7d0204bcbabd02ff2b6'),
(244, 242, 'thumb.normal', 'deal', 209, 39, '2011-07-24 20:28:06', '2011-07-24 20:28:06', 1, 'public/deal/f4/00f4_e857.jpg', 'jpg', 't_phpKkoYWk.jpg', 'image', 'jpeg', 5220, '17dae8571cf578ab36cb7a089733b9fe'),
(245, NULL, NULL, 'deal', 209, 39, '2011-07-24 20:28:07', '2011-07-24 20:28:07', 1, 'public/deal/f5/00f5_a6a7.jpg', 'jpg', 'm_phpCXOGjX.jpg', 'image', 'jpeg', 28017, 'b06aa6a7ce31629f8fdbc9cfaf259b71'),
(246, 245, 'thumb.profile', 'deal', 209, 39, '2011-07-24 20:28:07', '2011-07-24 20:28:07', 1, 'public/deal/f6/00f6_5e0f.jpg', 'jpg', 'p_phpCXOGjX.jpg', 'image', 'jpeg', 16636, '15405e0ff304f7bbd98ec1663cdc886b'),
(247, 245, 'thumb.normal', 'deal', 209, 39, '2011-07-24 20:28:07', '2011-07-24 20:28:07', 1, 'public/deal/f7/00f7_ad72.jpg', 'jpg', 't_phpCXOGjX.jpg', 'image', 'jpeg', 3644, '4e4bad72ebe3f77d25d22157b698d78f'),
(248, NULL, NULL, 'deal', 209, 39, '2011-07-24 20:28:07', '2011-07-24 20:28:07', 1, 'public/deal/f8/00f8_0c2e.jpg', 'jpg', 'm_php0FXqbz.jpg', 'image', 'jpeg', 5022, 'ce610c2e7cd599ccd529d9cf64bfa459'),
(249, 248, 'thumb.profile', 'deal', 209, 39, '2011-07-24 20:28:07', '2011-07-24 20:28:07', 1, 'public/deal/f9/00f9_0c2e.jpg', 'jpg', 'p_php0FXqbz.jpg', 'image', 'jpeg', 5022, 'ce610c2e7cd599ccd529d9cf64bfa459'),
(250, 248, 'thumb.normal', 'deal', 209, 39, '2011-07-24 20:28:07', '2011-07-24 20:28:07', 1, 'public/deal/fa/00fa_60ff.jpg', 'jpg', 't_php0FXqbz.jpg', 'image', 'jpeg', 4217, '858560ffb61e8df6f6d8f30695cd33ec');
INSERT INTO `engine4_storage_files` (`file_id`, `parent_file_id`, `type`, `parent_type`, `parent_id`, `user_id`, `creation_date`, `modified_date`, `service_id`, `storage_path`, `extension`, `name`, `mime_major`, `mime_minor`, `size`, `hash`) VALUES
(251, NULL, NULL, 'deal', 209, 39, '2011-07-24 20:28:07', '2011-07-24 20:28:07', 1, 'public/deal/fb/00fb_0ad7.jpg', 'jpg', 'm_phplYcu1z.jpg', 'image', 'jpeg', 10361, 'f45e0ad79395d86565fe0b444caecc80'),
(252, 251, 'thumb.profile', 'deal', 209, 39, '2011-07-24 20:28:07', '2011-07-24 20:28:07', 1, 'public/deal/fc/00fc_0ad7.jpg', 'jpg', 'p_phplYcu1z.jpg', 'image', 'jpeg', 10361, 'f45e0ad79395d86565fe0b444caecc80'),
(253, 251, 'thumb.normal', 'deal', 209, 39, '2011-07-24 20:28:07', '2011-07-24 20:28:07', 1, 'public/deal/fd/00fd_fe41.jpg', 'jpg', 't_phplYcu1z.jpg', 'image', 'jpeg', 4582, 'a716fe4184d993047fa6a969fbb0a7fd'),
(254, NULL, NULL, 'deal', 209, 39, '2011-07-24 20:28:07', '2011-07-24 20:28:07', 1, 'public/deal/fe/00fe_34d6.jpg', 'jpg', 'm_phpcNODZA.jpg', 'image', 'jpeg', 12306, 'f8c634d6e19bf4b0e412ff9845baffaf'),
(255, 254, 'thumb.profile', 'deal', 209, 39, '2011-07-24 20:28:07', '2011-07-24 20:28:07', 1, 'public/deal/00/01/00ff_34d6.jpg', 'jpg', 'p_phpcNODZA.jpg', 'image', 'jpeg', 12306, 'f8c634d6e19bf4b0e412ff9845baffaf'),
(256, 254, 'thumb.normal', 'deal', 209, 39, '2011-07-24 20:28:07', '2011-07-24 20:28:07', 1, 'public/deal/01/01/0100_f08f.jpg', 'jpg', 't_phpcNODZA.jpg', 'image', 'jpeg', 5446, '03e0f08f61ae0148dea978aa4ecc9cab'),
(257, NULL, NULL, 'deal', 209, 39, '2011-07-24 20:28:08', '2011-07-24 20:28:08', 1, 'public/deal/02/01/0101_8400.jpg', 'jpg', 'm_phpMxVsSu.jpg', 'image', 'jpeg', 8759, '780d840004f1513ca232994300635182'),
(258, 257, 'thumb.profile', 'deal', 209, 39, '2011-07-24 20:28:08', '2011-07-24 20:28:08', 1, 'public/deal/03/01/0102_8400.jpg', 'jpg', 'p_phpMxVsSu.jpg', 'image', 'jpeg', 8759, '780d840004f1513ca232994300635182'),
(259, 257, 'thumb.normal', 'deal', 209, 39, '2011-07-24 20:28:08', '2011-07-24 20:28:08', 1, 'public/deal/04/01/0103_c8b5.jpg', 'jpg', 't_phpMxVsSu.jpg', 'image', 'jpeg', 4002, '64c4c8b5f4ef60cb67acc74d2b964fa1'),
(260, NULL, NULL, 'deal', 209, 39, '2011-07-24 20:28:08', '2011-07-24 20:28:08', 1, 'public/deal/05/01/0104_ce91.jpg', 'jpg', 'm_php0wRKJe.jpg', 'image', 'jpeg', 5047, '226ece91dced9da6e4e37c7855d84e33'),
(261, 260, 'thumb.profile', 'deal', 209, 39, '2011-07-24 20:28:08', '2011-07-24 20:28:08', 1, 'public/deal/06/01/0105_ce91.jpg', 'jpg', 'p_php0wRKJe.jpg', 'image', 'jpeg', 5047, '226ece91dced9da6e4e37c7855d84e33'),
(262, 260, 'thumb.normal', 'deal', 209, 39, '2011-07-24 20:28:08', '2011-07-24 20:28:08', 1, 'public/deal/07/01/0106_01c7.jpg', 'jpg', 't_php0wRKJe.jpg', 'image', 'jpeg', 4452, 'c94001c7ceb6c14073184f3e5171af7a'),
(263, NULL, NULL, 'deal', 209, 39, '2011-07-24 20:28:08', '2011-07-24 20:28:08', 1, 'public/deal/08/01/0107_8c7d.jpg', 'jpg', 'm_phpFUXxhr.jpg', 'image', 'jpeg', 11490, 'a52e8c7dce0d4aad0a949e255de85f26'),
(264, 263, 'thumb.profile', 'deal', 209, 39, '2011-07-24 20:28:08', '2011-07-24 20:28:08', 1, 'public/deal/09/01/0108_8c7d.jpg', 'jpg', 'p_phpFUXxhr.jpg', 'image', 'jpeg', 11490, 'a52e8c7dce0d4aad0a949e255de85f26'),
(265, 263, 'thumb.normal', 'deal', 209, 39, '2011-07-24 20:28:08', '2011-07-24 20:28:08', 1, 'public/deal/0a/01/0109_55f5.jpg', 'jpg', 't_phpFUXxhr.jpg', 'image', 'jpeg', 5446, '55f955f5f4583186647ff820637bd64d'),
(266, NULL, NULL, 'deal', 210, 39, '2011-07-24 20:58:19', '2011-07-24 20:58:19', 1, 'public/deal/0b/01/010a_0ad7.jpg', 'jpg', 'm_ccbcvbv.jpg', 'image', 'jpeg', 10361, 'f45e0ad79395d86565fe0b444caecc80'),
(267, 266, 'thumb.profile', 'deal', 210, 39, '2011-07-24 20:58:19', '2011-07-24 20:58:19', 1, 'public/deal/0c/01/010b_0ad7.jpg', 'jpg', 'p_ccbcvbv.jpg', 'image', 'jpeg', 10361, 'f45e0ad79395d86565fe0b444caecc80'),
(268, 266, 'thumb.normal', 'deal', 210, 39, '2011-07-24 20:58:19', '2011-07-24 20:58:19', 1, 'public/deal/0d/01/010c_11e5.jpg', 'jpg', 'in_ccbcvbv.jpg', 'image', 'jpeg', 3930, '27f711e550a9d66aab90e12e5c95f160'),
(269, 266, 'thumb.icon', 'deal', 210, 39, '2011-07-24 20:58:19', '2011-07-24 20:58:19', 1, 'public/deal/0e/01/010d_2ed2.jpg', 'jpg', 'is_ccbcvbv.jpg', 'image', 'jpeg', 1427, 'dabd2ed252336db7418c175c02f750ad'),
(270, NULL, NULL, 'deal', 213, 1, '2011-07-24 21:51:09', '2011-07-24 21:51:09', 1, 'public/deal/0f/01/010e_db11.jpg', 'jpg', 'm_php6CMgzP.jpg', 'image', 'jpeg', 16215, 'eb2ddb113a8fd3d5d1b08dbac25877fc'),
(271, 270, 'thumb.profile', 'deal', 213, 1, '2011-07-24 21:51:09', '2011-07-24 21:51:09', 1, 'public/deal/10/01/010f_db11.jpg', 'jpg', 'p_php6CMgzP.jpg', 'image', 'jpeg', 16215, 'eb2ddb113a8fd3d5d1b08dbac25877fc'),
(272, 270, 'thumb.normal', 'deal', 213, 1, '2011-07-24 21:51:09', '2011-07-24 21:51:09', 1, 'public/deal/11/01/0110_6df4.jpg', 'jpg', 't_php6CMgzP.jpg', 'image', 'jpeg', 6655, 'ccc56df4509c8cd3a16a9020f4a5c710'),
(273, NULL, NULL, 'deal', 213, 1, '2011-07-24 21:51:09', '2011-07-24 21:51:09', 1, 'public/deal/12/01/0111_5b67.jpg', 'jpg', 'm_php7PlfDr.jpg', 'image', 'jpeg', 15077, 'ff275b678942835c252e19c518cea39f'),
(274, 273, 'thumb.profile', 'deal', 213, 1, '2011-07-24 21:51:09', '2011-07-24 21:51:09', 1, 'public/deal/13/01/0112_5b67.jpg', 'jpg', 'p_php7PlfDr.jpg', 'image', 'jpeg', 15077, 'ff275b678942835c252e19c518cea39f'),
(275, 273, 'thumb.normal', 'deal', 213, 1, '2011-07-24 21:51:09', '2011-07-24 21:51:09', 1, 'public/deal/14/01/0113_6ba4.jpg', 'jpg', 't_php7PlfDr.jpg', 'image', 'jpeg', 7168, 'b6f26ba4b27b83769302e3ceed6b2948'),
(276, NULL, NULL, 'deal', 213, 1, '2011-07-24 21:51:09', '2011-07-24 21:51:09', 1, 'public/deal/15/01/0114_923e.jpg', 'jpg', 'm_php4mJ7HE.jpg', 'image', 'jpeg', 16248, 'c4f5923e237449d437cd7bb32a0d79b4'),
(277, 276, 'thumb.profile', 'deal', 213, 1, '2011-07-24 21:51:09', '2011-07-24 21:51:09', 1, 'public/deal/16/01/0115_923e.jpg', 'jpg', 'p_php4mJ7HE.jpg', 'image', 'jpeg', 16248, 'c4f5923e237449d437cd7bb32a0d79b4'),
(278, 276, 'thumb.normal', 'deal', 213, 1, '2011-07-24 21:51:10', '2011-07-24 21:51:10', 1, 'public/deal/17/01/0116_b98c.jpg', 'jpg', 't_php4mJ7HE.jpg', 'image', 'jpeg', 6306, '13d7b98c0fa4e46f075de890d513b337'),
(279, NULL, NULL, 'deal', 213, 1, '2011-07-24 21:51:10', '2011-07-24 21:51:10', 1, 'public/deal/18/01/0117_a09c.JPG', 'JPG', 'm_phpaUCJdf.JPG', 'image', 'jpeg', 43609, 'b9bea09c3666863cffb12d15f5926de6'),
(280, 279, 'thumb.profile', 'deal', 213, 1, '2011-07-24 21:51:10', '2011-07-24 21:51:10', 1, 'public/deal/19/01/0118_af78.JPG', 'JPG', 'p_phpaUCJdf.JPG', 'image', 'jpeg', 33143, '6064af780cfb92974953e7df2cefb2d3'),
(281, 279, 'thumb.normal', 'deal', 213, 1, '2011-07-24 21:51:10', '2011-07-24 21:51:10', 1, 'public/deal/1a/01/0119_7d0e.JPG', 'JPG', 't_phpaUCJdf.JPG', 'image', 'jpeg', 8362, '51897d0eeac1feabee1d6eb8e6b2a8eb'),
(282, NULL, NULL, 'deal', 213, 1, '2011-07-24 21:51:10', '2011-07-24 21:51:10', 1, 'public/deal/1b/01/011a_3901.jpg', 'jpg', 'm_phpC3U2ox.jpg', 'image', 'jpeg', 9718, '1c273901b55b9d8a54442b159330101e'),
(283, 282, 'thumb.profile', 'deal', 213, 1, '2011-07-24 21:51:10', '2011-07-24 21:51:10', 1, 'public/deal/1c/01/011b_3901.jpg', 'jpg', 'p_phpC3U2ox.jpg', 'image', 'jpeg', 9718, '1c273901b55b9d8a54442b159330101e'),
(284, 282, 'thumb.normal', 'deal', 213, 1, '2011-07-24 21:51:10', '2011-07-24 21:51:10', 1, 'public/deal/1d/01/011c_495e.jpg', 'jpg', 't_phpC3U2ox.jpg', 'image', 'jpeg', 5122, '3f87495ec830bcaad43fc4a42b391cd7'),
(285, NULL, NULL, 'deal', 213, 1, '2011-07-24 21:51:11', '2011-07-24 21:51:11', 1, 'public/deal/1e/01/011d_8a4e.jpg', 'jpg', 'm_phpySbVwv.jpg', 'image', 'jpeg', 13081, '0e028a4e797ad98dc3350cc19f060770'),
(286, 285, 'thumb.profile', 'deal', 213, 1, '2011-07-24 21:51:11', '2011-07-24 21:51:11', 1, 'public/deal/1f/01/011e_8a4e.jpg', 'jpg', 'p_phpySbVwv.jpg', 'image', 'jpeg', 13081, '0e028a4e797ad98dc3350cc19f060770'),
(287, 285, 'thumb.normal', 'deal', 213, 1, '2011-07-24 21:51:11', '2011-07-24 21:51:11', 1, 'public/deal/20/01/011f_0fc3.jpg', 'jpg', 't_phpySbVwv.jpg', 'image', 'jpeg', 5451, 'adc90fc3fe1219c0b01ccc0b60953259'),
(288, NULL, NULL, 'deal', 213, 1, '2011-07-24 21:51:11', '2011-07-24 21:51:11', 1, 'public/deal/21/01/0120_ba18.jpg', 'jpg', 'm_phpG6bhNl.jpg', 'image', 'jpeg', 13320, '9f03ba18ba4fde2dde3e813ec0fdc7b9'),
(289, 288, 'thumb.profile', 'deal', 213, 1, '2011-07-24 21:51:11', '2011-07-24 21:51:11', 1, 'public/deal/22/01/0121_ba18.jpg', 'jpg', 'p_phpG6bhNl.jpg', 'image', 'jpeg', 13320, '9f03ba18ba4fde2dde3e813ec0fdc7b9'),
(290, 288, 'thumb.normal', 'deal', 213, 1, '2011-07-24 21:51:11', '2011-07-24 21:51:11', 1, 'public/deal/23/01/0122_c03d.jpg', 'jpg', 't_phpG6bhNl.jpg', 'image', 'jpeg', 6196, 'cb64c03db4f52bec0eb27fa642c51d5a'),
(291, NULL, NULL, 'deal', 213, 1, '2011-07-24 21:51:11', '2011-07-24 21:51:11', 1, 'public/deal/24/01/0123_a3fe.jpg', 'jpg', 'm_php2WQaSP.jpg', 'image', 'jpeg', 5713, 'b876a3fee619db4497c6cfc23dd1912f'),
(292, 291, 'thumb.profile', 'deal', 213, 1, '2011-07-24 21:51:11', '2011-07-24 21:51:11', 1, 'public/deal/25/01/0124_a3fe.jpg', 'jpg', 'p_php2WQaSP.jpg', 'image', 'jpeg', 5713, 'b876a3fee619db4497c6cfc23dd1912f'),
(293, 291, 'thumb.normal', 'deal', 213, 1, '2011-07-24 21:51:11', '2011-07-24 21:51:11', 1, 'public/deal/26/01/0125_fe70.jpg', 'jpg', 't_php2WQaSP.jpg', 'image', 'jpeg', 4823, '4dabfe7074f53b760ad9ee3a8e94ad77'),
(294, NULL, NULL, 'deal', 213, 1, '2011-07-24 21:51:11', '2011-07-24 21:51:11', 1, 'public/deal/27/01/0126_205c.jpg', 'jpg', 'm_phpptiigK.jpg', 'image', 'jpeg', 8182, '64e0205c46bf8866db037916a0831c6a'),
(295, 294, 'thumb.profile', 'deal', 213, 1, '2011-07-24 21:51:11', '2011-07-24 21:51:11', 1, 'public/deal/28/01/0127_205c.jpg', 'jpg', 'p_phpptiigK.jpg', 'image', 'jpeg', 8182, '64e0205c46bf8866db037916a0831c6a'),
(296, 294, 'thumb.normal', 'deal', 213, 1, '2011-07-24 21:51:11', '2011-07-24 21:51:11', 1, 'public/deal/29/01/0128_d850.jpg', 'jpg', 't_phpptiigK.jpg', 'image', 'jpeg', 6425, '4a11d850185ba0216f34ff60dab17605'),
(297, NULL, NULL, 'deal', 214, 1, '2011-07-24 22:46:03', '2011-07-24 22:46:03', 1, 'public/deal/2a/01/0129_3f2d.jpg', 'jpg', 'm_zxvcvb.jpg', 'image', 'jpeg', 14307, '95dd3f2d4fe429e940155866034f9fe3'),
(298, 297, 'thumb.profile', 'deal', 214, 1, '2011-07-24 22:46:03', '2011-07-24 22:46:03', 1, 'public/deal/2b/01/012a_3f2d.jpg', 'jpg', 'p_zxvcvb.jpg', 'image', 'jpeg', 14307, '95dd3f2d4fe429e940155866034f9fe3'),
(299, 297, 'thumb.normal', 'deal', 214, 1, '2011-07-24 22:46:04', '2011-07-24 22:46:04', 1, 'public/deal/2c/01/012b_4bb4.jpg', 'jpg', 'in_zxvcvb.jpg', 'image', 'jpeg', 5007, '73fb4bb41e6dee0b23c3d183d7d4caaf'),
(300, 297, 'thumb.icon', 'deal', 214, 1, '2011-07-24 22:46:04', '2011-07-24 22:46:04', 1, 'public/deal/2d/01/012c_fea5.jpg', 'jpg', 'is_zxvcvb.jpg', 'image', 'jpeg', 1523, '2026fea51db39864b566fb8387246067'),
(301, NULL, NULL, 'deal', 214, 1, '2011-07-24 22:47:05', '2011-07-24 22:47:05', 1, 'public/deal/2e/01/012d_adae.jpg', 'jpg', 'm_phpmaNMgO.jpg', 'image', 'jpeg', 12137, '5ceeadaefe78b6b798a3ad9809dbeddd'),
(302, 301, 'thumb.profile', 'deal', 214, 1, '2011-07-24 22:47:05', '2011-07-24 22:47:05', 1, 'public/deal/2f/01/012e_adae.jpg', 'jpg', 'p_phpmaNMgO.jpg', 'image', 'jpeg', 12137, '5ceeadaefe78b6b798a3ad9809dbeddd'),
(303, 301, 'thumb.normal', 'deal', 214, 1, '2011-07-24 22:47:05', '2011-07-24 22:47:05', 1, 'public/deal/30/01/012f_0bb9.jpg', 'jpg', 't_phpmaNMgO.jpg', 'image', 'jpeg', 5179, '46990bb9a0da29a45d5303b4afe9cf9c'),
(304, NULL, NULL, 'deal', 214, 1, '2011-07-24 22:47:05', '2011-07-24 22:47:05', 1, 'public/deal/31/01/0130_78f9.jpg', 'jpg', 'm_phph6AUC0.jpg', 'image', 'jpeg', 20088, '9eff78f90edb042d3f9d2cfe9d9dbc78'),
(305, 304, 'thumb.profile', 'deal', 214, 1, '2011-07-24 22:47:05', '2011-07-24 22:47:05', 1, 'public/deal/32/01/0131_78f9.jpg', 'jpg', 'p_phph6AUC0.jpg', 'image', 'jpeg', 20088, '9eff78f90edb042d3f9d2cfe9d9dbc78'),
(306, 304, 'thumb.normal', 'deal', 214, 1, '2011-07-24 22:47:05', '2011-07-24 22:47:05', 1, 'public/deal/33/01/0132_8890.jpg', 'jpg', 't_phph6AUC0.jpg', 'image', 'jpeg', 8264, 'c0b6889001730a391d1ec6b05b553fa8'),
(307, NULL, NULL, 'deal', 214, 1, '2011-07-24 22:47:05', '2011-07-24 22:47:05', 1, 'public/deal/34/01/0133_be12.jpg', 'jpg', 'm_phpa6MDPj.jpg', 'image', 'jpeg', 14935, 'a573be125e4a32abd33d0d377e999146'),
(308, 307, 'thumb.profile', 'deal', 214, 1, '2011-07-24 22:47:05', '2011-07-24 22:47:05', 1, 'public/deal/35/01/0134_be12.jpg', 'jpg', 'p_phpa6MDPj.jpg', 'image', 'jpeg', 14935, 'a573be125e4a32abd33d0d377e999146'),
(309, 307, 'thumb.normal', 'deal', 214, 1, '2011-07-24 22:47:05', '2011-07-24 22:47:05', 1, 'public/deal/36/01/0135_7a99.jpg', 'jpg', 't_phpa6MDPj.jpg', 'image', 'jpeg', 7082, 'e8407a999cfc07b8328274f0b65f9c2f'),
(310, NULL, NULL, 'deal', 214, 1, '2011-07-24 22:47:06', '2011-07-24 22:47:06', 1, 'public/deal/37/01/0136_54ac.jpg', 'jpg', 'm_phpHvGpm9.jpg', 'image', 'jpeg', 8797, 'c45754acdd82b3899fcc42b623bb1603'),
(311, 310, 'thumb.profile', 'deal', 214, 1, '2011-07-24 22:47:06', '2011-07-24 22:47:06', 1, 'public/deal/38/01/0137_54ac.jpg', 'jpg', 'p_phpHvGpm9.jpg', 'image', 'jpeg', 8797, 'c45754acdd82b3899fcc42b623bb1603'),
(312, 310, 'thumb.normal', 'deal', 214, 1, '2011-07-24 22:47:06', '2011-07-24 22:47:06', 1, 'public/deal/39/01/0138_a078.jpg', 'jpg', 't_phpHvGpm9.jpg', 'image', 'jpeg', 6501, '18c6a078f36dda4994a45260f43061cf'),
(313, NULL, NULL, 'deal', 214, 1, '2011-07-24 22:47:06', '2011-07-24 22:47:06', 1, 'public/deal/3a/01/0139_147c.jpg', 'jpg', 'm_phpGVNPQk.jpg', 'image', 'jpeg', 14099, 'b6ce147cdefb46c1562d2a57a2ef01ea'),
(314, 313, 'thumb.profile', 'deal', 214, 1, '2011-07-24 22:47:06', '2011-07-24 22:47:06', 1, 'public/deal/3b/01/013a_147c.jpg', 'jpg', 'p_phpGVNPQk.jpg', 'image', 'jpeg', 14099, 'b6ce147cdefb46c1562d2a57a2ef01ea'),
(315, 313, 'thumb.normal', 'deal', 214, 1, '2011-07-24 22:47:06', '2011-07-24 22:47:06', 1, 'public/deal/3c/01/013b_a6bd.jpg', 'jpg', 't_phpGVNPQk.jpg', 'image', 'jpeg', 6676, 'bbd6a6bd0c49362696954a20eebb5676'),
(316, NULL, NULL, 'deal', 214, 1, '2011-07-24 22:47:07', '2011-07-24 22:47:07', 1, 'public/deal/3d/01/013c_25ee.jpg', 'jpg', 'm_php4ysDKv.jpg', 'image', 'jpeg', 13482, '61d725ee650006e35c09877160ac29d2'),
(317, 316, 'thumb.profile', 'deal', 214, 1, '2011-07-24 22:47:07', '2011-07-24 22:47:07', 1, 'public/deal/3e/01/013d_25ee.jpg', 'jpg', 'p_php4ysDKv.jpg', 'image', 'jpeg', 13482, '61d725ee650006e35c09877160ac29d2'),
(318, 316, 'thumb.normal', 'deal', 214, 1, '2011-07-24 22:47:07', '2011-07-24 22:47:07', 1, 'public/deal/3f/01/013e_fc6c.jpg', 'jpg', 't_php4ysDKv.jpg', 'image', 'jpeg', 5974, '8dfbfc6c96063f6405422ee04a6ba3af'),
(319, NULL, NULL, 'deal', 214, 1, '2011-07-24 22:47:07', '2011-07-24 22:47:07', 1, 'public/deal/40/01/013f_d86c.jpg', 'jpg', 'm_phpHRj4yn.jpg', 'image', 'jpeg', 12489, 'c35dd86ce7edb6cf7dc72be5cc508270'),
(320, 319, 'thumb.profile', 'deal', 214, 1, '2011-07-24 22:47:07', '2011-07-24 22:47:07', 1, 'public/deal/41/01/0140_d86c.jpg', 'jpg', 'p_phpHRj4yn.jpg', 'image', 'jpeg', 12489, 'c35dd86ce7edb6cf7dc72be5cc508270'),
(321, 319, 'thumb.normal', 'deal', 214, 1, '2011-07-24 22:47:07', '2011-07-24 22:47:07', 1, 'public/deal/42/01/0141_1a73.jpg', 'jpg', 't_phpHRj4yn.jpg', 'image', 'jpeg', 5867, '174b1a737d6e3b6dc0fa3377ce355d43'),
(322, NULL, NULL, 'deal', 214, 1, '2011-07-24 22:47:07', '2011-07-24 22:47:07', 1, 'public/deal/43/01/0142_5002.jpg', 'jpg', 'm_phpGW9vk0.jpg', 'image', 'jpeg', 8639, '277d5002b2bcbf41d5c4d07db2408c99'),
(323, 322, 'thumb.profile', 'deal', 214, 1, '2011-07-24 22:47:07', '2011-07-24 22:47:07', 1, 'public/deal/44/01/0143_5002.jpg', 'jpg', 'p_phpGW9vk0.jpg', 'image', 'jpeg', 8639, '277d5002b2bcbf41d5c4d07db2408c99'),
(324, 322, 'thumb.normal', 'deal', 214, 1, '2011-07-24 22:47:07', '2011-07-24 22:47:07', 1, 'public/deal/45/01/0144_11d6.jpg', 'jpg', 't_phpGW9vk0.jpg', 'image', 'jpeg', 3514, 'fa4011d63da342ca0666fb5c73067e01'),
(325, NULL, NULL, 'deal', 215, 1, '2011-07-24 23:05:22', '2011-07-24 23:05:22', 1, 'public/deal/46/01/0145_1ae4.jpg', 'jpg', 'm_php307wG9.jpg', 'image', 'jpeg', 71102, '9fff1ae4bce78bf71d108107222a5bb1'),
(326, 325, 'thumb.profile', 'deal', 215, 1, '2011-07-24 23:05:22', '2011-07-24 23:05:22', 1, 'public/deal/47/01/0146_3cdd.jpg', 'jpg', 'p_php307wG9.jpg', 'image', 'jpeg', 28114, '7eee3cddff1d69c4281159d3bbe49d2f'),
(327, 325, 'thumb.normal', 'deal', 215, 1, '2011-07-24 23:05:22', '2011-07-24 23:05:22', 1, 'public/deal/48/01/0147_3c92.jpg', 'jpg', 't_php307wG9.jpg', 'image', 'jpeg', 7197, '7ed43c92500254fb2dc9db94286406a0'),
(328, NULL, NULL, 'deal', 215, 1, '2011-07-24 23:05:23', '2011-07-24 23:05:23', 1, 'public/deal/49/01/0148_496d.jpg', 'jpg', 'm_phplqI6h5.jpg', 'image', 'jpeg', 36698, '0401496d95d0f5b6dd3ba43ef1dfd640'),
(329, 328, 'thumb.profile', 'deal', 215, 1, '2011-07-24 23:05:23', '2011-07-24 23:05:23', 1, 'public/deal/4a/01/0149_880d.jpg', 'jpg', 'p_phplqI6h5.jpg', 'image', 'jpeg', 13913, 'b2ab880df0d69e1f4c0560c94f77d7b3'),
(330, 328, 'thumb.normal', 'deal', 215, 1, '2011-07-24 23:05:23', '2011-07-24 23:05:23', 1, 'public/deal/4b/01/014a_a3e0.jpg', 'jpg', 't_phplqI6h5.jpg', 'image', 'jpeg', 3873, '6223a3e0ac40f661fa4c949217d4f4df'),
(331, NULL, NULL, 'deal', 215, 1, '2011-07-24 23:05:23', '2011-07-24 23:05:23', 1, 'public/deal/4c/01/014b_8a7b.jpg', 'jpg', 'm_php8TcBNQ.jpg', 'image', 'jpeg', 55708, 'b87f8a7b1571363f616dcb934f8d70ad'),
(332, 331, 'thumb.profile', 'deal', 215, 1, '2011-07-24 23:05:23', '2011-07-24 23:05:23', 1, 'public/deal/4d/01/014c_7f21.jpg', 'jpg', 'p_php8TcBNQ.jpg', 'image', 'jpeg', 22436, '04b67f212d536754f69c37ec297f1bb9'),
(333, 331, 'thumb.normal', 'deal', 215, 1, '2011-07-24 23:05:23', '2011-07-24 23:05:23', 1, 'public/deal/4e/01/014d_3153.jpg', 'jpg', 't_php8TcBNQ.jpg', 'image', 'jpeg', 6053, '6b7131530a31cd30b7b0363930a26cb8'),
(334, NULL, NULL, 'deal', 215, 1, '2011-07-24 23:05:24', '2011-07-24 23:05:24', 1, 'public/deal/4f/01/014e_62e2.jpg', 'jpg', 'm_phpXeTE73.jpg', 'image', 'jpeg', 61148, '60ef62e23b3a85b5d9c95d49ff7398f4'),
(335, 334, 'thumb.profile', 'deal', 215, 1, '2011-07-24 23:05:24', '2011-07-24 23:05:24', 1, 'public/deal/50/01/014f_0f0b.jpg', 'jpg', 'p_phpXeTE73.jpg', 'image', 'jpeg', 22182, '454d0f0bcd3792b29066bcd478f3edd5'),
(336, 334, 'thumb.normal', 'deal', 215, 1, '2011-07-24 23:05:24', '2011-07-24 23:05:24', 1, 'public/deal/51/01/0150_ad0c.jpg', 'jpg', 't_phpXeTE73.jpg', 'image', 'jpeg', 5676, 'd3b2ad0c865991cd3084685bb74e4a95'),
(337, NULL, NULL, 'deal', 215, 1, '2011-07-24 23:05:25', '2011-07-24 23:05:25', 1, 'public/deal/52/01/0151_814e.jpg', 'jpg', 'm_php8f5Pnv.jpg', 'image', 'jpeg', 79444, '61f0814ee9b002bd63f756c06dc5a968'),
(338, 337, 'thumb.profile', 'deal', 215, 1, '2011-07-24 23:05:25', '2011-07-24 23:05:25', 1, 'public/deal/53/01/0152_0f3e.jpg', 'jpg', 'p_php8f5Pnv.jpg', 'image', 'jpeg', 30129, 'bfb20f3ecddcecd845372a152ca84957'),
(339, 337, 'thumb.normal', 'deal', 215, 1, '2011-07-24 23:05:25', '2011-07-24 23:05:25', 1, 'public/deal/54/01/0153_1114.jpg', 'jpg', 't_php8f5Pnv.jpg', 'image', 'jpeg', 6973, 'bf01111436fd7f5eb1b002eff8418ed6'),
(340, NULL, NULL, 'deal', 215, 1, '2011-07-24 23:05:26', '2011-07-24 23:05:26', 1, 'public/deal/55/01/0154_a17c.jpg', 'jpg', 'm_phpwJWdJN.jpg', 'image', 'jpeg', 49016, 'f57fa17cc786834e7be6ad7c7ce897de'),
(341, 340, 'thumb.profile', 'deal', 215, 1, '2011-07-24 23:05:26', '2011-07-24 23:05:26', 1, 'public/deal/56/01/0155_92f2.jpg', 'jpg', 'p_phpwJWdJN.jpg', 'image', 'jpeg', 18536, '7d2792f2bebc830d81e204d0708ae006'),
(342, 340, 'thumb.normal', 'deal', 215, 1, '2011-07-24 23:05:26', '2011-07-24 23:05:26', 1, 'public/deal/57/01/0156_6a05.jpg', 'jpg', 't_phpwJWdJN.jpg', 'image', 'jpeg', 4822, 'c6d86a0582e0a6ac8981f42235ab8db1'),
(343, NULL, NULL, 'deal', 215, 1, '2011-07-24 23:05:27', '2011-07-24 23:05:27', 1, 'public/deal/58/01/0157_5174.jpg', 'jpg', 'm_phptqRwjk.jpg', 'image', 'jpeg', 82945, '41195174f74ce0e5a7e7b5cc35245524'),
(344, 343, 'thumb.profile', 'deal', 215, 1, '2011-07-24 23:05:27', '2011-07-24 23:05:27', 1, 'public/deal/59/01/0158_13f5.jpg', 'jpg', 'p_phptqRwjk.jpg', 'image', 'jpeg', 29177, '4c2c13f59b8612588cd8e50cd1896799'),
(345, 343, 'thumb.normal', 'deal', 215, 1, '2011-07-24 23:05:27', '2011-07-24 23:05:27', 1, 'public/deal/5a/01/0159_7415.jpg', 'jpg', 't_phptqRwjk.jpg', 'image', 'jpeg', 6703, 'cfc37415c7007d462da9cbea014310a8'),
(346, NULL, NULL, 'deal', 216, 39, '2011-07-24 23:22:30', '2011-07-24 23:22:30', 1, 'public/deal/5b/01/015a_e644.jpg', 'jpg', 'm_dfdfs.jpg', 'image', 'jpeg', 17559, '50a7e6445a935edb1d9d132f203ff0bc'),
(347, 346, 'thumb.profile', 'deal', 216, 39, '2011-07-24 23:22:30', '2011-07-24 23:22:30', 1, 'public/deal/5c/01/015b_e644.jpg', 'jpg', 'p_dfdfs.jpg', 'image', 'jpeg', 17559, '50a7e6445a935edb1d9d132f203ff0bc'),
(348, 346, 'thumb.normal', 'deal', 216, 39, '2011-07-24 23:22:30', '2011-07-24 23:22:30', 1, 'public/deal/5d/01/015c_371a.jpg', 'jpg', 'in_dfdfs.jpg', 'image', 'jpeg', 7410, '6f58371ae92abc58e8ed17f2eb551a40'),
(349, 346, 'thumb.icon', 'deal', 216, 39, '2011-07-24 23:22:30', '2011-07-24 23:22:30', 1, 'public/deal/5e/01/015d_bd88.jpg', 'jpg', 'is_dfdfs.jpg', 'image', 'jpeg', 1496, '8accbd88b1d0b1a8e33c6774b661080d'),
(350, NULL, NULL, 'deal', 217, 39, '2011-07-24 23:27:09', '2011-07-24 23:27:09', 1, 'public/deal/5f/01/015e_e644.jpg', 'jpg', 'm_phpVTnUSk.jpg', 'image', 'jpeg', 17559, '50a7e6445a935edb1d9d132f203ff0bc'),
(351, 350, 'thumb.profile', 'deal', 217, 39, '2011-07-24 23:27:09', '2011-07-24 23:27:09', 1, 'public/deal/60/01/015f_e644.jpg', 'jpg', 'p_phpVTnUSk.jpg', 'image', 'jpeg', 17559, '50a7e6445a935edb1d9d132f203ff0bc'),
(352, 350, 'thumb.normal', 'deal', 217, 39, '2011-07-24 23:27:09', '2011-07-24 23:27:09', 1, 'public/deal/61/01/0160_371a.jpg', 'jpg', 't_phpVTnUSk.jpg', 'image', 'jpeg', 7410, '6f58371ae92abc58e8ed17f2eb551a40'),
(353, NULL, NULL, 'deal', 217, 39, '2011-07-24 23:27:09', '2011-07-24 23:27:09', 1, 'public/deal/62/01/0161_c10a.jpg', 'jpg', 'm_phpOTOIPo.jpg', 'image', 'jpeg', 18410, '3ae7c10a21a97177df9467f301c523d0'),
(354, 353, 'thumb.profile', 'deal', 217, 39, '2011-07-24 23:27:09', '2011-07-24 23:27:09', 1, 'public/deal/63/01/0162_c10a.jpg', 'jpg', 'p_phpOTOIPo.jpg', 'image', 'jpeg', 18410, '3ae7c10a21a97177df9467f301c523d0'),
(355, 353, 'thumb.normal', 'deal', 217, 39, '2011-07-24 23:27:09', '2011-07-24 23:27:09', 1, 'public/deal/64/01/0163_8856.jpg', 'jpg', 't_phpOTOIPo.jpg', 'image', 'jpeg', 6649, 'c2318856cfcc2703dac761a65bac7136'),
(356, NULL, NULL, 'deal', 217, 39, '2011-07-24 23:27:09', '2011-07-24 23:27:09', 1, 'public/deal/65/01/0164_c60d.jpg', 'jpg', 'm_phpMlQe9X.jpg', 'image', 'jpeg', 20873, '2080c60dfed4d15daf4a6ed28306e503'),
(357, 356, 'thumb.profile', 'deal', 217, 39, '2011-07-24 23:27:09', '2011-07-24 23:27:09', 1, 'public/deal/66/01/0165_c60d.jpg', 'jpg', 'p_phpMlQe9X.jpg', 'image', 'jpeg', 20873, '2080c60dfed4d15daf4a6ed28306e503'),
(358, 356, 'thumb.normal', 'deal', 217, 39, '2011-07-24 23:27:09', '2011-07-24 23:27:09', 1, 'public/deal/67/01/0166_0ceb.jpg', 'jpg', 't_phpMlQe9X.jpg', 'image', 'jpeg', 8583, 'e50e0ceb46d22599f1515e3341f56bfd'),
(359, NULL, NULL, 'deal', 217, 39, '2011-07-24 23:27:10', '2011-07-24 23:27:10', 1, 'public/deal/68/01/0167_ba9e.jpg', 'jpg', 'm_phpSmiuuQ.jpg', 'image', 'jpeg', 16462, '3e24ba9e8c56edc19aeedf057198217e'),
(360, 359, 'thumb.profile', 'deal', 217, 39, '2011-07-24 23:27:10', '2011-07-24 23:27:10', 1, 'public/deal/69/01/0168_ba9e.jpg', 'jpg', 'p_phpSmiuuQ.jpg', 'image', 'jpeg', 16462, '3e24ba9e8c56edc19aeedf057198217e'),
(361, 359, 'thumb.normal', 'deal', 217, 39, '2011-07-24 23:27:10', '2011-07-24 23:27:10', 1, 'public/deal/6a/01/0169_d6ff.jpg', 'jpg', 't_phpSmiuuQ.jpg', 'image', 'jpeg', 6958, '746ed6ffc25857e9a439c0c0f9db88dd'),
(362, NULL, NULL, 'deal', 217, 39, '2011-07-24 23:27:10', '2011-07-24 23:27:10', 1, 'public/deal/6b/01/016a_1dc9.jpg', 'jpg', 'm_php6uwHU6.jpg', 'image', 'jpeg', 12492, 'ba451dc993653516f2084dc8f18bd45e'),
(363, 362, 'thumb.profile', 'deal', 217, 39, '2011-07-24 23:27:10', '2011-07-24 23:27:10', 1, 'public/deal/6c/01/016b_1dc9.jpg', 'jpg', 'p_php6uwHU6.jpg', 'image', 'jpeg', 12492, 'ba451dc993653516f2084dc8f18bd45e'),
(364, 362, 'thumb.normal', 'deal', 217, 39, '2011-07-24 23:27:10', '2011-07-24 23:27:10', 1, 'public/deal/6d/01/016c_e466.jpg', 'jpg', 't_php6uwHU6.jpg', 'image', 'jpeg', 6061, '2be3e4662dfa65db3305271597c795ef'),
(365, NULL, NULL, 'deal', 217, 39, '2011-07-24 23:27:10', '2011-07-24 23:27:10', 1, 'public/deal/6e/01/016d_8ef1.jpg', 'jpg', 'm_phpt9esQh.jpg', 'image', 'jpeg', 17309, '12b88ef10ac3ea46fde9e83e612e6178'),
(366, 365, 'thumb.profile', 'deal', 217, 39, '2011-07-24 23:27:10', '2011-07-24 23:27:10', 1, 'public/deal/6f/01/016e_8ef1.jpg', 'jpg', 'p_phpt9esQh.jpg', 'image', 'jpeg', 17309, '12b88ef10ac3ea46fde9e83e612e6178'),
(367, 365, 'thumb.normal', 'deal', 217, 39, '2011-07-24 23:27:10', '2011-07-24 23:27:10', 1, 'public/deal/70/01/016f_bf15.jpg', 'jpg', 't_phpt9esQh.jpg', 'image', 'jpeg', 7110, '33e9bf1583083606c00749f26412a087'),
(368, NULL, NULL, 'deal', 217, 39, '2011-07-24 23:27:10', '2011-07-24 23:27:10', 1, 'public/deal/71/01/0170_e0c6.jpg', 'jpg', 'm_phpR9yOaB.jpg', 'image', 'jpeg', 7524, '0afce0c684d7bc90268bad279c7aaf43'),
(369, 368, 'thumb.profile', 'deal', 217, 39, '2011-07-24 23:27:10', '2011-07-24 23:27:10', 1, 'public/deal/72/01/0171_e0c6.jpg', 'jpg', 'p_phpR9yOaB.jpg', 'image', 'jpeg', 7524, '0afce0c684d7bc90268bad279c7aaf43'),
(370, 368, 'thumb.normal', 'deal', 217, 39, '2011-07-24 23:27:10', '2011-07-24 23:27:10', 1, 'public/deal/73/01/0172_dc1a.jpg', 'jpg', 't_phpR9yOaB.jpg', 'image', 'jpeg', 4105, '278adc1ad4b44034dfb6d8d9171984fe'),
(371, NULL, NULL, 'deal', 217, 39, '2011-07-24 23:27:11', '2011-07-24 23:27:11', 1, 'public/deal/74/01/0173_f2fb.jpg', 'jpg', 'm_php7rnJpp.jpg', 'image', 'jpeg', 17485, '2f60f2fbc3b0ed2c357924f6074fdd45'),
(372, 371, 'thumb.profile', 'deal', 217, 39, '2011-07-24 23:27:11', '2011-07-24 23:27:11', 1, 'public/deal/75/01/0174_f2fb.jpg', 'jpg', 'p_php7rnJpp.jpg', 'image', 'jpeg', 17485, '2f60f2fbc3b0ed2c357924f6074fdd45'),
(373, 371, 'thumb.normal', 'deal', 217, 39, '2011-07-24 23:27:11', '2011-07-24 23:27:11', 1, 'public/deal/76/01/0175_20f5.jpg', 'jpg', 't_php7rnJpp.jpg', 'image', 'jpeg', 6949, '8fa820f52bf9ef92a41c042675de14e7'),
(378, NULL, NULL, 'deal', 218, 50, '2011-07-25 14:20:28', '2011-07-25 14:20:28', 1, 'public/deal/7b/01/017a_8d01.jpg', 'jpg', 'm_1600FG100_2_004.jpg', 'image', 'jpeg', 87117, '773c8d017b5a9ae1b1e9751df07ec944'),
(379, 378, 'thumb.profile', 'deal', 218, 50, '2011-07-25 14:20:28', '2011-07-25 14:20:28', 1, 'public/deal/7c/01/017b_33d0.jpg', 'jpg', 'p_1600FG100_2_004.jpg', 'image', 'jpeg', 31320, 'd7d933d0f50e247b98ba5e1124f12a36'),
(380, 378, 'thumb.normal', 'deal', 218, 50, '2011-07-25 14:20:28', '2011-07-25 14:20:28', 1, 'public/deal/7d/01/017c_4732.jpg', 'jpg', 'in_1600FG100_2_004.jpg', 'image', 'jpeg', 6911, '81c847321b050b871dd760ee80f4c665'),
(381, 378, 'thumb.icon', 'deal', 218, 50, '2011-07-25 14:20:28', '2011-07-25 14:20:28', 1, 'public/deal/7e/01/017d_20be.jpg', 'jpg', 'is_1600FG100_2_004.jpg', 'image', 'jpeg', 1409, '224220be9bd0a4e55243e1293e6e9785'),
(382, NULL, NULL, 'deal', 219, 47, '2011-07-25 14:32:42', '2011-07-25 14:32:42', 1, 'public/deal/7f/01/017e_b020.jpg', 'jpg', 'm_phpckeDin.jpg', 'image', 'jpeg', 50446, '20a2b02090bc18d636d7916e759bc9f5'),
(383, 382, 'thumb.profile', 'deal', 219, 47, '2011-07-25 14:32:42', '2011-07-25 14:32:42', 1, 'public/deal/80/01/017f_996a.jpg', 'jpg', 'p_phpckeDin.jpg', 'image', 'jpeg', 20653, 'dfb0996a62bf20b2f7b5573f21062327'),
(384, 382, 'thumb.normal', 'deal', 219, 47, '2011-07-25 14:32:42', '2011-07-25 14:32:42', 1, 'public/deal/81/01/0180_1562.jpg', 'jpg', 't_phpckeDin.jpg', 'image', 'jpeg', 5548, 'd2db1562b6c97f4a6368b010b6f9cccf'),
(385, NULL, NULL, 'deal', 219, 47, '2011-07-25 14:32:50', '2011-07-25 14:32:50', 1, 'public/deal/82/01/0181_a08a.jpg', 'jpg', 'm_phpc1hq6P.jpg', 'image', 'jpeg', 33147, '9a5ca08ad30007b9cc152fce6a16a069'),
(386, 385, 'thumb.profile', 'deal', 219, 47, '2011-07-25 14:32:50', '2011-07-25 14:32:50', 1, 'public/deal/83/01/0182_05f7.jpg', 'jpg', 'p_phpc1hq6P.jpg', 'image', 'jpeg', 13425, '2d4b05f7fdc3d4ca22a4306f23709ced'),
(387, 385, 'thumb.normal', 'deal', 219, 47, '2011-07-25 14:32:50', '2011-07-25 14:32:50', 1, 'public/deal/84/01/0183_638f.jpg', 'jpg', 't_phpc1hq6P.jpg', 'image', 'jpeg', 3774, '30e1638f79601de2f76faa5ec3f60172'),
(388, NULL, NULL, 'deal', 220, 1, '2011-07-25 14:59:11', '2011-07-25 14:59:11', 1, 'public/deal/85/01/0184_54ac.jpg', 'jpg', 'm_cvcxb.jpg', 'image', 'jpeg', 8797, 'c45754acdd82b3899fcc42b623bb1603'),
(389, 388, 'thumb.profile', 'deal', 220, 1, '2011-07-25 14:59:11', '2011-07-25 14:59:11', 1, 'public/deal/86/01/0185_54ac.jpg', 'jpg', 'p_cvcxb.jpg', 'image', 'jpeg', 8797, 'c45754acdd82b3899fcc42b623bb1603'),
(390, 388, 'thumb.normal', 'deal', 220, 1, '2011-07-25 14:59:11', '2011-07-25 14:59:11', 1, 'public/deal/87/01/0186_a078.jpg', 'jpg', 'in_cvcxb.jpg', 'image', 'jpeg', 6501, '18c6a078f36dda4994a45260f43061cf'),
(391, 388, 'thumb.icon', 'deal', 220, 1, '2011-07-25 14:59:11', '2011-07-25 14:59:11', 1, 'public/deal/88/01/0187_fb13.jpg', 'jpg', 'is_cvcxb.jpg', 'image', 'jpeg', 1557, '26f3fb13d7c5a96eb4727aeea67e9316'),
(392, NULL, NULL, 'deal', 220, 1, '2011-07-25 15:00:03', '2011-07-25 15:00:03', 1, 'public/deal/89/01/0188_8a4e.jpg', 'jpg', 'm_phpMgDY1h.jpg', 'image', 'jpeg', 13081, '0e028a4e797ad98dc3350cc19f060770'),
(393, 392, 'thumb.profile', 'deal', 220, 1, '2011-07-25 15:00:03', '2011-07-25 15:00:03', 1, 'public/deal/8a/01/0189_8a4e.jpg', 'jpg', 'p_phpMgDY1h.jpg', 'image', 'jpeg', 13081, '0e028a4e797ad98dc3350cc19f060770'),
(394, 392, 'thumb.normal', 'deal', 220, 1, '2011-07-25 15:00:03', '2011-07-25 15:00:03', 1, 'public/deal/8b/01/018a_0fc3.jpg', 'jpg', 't_phpMgDY1h.jpg', 'image', 'jpeg', 5451, 'adc90fc3fe1219c0b01ccc0b60953259'),
(395, NULL, NULL, 'deal', 220, 1, '2011-07-25 15:00:03', '2011-07-25 15:00:03', 1, 'public/deal/8c/01/018b_ba18.jpg', 'jpg', 'm_phpNT8k9c.jpg', 'image', 'jpeg', 13320, '9f03ba18ba4fde2dde3e813ec0fdc7b9'),
(396, 395, 'thumb.profile', 'deal', 220, 1, '2011-07-25 15:00:03', '2011-07-25 15:00:03', 1, 'public/deal/8d/01/018c_ba18.jpg', 'jpg', 'p_phpNT8k9c.jpg', 'image', 'jpeg', 13320, '9f03ba18ba4fde2dde3e813ec0fdc7b9'),
(397, 395, 'thumb.normal', 'deal', 220, 1, '2011-07-25 15:00:03', '2011-07-25 15:00:03', 1, 'public/deal/8e/01/018d_c03d.jpg', 'jpg', 't_phpNT8k9c.jpg', 'image', 'jpeg', 6196, 'cb64c03db4f52bec0eb27fa642c51d5a'),
(398, NULL, NULL, 'deal', 220, 1, '2011-07-25 15:00:04', '2011-07-25 15:00:04', 1, 'public/deal/8f/01/018e_a3fe.jpg', 'jpg', 'm_phpE409F5.jpg', 'image', 'jpeg', 5713, 'b876a3fee619db4497c6cfc23dd1912f'),
(399, 398, 'thumb.profile', 'deal', 220, 1, '2011-07-25 15:00:04', '2011-07-25 15:00:04', 1, 'public/deal/90/01/018f_a3fe.jpg', 'jpg', 'p_phpE409F5.jpg', 'image', 'jpeg', 5713, 'b876a3fee619db4497c6cfc23dd1912f'),
(400, 398, 'thumb.normal', 'deal', 220, 1, '2011-07-25 15:00:04', '2011-07-25 15:00:04', 1, 'public/deal/91/01/0190_fe70.jpg', 'jpg', 't_phpE409F5.jpg', 'image', 'jpeg', 4823, '4dabfe7074f53b760ad9ee3a8e94ad77'),
(401, NULL, NULL, 'deal', 220, 1, '2011-07-25 15:00:04', '2011-07-25 15:00:04', 1, 'public/deal/92/01/0191_205c.jpg', 'jpg', 'm_phpG8kb5i.jpg', 'image', 'jpeg', 8182, '64e0205c46bf8866db037916a0831c6a'),
(402, 401, 'thumb.profile', 'deal', 220, 1, '2011-07-25 15:00:04', '2011-07-25 15:00:04', 1, 'public/deal/93/01/0192_205c.jpg', 'jpg', 'p_phpG8kb5i.jpg', 'image', 'jpeg', 8182, '64e0205c46bf8866db037916a0831c6a'),
(403, 401, 'thumb.normal', 'deal', 220, 1, '2011-07-25 15:00:04', '2011-07-25 15:00:04', 1, 'public/deal/94/01/0193_d850.jpg', 'jpg', 't_phpG8kb5i.jpg', 'image', 'jpeg', 6425, '4a11d850185ba0216f34ff60dab17605'),
(404, NULL, NULL, 'deal', 220, 1, '2011-07-25 15:00:04', '2011-07-25 15:00:04', 1, 'public/deal/95/01/0194_2b5c.jpg', 'jpg', 'm_phpHkidOy.jpg', 'image', 'jpeg', 7805, 'c1342b5c7ae37a7daf179b29866a57c8'),
(405, 404, 'thumb.profile', 'deal', 220, 1, '2011-07-25 15:00:04', '2011-07-25 15:00:04', 1, 'public/deal/96/01/0195_2b5c.jpg', 'jpg', 'p_phpHkidOy.jpg', 'image', 'jpeg', 7805, 'c1342b5c7ae37a7daf179b29866a57c8'),
(406, 404, 'thumb.normal', 'deal', 220, 1, '2011-07-25 15:00:04', '2011-07-25 15:00:04', 1, 'public/deal/97/01/0196_3d76.jpg', 'jpg', 't_phpHkidOy.jpg', 'image', 'jpeg', 6330, '2dc73d765256623ff89d5a26d6d30d97'),
(407, NULL, NULL, 'deal', 220, 1, '2011-07-25 15:00:05', '2011-07-25 15:00:05', 1, 'public/deal/98/01/0197_567d.jpg', 'jpg', 'm_phpweTPAc.jpg', 'image', 'jpeg', 6632, '8bd1567d20777cd999ec05cde1a42032'),
(408, 407, 'thumb.profile', 'deal', 220, 1, '2011-07-25 15:00:05', '2011-07-25 15:00:05', 1, 'public/deal/99/01/0198_567d.jpg', 'jpg', 'p_phpweTPAc.jpg', 'image', 'jpeg', 6632, '8bd1567d20777cd999ec05cde1a42032'),
(409, 407, 'thumb.normal', 'deal', 220, 1, '2011-07-25 15:00:05', '2011-07-25 15:00:05', 1, 'public/deal/9a/01/0199_d5b4.jpg', 'jpg', 't_phpweTPAc.jpg', 'image', 'jpeg', 5122, 'b824d5b401e5ecd63374241321206707'),
(410, NULL, NULL, 'deal', 223, 39, '2011-07-25 21:59:32', '2011-07-25 21:59:32', 1, 'public/deal/9b/01/019a_ba18.jpg', 'jpg', 'm_phpquUbzq.jpg', 'image', 'jpeg', 13320, '9f03ba18ba4fde2dde3e813ec0fdc7b9'),
(411, 410, 'thumb.profile', 'deal', 223, 39, '2011-07-25 21:59:32', '2011-07-25 21:59:32', 1, 'public/deal/9c/01/019b_ba18.jpg', 'jpg', 'p_phpquUbzq.jpg', 'image', 'jpeg', 13320, '9f03ba18ba4fde2dde3e813ec0fdc7b9'),
(412, 410, 'thumb.normal', 'deal', 223, 39, '2011-07-25 21:59:32', '2011-07-25 21:59:32', 1, 'public/deal/9d/01/019c_c03d.jpg', 'jpg', 't_phpquUbzq.jpg', 'image', 'jpeg', 6196, 'cb64c03db4f52bec0eb27fa642c51d5a'),
(413, NULL, NULL, 'deal', 223, 39, '2011-07-25 21:59:33', '2011-07-25 21:59:33', 1, 'public/deal/9e/01/019d_a3fe.jpg', 'jpg', 'm_phpEnzIty.jpg', 'image', 'jpeg', 5713, 'b876a3fee619db4497c6cfc23dd1912f'),
(414, 413, 'thumb.profile', 'deal', 223, 39, '2011-07-25 21:59:33', '2011-07-25 21:59:33', 1, 'public/deal/9f/01/019e_a3fe.jpg', 'jpg', 'p_phpEnzIty.jpg', 'image', 'jpeg', 5713, 'b876a3fee619db4497c6cfc23dd1912f'),
(415, 413, 'thumb.normal', 'deal', 223, 39, '2011-07-25 21:59:33', '2011-07-25 21:59:33', 1, 'public/deal/a0/01/019f_fe70.jpg', 'jpg', 't_phpEnzIty.jpg', 'image', 'jpeg', 4823, '4dabfe7074f53b760ad9ee3a8e94ad77'),
(416, NULL, NULL, 'deal', 223, 39, '2011-07-25 21:59:33', '2011-07-25 21:59:33', 1, 'public/deal/a1/01/01a0_205c.jpg', 'jpg', 'm_phpN8IFnV.jpg', 'image', 'jpeg', 8182, '64e0205c46bf8866db037916a0831c6a'),
(417, 416, 'thumb.profile', 'deal', 223, 39, '2011-07-25 21:59:33', '2011-07-25 21:59:33', 1, 'public/deal/a2/01/01a1_205c.jpg', 'jpg', 'p_phpN8IFnV.jpg', 'image', 'jpeg', 8182, '64e0205c46bf8866db037916a0831c6a'),
(418, 416, 'thumb.normal', 'deal', 223, 39, '2011-07-25 21:59:33', '2011-07-25 21:59:33', 1, 'public/deal/a3/01/01a2_d850.jpg', 'jpg', 't_phpN8IFnV.jpg', 'image', 'jpeg', 6425, '4a11d850185ba0216f34ff60dab17605'),
(419, NULL, NULL, 'deal', 223, 39, '2011-07-25 21:59:34', '2011-07-25 21:59:34', 1, 'public/deal/a4/01/01a3_2b5c.jpg', 'jpg', 'm_phpVkCjnF.jpg', 'image', 'jpeg', 7805, 'c1342b5c7ae37a7daf179b29866a57c8'),
(420, 419, 'thumb.profile', 'deal', 223, 39, '2011-07-25 21:59:34', '2011-07-25 21:59:34', 1, 'public/deal/a5/01/01a4_2b5c.jpg', 'jpg', 'p_phpVkCjnF.jpg', 'image', 'jpeg', 7805, 'c1342b5c7ae37a7daf179b29866a57c8'),
(421, 419, 'thumb.normal', 'deal', 223, 39, '2011-07-25 21:59:34', '2011-07-25 21:59:34', 1, 'public/deal/a6/01/01a5_3d76.jpg', 'jpg', 't_phpVkCjnF.jpg', 'image', 'jpeg', 6330, '2dc73d765256623ff89d5a26d6d30d97'),
(422, NULL, NULL, 'deal', 223, 39, '2011-07-25 21:59:34', '2011-07-25 21:59:34', 1, 'public/deal/a7/01/01a6_567d.jpg', 'jpg', 'm_phpEbVYk1.jpg', 'image', 'jpeg', 6632, '8bd1567d20777cd999ec05cde1a42032'),
(423, 422, 'thumb.profile', 'deal', 223, 39, '2011-07-25 21:59:34', '2011-07-25 21:59:34', 1, 'public/deal/a8/01/01a7_567d.jpg', 'jpg', 'p_phpEbVYk1.jpg', 'image', 'jpeg', 6632, '8bd1567d20777cd999ec05cde1a42032'),
(424, 422, 'thumb.normal', 'deal', 223, 39, '2011-07-25 21:59:34', '2011-07-25 21:59:34', 1, 'public/deal/a9/01/01a8_d5b4.jpg', 'jpg', 't_phpEbVYk1.jpg', 'image', 'jpeg', 5122, 'b824d5b401e5ecd63374241321206707'),
(425, NULL, NULL, 'deal', 223, 39, '2011-07-25 21:59:34', '2011-07-25 21:59:34', 1, 'public/deal/aa/01/01a9_7520.jpg', 'jpg', 'm_phpawxaMN.jpg', 'image', 'jpeg', 15425, 'd33375201c55aaed0d79148e216012dd'),
(426, 425, 'thumb.profile', 'deal', 223, 39, '2011-07-25 21:59:34', '2011-07-25 21:59:34', 1, 'public/deal/ab/01/01aa_7520.jpg', 'jpg', 'p_phpawxaMN.jpg', 'image', 'jpeg', 15425, 'd33375201c55aaed0d79148e216012dd'),
(427, 425, 'thumb.normal', 'deal', 223, 39, '2011-07-25 21:59:34', '2011-07-25 21:59:34', 1, 'public/deal/ac/01/01ab_e3d7.jpg', 'jpg', 't_phpawxaMN.jpg', 'image', 'jpeg', 6237, 'eecce3d73a2eac734e7d693c5a52cd88'),
(428, NULL, NULL, 'deal', 223, 39, '2011-07-25 21:59:34', '2011-07-25 21:59:34', 1, 'public/deal/ad/01/01ac_3f2d.jpg', 'jpg', 'm_php4HPzM4.jpg', 'image', 'jpeg', 14307, '95dd3f2d4fe429e940155866034f9fe3'),
(429, 428, 'thumb.profile', 'deal', 223, 39, '2011-07-25 21:59:34', '2011-07-25 21:59:34', 1, 'public/deal/ae/01/01ad_3f2d.jpg', 'jpg', 'p_php4HPzM4.jpg', 'image', 'jpeg', 14307, '95dd3f2d4fe429e940155866034f9fe3'),
(430, 428, 'thumb.normal', 'deal', 223, 39, '2011-07-25 21:59:34', '2011-07-25 21:59:34', 1, 'public/deal/af/01/01ae_4bb4.jpg', 'jpg', 't_php4HPzM4.jpg', 'image', 'jpeg', 5007, '73fb4bb41e6dee0b23c3d183d7d4caaf'),
(431, NULL, NULL, 'deal', 223, 39, '2011-07-25 21:59:35', '2011-07-25 21:59:35', 1, 'public/deal/b0/01/01af_b056.jpg', 'jpg', 'm_phphyMYfM.jpg', 'image', 'jpeg', 17500, '7679b056d5747a536f17b61ccf04b055'),
(432, 431, 'thumb.profile', 'deal', 223, 39, '2011-07-25 21:59:35', '2011-07-25 21:59:35', 1, 'public/deal/b1/01/01b0_b056.jpg', 'jpg', 'p_phphyMYfM.jpg', 'image', 'jpeg', 17500, '7679b056d5747a536f17b61ccf04b055'),
(433, 431, 'thumb.normal', 'deal', 223, 39, '2011-07-25 21:59:35', '2011-07-25 21:59:35', 1, 'public/deal/b2/01/01b1_cbb7.jpg', 'jpg', 't_phphyMYfM.jpg', 'image', 'jpeg', 7499, 'f8bbcbb7504e0cca48e4ef997cdcec6e'),
(434, NULL, NULL, 'deal', 223, 39, '2011-07-25 21:59:35', '2011-07-25 21:59:35', 1, 'public/deal/b3/01/01b2_17d0.jpg', 'jpg', 'm_phpNaY0a9.jpg', 'image', 'jpeg', 12533, 'a13817d0b98311f09fe592cde281dc12'),
(435, 434, 'thumb.profile', 'deal', 223, 39, '2011-07-25 21:59:35', '2011-07-25 21:59:35', 1, 'public/deal/b4/01/01b3_17d0.jpg', 'jpg', 'p_phpNaY0a9.jpg', 'image', 'jpeg', 12533, 'a13817d0b98311f09fe592cde281dc12'),
(436, 434, 'thumb.normal', 'deal', 223, 39, '2011-07-25 21:59:35', '2011-07-25 21:59:35', 1, 'public/deal/b5/01/01b4_27ae.jpg', 'jpg', 't_phpNaY0a9.jpg', 'image', 'jpeg', 6012, 'ea1527aea4ccca8d66853910c28d3c7b'),
(437, NULL, NULL, 'deal', 224, 1, '2011-07-26 12:46:52', '2011-07-26 12:46:52', 1, 'public/deal/b6/01/01b5_b158.jpg', 'jpg', 'm_phplXhd36.jpg', 'image', 'jpeg', 66485, 'c1dfb158783f126bebeb0513a8070bde'),
(438, 437, 'thumb.profile', 'deal', 224, 1, '2011-07-26 12:46:52', '2011-07-26 12:46:52', 1, 'public/deal/b7/01/01b6_a89d.jpg', 'jpg', 'p_phplXhd36.jpg', 'image', 'jpeg', 24796, '3c52a89d2685b028bc9b2cba9ffdea3d'),
(439, 437, 'thumb.normal', 'deal', 224, 1, '2011-07-26 12:46:52', '2011-07-26 12:46:52', 1, 'public/deal/b8/01/01b7_b627.jpg', 'jpg', 't_phplXhd36.jpg', 'image', 'jpeg', 6369, '9810b627a5fc075c4e2db95cd97b485b'),
(440, NULL, NULL, 'deal', 224, 1, '2011-07-26 12:46:52', '2011-07-26 12:46:52', 1, 'public/deal/b9/01/01b8_9ce8.jpg', 'jpg', 'm_phpCk9Eif.jpg', 'image', 'jpeg', 26081, 'bb2c9ce8083bc55d35c501a8f644ae71'),
(441, 440, 'thumb.profile', 'deal', 224, 1, '2011-07-26 12:46:52', '2011-07-26 12:46:52', 1, 'public/deal/ba/01/01b9_286c.jpg', 'jpg', 'p_phpCk9Eif.jpg', 'image', 'jpeg', 19416, 'da55286c413c8e4ba0082d6bc57ea8cb'),
(442, 440, 'thumb.normal', 'deal', 224, 1, '2011-07-26 12:46:52', '2011-07-26 12:46:52', 1, 'public/deal/bb/01/01ba_4052.jpg', 'jpg', 't_phpCk9Eif.jpg', 'image', 'jpeg', 4625, '1c3540526d3142accb55cca104953275'),
(443, NULL, NULL, 'deal', 224, 1, '2011-07-26 12:46:52', '2011-07-26 12:46:52', 1, 'public/deal/bc/01/01bb_01dc.jpeg', 'jpeg', 'm_phphvd3OQ.jpeg', 'image', 'jpeg', 8978, '49d801dc034a4a37ca69749a43f96102'),
(444, 443, 'thumb.profile', 'deal', 224, 1, '2011-07-26 12:46:53', '2011-07-26 12:46:53', 1, 'public/deal/bd/01/01bc_01dc.jpeg', 'jpeg', 'p_phphvd3OQ.jpeg', 'image', 'jpeg', 8978, '49d801dc034a4a37ca69749a43f96102'),
(445, 443, 'thumb.normal', 'deal', 224, 1, '2011-07-26 12:46:53', '2011-07-26 12:46:53', 1, 'public/deal/be/01/01bd_7498.jpeg', 'jpeg', 't_phphvd3OQ.jpeg', 'image', 'jpeg', 4486, '2bbf7498a8b0cf2d54a457371b81471c'),
(446, NULL, NULL, 'deal', 225, 47, '2011-07-26 12:49:09', '2011-07-26 12:49:09', 1, 'public/deal/bf/01/01be_47bc.jpg', 'jpg', 'm_phpnP3Tpj.jpg', 'image', 'jpeg', 17934, '561947bc969ba3e82b29987d7bc67b60'),
(447, 446, 'thumb.profile', 'deal', 225, 47, '2011-07-26 12:49:09', '2011-07-26 12:49:09', 1, 'public/deal/c0/01/01bf_384d.jpg', 'jpg', 'p_phpnP3Tpj.jpg', 'image', 'jpeg', 14627, 'fc1b384d2dd67bbf2ca6bf4afd2b91f2'),
(448, 446, 'thumb.normal', 'deal', 225, 47, '2011-07-26 12:49:09', '2011-07-26 12:49:09', 1, 'public/deal/c1/01/01c0_eb12.jpg', 'jpg', 't_phpnP3Tpj.jpg', 'image', 'jpeg', 4431, '628beb12786cb084ab3941d3c5be1606'),
(449, NULL, NULL, 'deal', 226, 1, '2011-07-26 12:58:13', '2011-07-26 12:58:13', 1, 'public/deal/c2/01/01c1_90f3.jpg', 'jpg', 'm_php2Jo4oU.jpg', 'image', 'jpeg', 24325, 'c5ed90f3bfaf45e12b40bc6cfa914d08'),
(450, 449, 'thumb.profile', 'deal', 226, 1, '2011-07-26 12:58:13', '2011-07-26 12:58:13', 1, 'public/deal/c3/01/01c2_b797.jpg', 'jpg', 'p_php2Jo4oU.jpg', 'image', 'jpeg', 13594, '4cd7b797417fab6a16284a97102ecd88'),
(451, 449, 'thumb.normal', 'deal', 226, 1, '2011-07-26 12:58:13', '2011-07-26 12:58:13', 1, 'public/deal/c4/01/01c3_d960.jpg', 'jpg', 't_php2Jo4oU.jpg', 'image', 'jpeg', 3148, '628dd960ec32662aa9d013de63ccb0d6'),
(453, 452, 'thumb.profile', 'deal', 226, 1, '2011-07-26 12:58:14', '2011-07-26 12:58:14', 1, 'public/deal/c6/01/01c5_1aed.jpg', 'jpg', 'p_phpmfslI6.jpg', 'image', 'jpeg', 18006, '27af1aed2cae964d509731b70ecfd9ff'),
(455, NULL, NULL, 'deal', 226, 1, '2011-07-26 12:58:14', '2011-07-26 12:58:14', 1, 'public/deal/c8/01/01c7_9e2e.jpg', 'jpg', 'm_phpvsRoHY.jpg', 'image', 'jpeg', 22476, '8d369e2e7a12c97a770ba87c4d1a19d1'),
(456, 455, 'thumb.profile', 'deal', 226, 1, '2011-07-26 12:58:14', '2011-07-26 12:58:14', 1, 'public/deal/c9/01/01c8_9e2e.jpg', 'jpg', 'p_phpvsRoHY.jpg', 'image', 'jpeg', 22476, '8d369e2e7a12c97a770ba87c4d1a19d1'),
(457, 455, 'thumb.normal', 'deal', 226, 1, '2011-07-26 12:58:14', '2011-07-26 12:58:14', 1, 'public/deal/ca/01/01c9_2566.jpg', 'jpg', 't_phpvsRoHY.jpg', 'image', 'jpeg', 5517, '2ce62566f9c0359c243c6d4432c0f99f'),
(458, NULL, NULL, 'deal', 226, 1, '2011-07-26 12:58:14', '2011-07-26 12:58:14', 1, 'public/deal/cb/01/01ca_7326.jpg', 'jpg', 'm_phpVQAiAg.jpg', 'image', 'jpeg', 21829, '52de73261b37fd207746e3f2d41d1dd4'),
(459, 458, 'thumb.profile', 'deal', 226, 1, '2011-07-26 12:58:14', '2011-07-26 12:58:14', 1, 'public/deal/cc/01/01cb_dde7.jpg', 'jpg', 'p_phpVQAiAg.jpg', 'image', 'jpeg', 17899, '502adde70927d307521d8933fe881eca'),
(460, 458, 'thumb.normal', 'deal', 226, 1, '2011-07-26 12:58:14', '2011-07-26 12:58:14', 1, 'public/deal/cd/01/01cc_c0be.jpg', 'jpg', 't_phpVQAiAg.jpg', 'image', 'jpeg', 4412, 'b8e7c0beebfc06875836703396099d06'),
(461, NULL, NULL, 'deal', 226, 1, '2011-07-26 12:58:15', '2011-07-26 12:58:15', 1, 'public/deal/ce/01/01cd_12b4.jpg', 'jpg', 'm_phpeWyBM0.jpg', 'image', 'jpeg', 9870, '9ebd12b4233234a6d8115f9081df1312'),
(462, 461, 'thumb.profile', 'deal', 226, 1, '2011-07-26 12:58:15', '2011-07-26 12:58:15', 1, 'public/deal/cf/01/01ce_12b4.jpg', 'jpg', 'p_phpeWyBM0.jpg', 'image', 'jpeg', 9870, '9ebd12b4233234a6d8115f9081df1312'),
(463, 461, 'thumb.normal', 'deal', 226, 1, '2011-07-26 12:58:15', '2011-07-26 12:58:15', 1, 'public/deal/d0/01/01cf_b0a0.jpg', 'jpg', 't_phpeWyBM0.jpg', 'image', 'jpeg', 4095, '5d84b0a08c1674ecbe725fd9a2e76c63'),
(468, NULL, NULL, 'deal', 230, 39, '2011-07-26 18:46:13', '2011-07-26 18:46:13', 1, 'public/deal/d5/01/01d4_adae.jpg', 'jpg', 'm_phpD3bL4X.jpg', 'image', 'jpeg', 12137, '5ceeadaefe78b6b798a3ad9809dbeddd'),
(469, 468, 'thumb.profile', 'deal', 230, 39, '2011-07-26 18:46:13', '2011-07-26 18:46:13', 1, 'public/deal/d6/01/01d5_adae.jpg', 'jpg', 'p_phpD3bL4X.jpg', 'image', 'jpeg', 12137, '5ceeadaefe78b6b798a3ad9809dbeddd'),
(470, 468, 'thumb.normal', 'deal', 230, 39, '2011-07-26 18:46:13', '2011-07-26 18:46:13', 1, 'public/deal/d7/01/01d6_0bb9.jpg', 'jpg', 't_phpD3bL4X.jpg', 'image', 'jpeg', 5179, '46990bb9a0da29a45d5303b4afe9cf9c'),
(471, NULL, NULL, 'deal', 230, 39, '2011-07-26 18:46:13', '2011-07-26 18:46:13', 1, 'public/deal/d8/01/01d7_78f9.jpg', 'jpg', 'm_phpbYZ4qq.jpg', 'image', 'jpeg', 20088, '9eff78f90edb042d3f9d2cfe9d9dbc78'),
(472, 471, 'thumb.profile', 'deal', 230, 39, '2011-07-26 18:46:13', '2011-07-26 18:46:13', 1, 'public/deal/d9/01/01d8_78f9.jpg', 'jpg', 'p_phpbYZ4qq.jpg', 'image', 'jpeg', 20088, '9eff78f90edb042d3f9d2cfe9d9dbc78'),
(473, 471, 'thumb.normal', 'deal', 230, 39, '2011-07-26 18:46:13', '2011-07-26 18:46:13', 1, 'public/deal/da/01/01d9_8890.jpg', 'jpg', 't_phpbYZ4qq.jpg', 'image', 'jpeg', 8264, 'c0b6889001730a391d1ec6b05b553fa8'),
(474, NULL, NULL, 'deal', 230, 39, '2011-07-26 18:46:13', '2011-07-26 18:46:13', 1, 'public/deal/db/01/01da_be12.jpg', 'jpg', 'm_php8AB07M.jpg', 'image', 'jpeg', 14935, 'a573be125e4a32abd33d0d377e999146'),
(475, 474, 'thumb.profile', 'deal', 230, 39, '2011-07-26 18:46:13', '2011-07-26 18:46:13', 1, 'public/deal/dc/01/01db_be12.jpg', 'jpg', 'p_php8AB07M.jpg', 'image', 'jpeg', 14935, 'a573be125e4a32abd33d0d377e999146'),
(476, 474, 'thumb.normal', 'deal', 230, 39, '2011-07-26 18:46:13', '2011-07-26 18:46:13', 1, 'public/deal/dd/01/01dc_7a99.jpg', 'jpg', 't_php8AB07M.jpg', 'image', 'jpeg', 7082, 'e8407a999cfc07b8328274f0b65f9c2f'),
(477, NULL, NULL, 'deal', 230, 39, '2011-07-26 18:46:14', '2011-07-26 18:46:14', 1, 'public/deal/de/01/01dd_54ac.jpg', 'jpg', 'm_phpSxpiTv.jpg', 'image', 'jpeg', 8797, 'c45754acdd82b3899fcc42b623bb1603'),
(478, 477, 'thumb.profile', 'deal', 230, 39, '2011-07-26 18:46:14', '2011-07-26 18:46:14', 1, 'public/deal/df/01/01de_54ac.jpg', 'jpg', 'p_phpSxpiTv.jpg', 'image', 'jpeg', 8797, 'c45754acdd82b3899fcc42b623bb1603'),
(479, 477, 'thumb.normal', 'deal', 230, 39, '2011-07-26 18:46:14', '2011-07-26 18:46:14', 1, 'public/deal/e0/01/01df_a078.jpg', 'jpg', 't_phpSxpiTv.jpg', 'image', 'jpeg', 6501, '18c6a078f36dda4994a45260f43061cf'),
(480, NULL, NULL, 'deal', 230, 39, '2011-07-26 18:46:14', '2011-07-26 18:46:14', 1, 'public/deal/e1/01/01e0_147c.jpg', 'jpg', 'm_phprin32r.jpg', 'image', 'jpeg', 14099, 'b6ce147cdefb46c1562d2a57a2ef01ea'),
(481, 480, 'thumb.profile', 'deal', 230, 39, '2011-07-26 18:46:14', '2011-07-26 18:46:14', 1, 'public/deal/e2/01/01e1_147c.jpg', 'jpg', 'p_phprin32r.jpg', 'image', 'jpeg', 14099, 'b6ce147cdefb46c1562d2a57a2ef01ea'),
(482, 480, 'thumb.normal', 'deal', 230, 39, '2011-07-26 18:46:14', '2011-07-26 18:46:14', 1, 'public/deal/e3/01/01e2_a6bd.jpg', 'jpg', 't_phprin32r.jpg', 'image', 'jpeg', 6676, 'bbd6a6bd0c49362696954a20eebb5676'),
(483, NULL, NULL, 'deal', 230, 39, '2011-07-26 18:46:14', '2011-07-26 18:46:14', 1, 'public/deal/e4/01/01e3_25ee.jpg', 'jpg', 'm_phpHWCryX.jpg', 'image', 'jpeg', 13482, '61d725ee650006e35c09877160ac29d2'),
(484, 483, 'thumb.profile', 'deal', 230, 39, '2011-07-26 18:46:14', '2011-07-26 18:46:14', 1, 'public/deal/e5/01/01e4_25ee.jpg', 'jpg', 'p_phpHWCryX.jpg', 'image', 'jpeg', 13482, '61d725ee650006e35c09877160ac29d2'),
(485, 483, 'thumb.normal', 'deal', 230, 39, '2011-07-26 18:46:14', '2011-07-26 18:46:14', 1, 'public/deal/e6/01/01e5_fc6c.jpg', 'jpg', 't_phpHWCryX.jpg', 'image', 'jpeg', 5974, '8dfbfc6c96063f6405422ee04a6ba3af'),
(486, NULL, NULL, 'deal', 230, 39, '2011-07-26 18:46:14', '2011-07-26 18:46:14', 1, 'public/deal/e7/01/01e6_d86c.jpg', 'jpg', 'm_phpY88JFb.jpg', 'image', 'jpeg', 12489, 'c35dd86ce7edb6cf7dc72be5cc508270'),
(487, 486, 'thumb.profile', 'deal', 230, 39, '2011-07-26 18:46:14', '2011-07-26 18:46:14', 1, 'public/deal/e8/01/01e7_d86c.jpg', 'jpg', 'p_phpY88JFb.jpg', 'image', 'jpeg', 12489, 'c35dd86ce7edb6cf7dc72be5cc508270'),
(488, 486, 'thumb.normal', 'deal', 230, 39, '2011-07-26 18:46:14', '2011-07-26 18:46:14', 1, 'public/deal/e9/01/01e8_1a73.jpg', 'jpg', 't_phpY88JFb.jpg', 'image', 'jpeg', 5867, '174b1a737d6e3b6dc0fa3377ce355d43'),
(489, NULL, NULL, 'deal', 230, 39, '2011-07-26 18:46:15', '2011-07-26 18:46:15', 1, 'public/deal/ea/01/01e9_5002.jpg', 'jpg', 'm_phpg6HLj9.jpg', 'image', 'jpeg', 8639, '277d5002b2bcbf41d5c4d07db2408c99'),
(490, 489, 'thumb.profile', 'deal', 230, 39, '2011-07-26 18:46:15', '2011-07-26 18:46:15', 1, 'public/deal/eb/01/01ea_5002.jpg', 'jpg', 'p_phpg6HLj9.jpg', 'image', 'jpeg', 8639, '277d5002b2bcbf41d5c4d07db2408c99'),
(491, 489, 'thumb.normal', 'deal', 230, 39, '2011-07-26 18:46:15', '2011-07-26 18:46:15', 1, 'public/deal/ec/01/01eb_11d6.jpg', 'jpg', 't_phpg6HLj9.jpg', 'image', 'jpeg', 3514, 'fa4011d63da342ca0666fb5c73067e01'),
(492, NULL, NULL, 'deal', 230, 39, '2011-07-26 18:46:15', '2011-07-26 18:46:15', 1, 'public/deal/ed/01/01ec_67c0.jpg', 'jpg', 'm_phpyqwKIH.jpg', 'image', 'jpeg', 8915, 'cf2d67c0ecbc90abcb0babd81246674b'),
(493, 492, 'thumb.profile', 'deal', 230, 39, '2011-07-26 18:46:15', '2011-07-26 18:46:15', 1, 'public/deal/ee/01/01ed_67c0.jpg', 'jpg', 'p_phpyqwKIH.jpg', 'image', 'jpeg', 8915, 'cf2d67c0ecbc90abcb0babd81246674b'),
(494, 492, 'thumb.normal', 'deal', 230, 39, '2011-07-26 18:46:15', '2011-07-26 18:46:15', 1, 'public/deal/ef/01/01ee_34cf.jpg', 'jpg', 't_phpyqwKIH.jpg', 'image', 'jpeg', 5933, '983034cfb6e39c4d04d16cccfa381ee0'),
(495, NULL, NULL, 'deal', 230, 39, '2011-07-26 18:46:15', '2011-07-26 18:46:15', 1, 'public/deal/f0/01/01ef_db11.jpg', 'jpg', 'm_php4FNfCv.jpg', 'image', 'jpeg', 16215, 'eb2ddb113a8fd3d5d1b08dbac25877fc'),
(496, 495, 'thumb.profile', 'deal', 230, 39, '2011-07-26 18:46:15', '2011-07-26 18:46:15', 1, 'public/deal/f1/01/01f0_db11.jpg', 'jpg', 'p_php4FNfCv.jpg', 'image', 'jpeg', 16215, 'eb2ddb113a8fd3d5d1b08dbac25877fc'),
(497, 495, 'thumb.normal', 'deal', 230, 39, '2011-07-26 18:46:15', '2011-07-26 18:46:15', 1, 'public/deal/f2/01/01f1_6df4.jpg', 'jpg', 't_php4FNfCv.jpg', 'image', 'jpeg', 6655, 'ccc56df4509c8cd3a16a9020f4a5c710');
INSERT INTO `engine4_storage_files` (`file_id`, `parent_file_id`, `type`, `parent_type`, `parent_id`, `user_id`, `creation_date`, `modified_date`, `service_id`, `storage_path`, `extension`, `name`, `mime_major`, `mime_minor`, `size`, `hash`) VALUES
(498, NULL, NULL, 'deal', 230, 39, '2011-07-26 18:46:16', '2011-07-26 18:46:16', 1, 'public/deal/f3/01/01f2_5b67.jpg', 'jpg', 'm_phpHUkxZS.jpg', 'image', 'jpeg', 15077, 'ff275b678942835c252e19c518cea39f'),
(499, 498, 'thumb.profile', 'deal', 230, 39, '2011-07-26 18:46:16', '2011-07-26 18:46:16', 1, 'public/deal/f4/01/01f3_5b67.jpg', 'jpg', 'p_phpHUkxZS.jpg', 'image', 'jpeg', 15077, 'ff275b678942835c252e19c518cea39f'),
(500, 498, 'thumb.normal', 'deal', 230, 39, '2011-07-26 18:46:16', '2011-07-26 18:46:16', 1, 'public/deal/f5/01/01f4_6ba4.jpg', 'jpg', 't_phpHUkxZS.jpg', 'image', 'jpeg', 7168, 'b6f26ba4b27b83769302e3ceed6b2948'),
(501, NULL, NULL, 'deal', 230, 39, '2011-07-26 18:46:16', '2011-07-26 18:46:16', 1, 'public/deal/f6/01/01f5_923e.jpg', 'jpg', 'm_phpvvbXtC.jpg', 'image', 'jpeg', 16248, 'c4f5923e237449d437cd7bb32a0d79b4'),
(502, 501, 'thumb.profile', 'deal', 230, 39, '2011-07-26 18:46:16', '2011-07-26 18:46:16', 1, 'public/deal/f7/01/01f6_923e.jpg', 'jpg', 'p_phpvvbXtC.jpg', 'image', 'jpeg', 16248, 'c4f5923e237449d437cd7bb32a0d79b4'),
(503, 501, 'thumb.normal', 'deal', 230, 39, '2011-07-26 18:46:16', '2011-07-26 18:46:16', 1, 'public/deal/f8/01/01f7_b98c.jpg', 'jpg', 't_phpvvbXtC.jpg', 'image', 'jpeg', 6306, '13d7b98c0fa4e46f075de890d513b337'),
(504, NULL, NULL, 'deal', 230, 39, '2011-07-26 18:46:16', '2011-07-26 18:46:16', 1, 'public/deal/f9/01/01f8_a09c.JPG', 'JPG', 'm_phpZPzQ2b.JPG', 'image', 'jpeg', 43609, 'b9bea09c3666863cffb12d15f5926de6'),
(505, 504, 'thumb.profile', 'deal', 230, 39, '2011-07-26 18:46:16', '2011-07-26 18:46:16', 1, 'public/deal/fa/01/01f9_af78.JPG', 'JPG', 'p_phpZPzQ2b.JPG', 'image', 'jpeg', 33143, '6064af780cfb92974953e7df2cefb2d3'),
(506, 504, 'thumb.normal', 'deal', 230, 39, '2011-07-26 18:46:16', '2011-07-26 18:46:16', 1, 'public/deal/fb/01/01fa_7d0e.JPG', 'JPG', 't_phpZPzQ2b.JPG', 'image', 'jpeg', 8362, '51897d0eeac1feabee1d6eb8e6b2a8eb'),
(511, NULL, NULL, 'deal', 236, 1, '2011-07-26 21:27:40', '2011-07-26 21:27:40', 1, 'public/deal/01/02/01ff_8a4e.jpg', 'jpg', 'm_ssafsa.jpg', 'image', 'jpeg', 13081, '0e028a4e797ad98dc3350cc19f060770'),
(512, 511, 'thumb.profile', 'deal', 236, 1, '2011-07-26 21:27:40', '2011-07-26 21:27:40', 1, 'public/deal/02/02/0200_8a4e.jpg', 'jpg', 'p_ssafsa.jpg', 'image', 'jpeg', 13081, '0e028a4e797ad98dc3350cc19f060770'),
(513, 511, 'thumb.normal', 'deal', 236, 1, '2011-07-26 21:27:40', '2011-07-26 21:27:40', 1, 'public/deal/03/02/0201_0fc3.jpg', 'jpg', 'in_ssafsa.jpg', 'image', 'jpeg', 5451, 'adc90fc3fe1219c0b01ccc0b60953259'),
(514, 511, 'thumb.icon', 'deal', 236, 1, '2011-07-26 21:27:40', '2011-07-26 21:27:40', 1, 'public/deal/04/02/0202_94a7.jpg', 'jpg', 'is_ssafsa.jpg', 'image', 'jpeg', 1697, '6a0294a7afdd1a1b64d6625ba2da8878'),
(515, NULL, NULL, 'deal', 236, 1, '2011-07-26 21:28:05', '2011-07-26 21:28:05', 1, 'public/deal/05/02/0203_adae.jpg', 'jpg', 'm_phpL2p4bk.jpg', 'image', 'jpeg', 12137, '5ceeadaefe78b6b798a3ad9809dbeddd'),
(516, 515, 'thumb.profile', 'deal', 236, 1, '2011-07-26 21:28:05', '2011-07-26 21:28:05', 1, 'public/deal/06/02/0204_adae.jpg', 'jpg', 'p_phpL2p4bk.jpg', 'image', 'jpeg', 12137, '5ceeadaefe78b6b798a3ad9809dbeddd'),
(517, 515, 'thumb.normal', 'deal', 236, 1, '2011-07-26 21:28:05', '2011-07-26 21:28:05', 1, 'public/deal/07/02/0205_0bb9.jpg', 'jpg', 't_phpL2p4bk.jpg', 'image', 'jpeg', 5179, '46990bb9a0da29a45d5303b4afe9cf9c'),
(518, NULL, NULL, 'deal', 236, 1, '2011-07-26 21:28:05', '2011-07-26 21:28:05', 1, 'public/deal/08/02/0206_78f9.jpg', 'jpg', 'm_php74wdx6.jpg', 'image', 'jpeg', 20088, '9eff78f90edb042d3f9d2cfe9d9dbc78'),
(519, 518, 'thumb.profile', 'deal', 236, 1, '2011-07-26 21:28:05', '2011-07-26 21:28:05', 1, 'public/deal/09/02/0207_78f9.jpg', 'jpg', 'p_php74wdx6.jpg', 'image', 'jpeg', 20088, '9eff78f90edb042d3f9d2cfe9d9dbc78'),
(520, 518, 'thumb.normal', 'deal', 236, 1, '2011-07-26 21:28:05', '2011-07-26 21:28:05', 1, 'public/deal/0a/02/0208_8890.jpg', 'jpg', 't_php74wdx6.jpg', 'image', 'jpeg', 8264, 'c0b6889001730a391d1ec6b05b553fa8'),
(521, NULL, NULL, 'deal', 236, 1, '2011-07-26 21:28:05', '2011-07-26 21:28:05', 1, 'public/deal/0b/02/0209_be12.jpg', 'jpg', 'm_phpBgGMuy.jpg', 'image', 'jpeg', 14935, 'a573be125e4a32abd33d0d377e999146'),
(522, 521, 'thumb.profile', 'deal', 236, 1, '2011-07-26 21:28:06', '2011-07-26 21:28:06', 1, 'public/deal/0c/02/020a_be12.jpg', 'jpg', 'p_phpBgGMuy.jpg', 'image', 'jpeg', 14935, 'a573be125e4a32abd33d0d377e999146'),
(523, 521, 'thumb.normal', 'deal', 236, 1, '2011-07-26 21:28:06', '2011-07-26 21:28:06', 1, 'public/deal/0d/02/020b_7a99.jpg', 'jpg', 't_phpBgGMuy.jpg', 'image', 'jpeg', 7082, 'e8407a999cfc07b8328274f0b65f9c2f'),
(524, NULL, NULL, 'deal', 236, 1, '2011-07-26 21:28:06', '2011-07-26 21:28:06', 1, 'public/deal/0e/02/020c_54ac.jpg', 'jpg', 'm_phpUIQzcW.jpg', 'image', 'jpeg', 8797, 'c45754acdd82b3899fcc42b623bb1603'),
(525, 524, 'thumb.profile', 'deal', 236, 1, '2011-07-26 21:28:06', '2011-07-26 21:28:06', 1, 'public/deal/0f/02/020d_54ac.jpg', 'jpg', 'p_phpUIQzcW.jpg', 'image', 'jpeg', 8797, 'c45754acdd82b3899fcc42b623bb1603'),
(526, 524, 'thumb.normal', 'deal', 236, 1, '2011-07-26 21:28:06', '2011-07-26 21:28:06', 1, 'public/deal/10/02/020e_a078.jpg', 'jpg', 't_phpUIQzcW.jpg', 'image', 'jpeg', 6501, '18c6a078f36dda4994a45260f43061cf'),
(527, NULL, NULL, 'deal', 236, 1, '2011-07-26 21:28:06', '2011-07-26 21:28:06', 1, 'public/deal/11/02/020f_147c.jpg', 'jpg', 'm_phpc91cyt.jpg', 'image', 'jpeg', 14099, 'b6ce147cdefb46c1562d2a57a2ef01ea'),
(528, 527, 'thumb.profile', 'deal', 236, 1, '2011-07-26 21:28:06', '2011-07-26 21:28:06', 1, 'public/deal/12/02/0210_147c.jpg', 'jpg', 'p_phpc91cyt.jpg', 'image', 'jpeg', 14099, 'b6ce147cdefb46c1562d2a57a2ef01ea'),
(529, 527, 'thumb.normal', 'deal', 236, 1, '2011-07-26 21:28:06', '2011-07-26 21:28:06', 1, 'public/deal/13/02/0211_a6bd.jpg', 'jpg', 't_phpc91cyt.jpg', 'image', 'jpeg', 6676, 'bbd6a6bd0c49362696954a20eebb5676'),
(530, NULL, NULL, 'deal', 236, 1, '2011-07-26 21:28:06', '2011-07-26 21:28:06', 1, 'public/deal/14/02/0212_25ee.jpg', 'jpg', 'm_phpFmQ5Te.jpg', 'image', 'jpeg', 13482, '61d725ee650006e35c09877160ac29d2'),
(531, 530, 'thumb.profile', 'deal', 236, 1, '2011-07-26 21:28:06', '2011-07-26 21:28:06', 1, 'public/deal/15/02/0213_25ee.jpg', 'jpg', 'p_phpFmQ5Te.jpg', 'image', 'jpeg', 13482, '61d725ee650006e35c09877160ac29d2'),
(532, 530, 'thumb.normal', 'deal', 236, 1, '2011-07-26 21:28:06', '2011-07-26 21:28:06', 1, 'public/deal/16/02/0214_fc6c.jpg', 'jpg', 't_phpFmQ5Te.jpg', 'image', 'jpeg', 5974, '8dfbfc6c96063f6405422ee04a6ba3af'),
(533, NULL, NULL, 'deal', 236, 1, '2011-07-26 21:28:07', '2011-07-26 21:28:07', 1, 'public/deal/17/02/0215_d86c.jpg', 'jpg', 'm_phpzFK1Ix.jpg', 'image', 'jpeg', 12489, 'c35dd86ce7edb6cf7dc72be5cc508270'),
(534, 533, 'thumb.profile', 'deal', 236, 1, '2011-07-26 21:28:07', '2011-07-26 21:28:07', 1, 'public/deal/18/02/0216_d86c.jpg', 'jpg', 'p_phpzFK1Ix.jpg', 'image', 'jpeg', 12489, 'c35dd86ce7edb6cf7dc72be5cc508270'),
(535, 533, 'thumb.normal', 'deal', 236, 1, '2011-07-26 21:28:07', '2011-07-26 21:28:07', 1, 'public/deal/19/02/0217_1a73.jpg', 'jpg', 't_phpzFK1Ix.jpg', 'image', 'jpeg', 5867, '174b1a737d6e3b6dc0fa3377ce355d43'),
(536, NULL, NULL, 'deal', 236, 1, '2011-07-26 21:28:07', '2011-07-26 21:28:07', 1, 'public/deal/1a/02/0218_5002.jpg', 'jpg', 'm_phpglhCEg.jpg', 'image', 'jpeg', 8639, '277d5002b2bcbf41d5c4d07db2408c99'),
(537, 536, 'thumb.profile', 'deal', 236, 1, '2011-07-26 21:28:07', '2011-07-26 21:28:07', 1, 'public/deal/1b/02/0219_5002.jpg', 'jpg', 'p_phpglhCEg.jpg', 'image', 'jpeg', 8639, '277d5002b2bcbf41d5c4d07db2408c99'),
(538, 536, 'thumb.normal', 'deal', 236, 1, '2011-07-26 21:28:07', '2011-07-26 21:28:07', 1, 'public/deal/1c/02/021a_11d6.jpg', 'jpg', 't_phpglhCEg.jpg', 'image', 'jpeg', 3514, 'fa4011d63da342ca0666fb5c73067e01'),
(539, NULL, NULL, 'deal', 236, 1, '2011-07-26 21:28:07', '2011-07-26 21:28:07', 1, 'public/deal/1d/02/021b_67c0.jpg', 'jpg', 'm_phpZXbNAO.jpg', 'image', 'jpeg', 8915, 'cf2d67c0ecbc90abcb0babd81246674b'),
(540, 539, 'thumb.profile', 'deal', 236, 1, '2011-07-26 21:28:07', '2011-07-26 21:28:07', 1, 'public/deal/1e/02/021c_67c0.jpg', 'jpg', 'p_phpZXbNAO.jpg', 'image', 'jpeg', 8915, 'cf2d67c0ecbc90abcb0babd81246674b'),
(541, 539, 'thumb.normal', 'deal', 236, 1, '2011-07-26 21:28:07', '2011-07-26 21:28:07', 1, 'public/deal/1f/02/021d_34cf.jpg', 'jpg', 't_phpZXbNAO.jpg', 'image', 'jpeg', 5933, '983034cfb6e39c4d04d16cccfa381ee0'),
(542, NULL, NULL, 'deal', 236, 1, '2011-07-26 21:28:08', '2011-07-26 21:28:08', 1, 'public/deal/20/02/021e_db11.jpg', 'jpg', 'm_phpQ5nrCs.jpg', 'image', 'jpeg', 16215, 'eb2ddb113a8fd3d5d1b08dbac25877fc'),
(543, 542, 'thumb.profile', 'deal', 236, 1, '2011-07-26 21:28:08', '2011-07-26 21:28:08', 1, 'public/deal/21/02/021f_db11.jpg', 'jpg', 'p_phpQ5nrCs.jpg', 'image', 'jpeg', 16215, 'eb2ddb113a8fd3d5d1b08dbac25877fc'),
(544, 542, 'thumb.normal', 'deal', 236, 1, '2011-07-26 21:28:08', '2011-07-26 21:28:08', 1, 'public/deal/22/02/0220_6df4.jpg', 'jpg', 't_phpQ5nrCs.jpg', 'image', 'jpeg', 6655, 'ccc56df4509c8cd3a16a9020f4a5c710'),
(545, NULL, NULL, 'deal', 236, 1, '2011-07-26 21:28:08', '2011-07-26 21:28:08', 1, 'public/deal/23/02/0221_5b67.jpg', 'jpg', 'm_phpXBlit7.jpg', 'image', 'jpeg', 15077, 'ff275b678942835c252e19c518cea39f'),
(546, 545, 'thumb.profile', 'deal', 236, 1, '2011-07-26 21:28:08', '2011-07-26 21:28:08', 1, 'public/deal/24/02/0222_5b67.jpg', 'jpg', 'p_phpXBlit7.jpg', 'image', 'jpeg', 15077, 'ff275b678942835c252e19c518cea39f'),
(547, 545, 'thumb.normal', 'deal', 236, 1, '2011-07-26 21:28:08', '2011-07-26 21:28:08', 1, 'public/deal/25/02/0223_6ba4.jpg', 'jpg', 't_phpXBlit7.jpg', 'image', 'jpeg', 7168, 'b6f26ba4b27b83769302e3ceed6b2948'),
(548, NULL, NULL, 'deal', 236, 1, '2011-07-26 21:28:08', '2011-07-26 21:28:08', 1, 'public/deal/26/02/0224_923e.jpg', 'jpg', 'm_phpTSjDjd.jpg', 'image', 'jpeg', 16248, 'c4f5923e237449d437cd7bb32a0d79b4'),
(549, 548, 'thumb.profile', 'deal', 236, 1, '2011-07-26 21:28:08', '2011-07-26 21:28:08', 1, 'public/deal/27/02/0225_923e.jpg', 'jpg', 'p_phpTSjDjd.jpg', 'image', 'jpeg', 16248, 'c4f5923e237449d437cd7bb32a0d79b4'),
(550, 548, 'thumb.normal', 'deal', 236, 1, '2011-07-26 21:28:08', '2011-07-26 21:28:08', 1, 'public/deal/28/02/0226_b98c.jpg', 'jpg', 't_phpTSjDjd.jpg', 'image', 'jpeg', 6306, '13d7b98c0fa4e46f075de890d513b337'),
(551, NULL, NULL, 'deal', 236, 1, '2011-07-27 13:31:18', '2011-07-27 13:31:18', 1, 'public/deal/29/02/0227_d8f5.jpg', 'jpg', 'm_phpXO3q3b.jpg', 'image', 'jpeg', 46708, '77b9d8f5ce938c348d48121ae815b76a'),
(552, 551, 'thumb.profile', 'deal', 236, 1, '2011-07-27 13:31:18', '2011-07-27 13:31:18', 1, 'public/deal/2a/02/0228_c7af.jpg', 'jpg', 'p_phpXO3q3b.jpg', 'image', 'jpeg', 18657, '7c00c7afeebd2500276943aaa92db872'),
(553, 551, 'thumb.normal', 'deal', 236, 1, '2011-07-27 13:31:18', '2011-07-27 13:31:18', 1, 'public/deal/2b/02/0229_1a09.jpg', 'jpg', 't_phpXO3q3b.jpg', 'image', 'jpeg', 5546, '426b1a091b47db3990e44b6e09132f5d'),
(554, NULL, NULL, 'deal', 237, 39, '2011-07-27 13:33:17', '2011-07-27 13:33:17', 1, 'public/deal/2c/02/022a_54ac.jpg', 'jpg', 'm_cvcxb.jpg', 'image', 'jpeg', 8797, 'c45754acdd82b3899fcc42b623bb1603'),
(555, 554, 'thumb.profile', 'deal', 237, 39, '2011-07-27 13:33:17', '2011-07-27 13:33:17', 1, 'public/deal/2d/02/022b_54ac.jpg', 'jpg', 'p_cvcxb.jpg', 'image', 'jpeg', 8797, 'c45754acdd82b3899fcc42b623bb1603'),
(556, 554, 'thumb.normal', 'deal', 237, 39, '2011-07-27 13:33:17', '2011-07-27 13:33:17', 1, 'public/deal/2e/02/022c_a078.jpg', 'jpg', 'in_cvcxb.jpg', 'image', 'jpeg', 6501, '18c6a078f36dda4994a45260f43061cf'),
(557, 554, 'thumb.icon', 'deal', 237, 39, '2011-07-27 13:33:17', '2011-07-27 13:33:17', 1, 'public/deal/2f/02/022d_fb13.jpg', 'jpg', 'is_cvcxb.jpg', 'image', 'jpeg', 1557, '26f3fb13d7c5a96eb4727aeea67e9316'),
(558, NULL, NULL, 'deal', 237, 39, '2011-07-27 13:34:10', '2011-07-27 13:34:10', 1, 'public/deal/30/02/022e_adae.jpg', 'jpg', 'm_php4pwIzf.jpg', 'image', 'jpeg', 12137, '5ceeadaefe78b6b798a3ad9809dbeddd'),
(559, 558, 'thumb.profile', 'deal', 237, 39, '2011-07-27 13:34:10', '2011-07-27 13:34:10', 1, 'public/deal/31/02/022f_adae.jpg', 'jpg', 'p_php4pwIzf.jpg', 'image', 'jpeg', 12137, '5ceeadaefe78b6b798a3ad9809dbeddd'),
(560, 558, 'thumb.normal', 'deal', 237, 39, '2011-07-27 13:34:10', '2011-07-27 13:34:10', 1, 'public/deal/32/02/0230_0bb9.jpg', 'jpg', 't_php4pwIzf.jpg', 'image', 'jpeg', 5179, '46990bb9a0da29a45d5303b4afe9cf9c'),
(561, NULL, NULL, 'deal', 237, 39, '2011-07-27 13:34:10', '2011-07-27 13:34:10', 1, 'public/deal/33/02/0231_25ee.jpg', 'jpg', 'm_phpZpr0AJ.jpg', 'image', 'jpeg', 13482, '61d725ee650006e35c09877160ac29d2'),
(562, 561, 'thumb.profile', 'deal', 237, 39, '2011-07-27 13:34:10', '2011-07-27 13:34:10', 1, 'public/deal/34/02/0232_25ee.jpg', 'jpg', 'p_phpZpr0AJ.jpg', 'image', 'jpeg', 13482, '61d725ee650006e35c09877160ac29d2'),
(563, 561, 'thumb.normal', 'deal', 237, 39, '2011-07-27 13:34:10', '2011-07-27 13:34:10', 1, 'public/deal/35/02/0233_fc6c.jpg', 'jpg', 't_phpZpr0AJ.jpg', 'image', 'jpeg', 5974, '8dfbfc6c96063f6405422ee04a6ba3af'),
(564, NULL, NULL, 'deal', 237, 39, '2011-07-27 13:34:11', '2011-07-27 13:34:11', 1, 'public/deal/36/02/0234_d86c.jpg', 'jpg', 'm_phpNXhx59.jpg', 'image', 'jpeg', 12489, 'c35dd86ce7edb6cf7dc72be5cc508270'),
(565, 564, 'thumb.profile', 'deal', 237, 39, '2011-07-27 13:34:11', '2011-07-27 13:34:11', 1, 'public/deal/37/02/0235_d86c.jpg', 'jpg', 'p_phpNXhx59.jpg', 'image', 'jpeg', 12489, 'c35dd86ce7edb6cf7dc72be5cc508270'),
(566, 564, 'thumb.normal', 'deal', 237, 39, '2011-07-27 13:34:11', '2011-07-27 13:34:11', 1, 'public/deal/38/02/0236_1a73.jpg', 'jpg', 't_phpNXhx59.jpg', 'image', 'jpeg', 5867, '174b1a737d6e3b6dc0fa3377ce355d43'),
(567, NULL, NULL, 'deal', 237, 39, '2011-07-27 13:34:11', '2011-07-27 13:34:11', 1, 'public/deal/39/02/0237_5002.jpg', 'jpg', 'm_php1T2P6l.jpg', 'image', 'jpeg', 8639, '277d5002b2bcbf41d5c4d07db2408c99'),
(568, 567, 'thumb.profile', 'deal', 237, 39, '2011-07-27 13:34:11', '2011-07-27 13:34:11', 1, 'public/deal/3a/02/0238_5002.jpg', 'jpg', 'p_php1T2P6l.jpg', 'image', 'jpeg', 8639, '277d5002b2bcbf41d5c4d07db2408c99'),
(569, 567, 'thumb.normal', 'deal', 237, 39, '2011-07-27 13:34:11', '2011-07-27 13:34:11', 1, 'public/deal/3b/02/0239_11d6.jpg', 'jpg', 't_php1T2P6l.jpg', 'image', 'jpeg', 3514, 'fa4011d63da342ca0666fb5c73067e01'),
(570, NULL, NULL, 'deal', 237, 39, '2011-07-27 13:34:11', '2011-07-27 13:34:11', 1, 'public/deal/3c/02/023a_db11.jpg', 'jpg', 'm_phpgUTCok.jpg', 'image', 'jpeg', 16215, 'eb2ddb113a8fd3d5d1b08dbac25877fc'),
(571, 570, 'thumb.profile', 'deal', 237, 39, '2011-07-27 13:34:11', '2011-07-27 13:34:11', 1, 'public/deal/3d/02/023b_db11.jpg', 'jpg', 'p_phpgUTCok.jpg', 'image', 'jpeg', 16215, 'eb2ddb113a8fd3d5d1b08dbac25877fc'),
(572, 570, 'thumb.normal', 'deal', 237, 39, '2011-07-27 13:34:11', '2011-07-27 13:34:11', 1, 'public/deal/3e/02/023c_6df4.jpg', 'jpg', 't_phpgUTCok.jpg', 'image', 'jpeg', 6655, 'ccc56df4509c8cd3a16a9020f4a5c710'),
(573, NULL, NULL, 'deal', 237, 39, '2011-07-27 13:34:12', '2011-07-27 13:34:12', 1, 'public/deal/3f/02/023d_5b67.jpg', 'jpg', 'm_phpylJwji.jpg', 'image', 'jpeg', 15077, 'ff275b678942835c252e19c518cea39f'),
(574, 573, 'thumb.profile', 'deal', 237, 39, '2011-07-27 13:34:12', '2011-07-27 13:34:12', 1, 'public/deal/40/02/023e_5b67.jpg', 'jpg', 'p_phpylJwji.jpg', 'image', 'jpeg', 15077, 'ff275b678942835c252e19c518cea39f'),
(575, 573, 'thumb.normal', 'deal', 237, 39, '2011-07-27 13:34:12', '2011-07-27 13:34:12', 1, 'public/deal/41/02/023f_6ba4.jpg', 'jpg', 't_phpylJwji.jpg', 'image', 'jpeg', 7168, 'b6f26ba4b27b83769302e3ceed6b2948'),
(576, NULL, NULL, 'deal', 237, 39, '2011-07-27 13:34:12', '2011-07-27 13:34:12', 1, 'public/deal/42/02/0240_923e.jpg', 'jpg', 'm_phpcSCJDf.jpg', 'image', 'jpeg', 16248, 'c4f5923e237449d437cd7bb32a0d79b4'),
(577, 576, 'thumb.profile', 'deal', 237, 39, '2011-07-27 13:34:12', '2011-07-27 13:34:12', 1, 'public/deal/43/02/0241_923e.jpg', 'jpg', 'p_phpcSCJDf.jpg', 'image', 'jpeg', 16248, 'c4f5923e237449d437cd7bb32a0d79b4'),
(578, 576, 'thumb.normal', 'deal', 237, 39, '2011-07-27 13:34:12', '2011-07-27 13:34:12', 1, 'public/deal/44/02/0242_b98c.jpg', 'jpg', 't_phpcSCJDf.jpg', 'image', 'jpeg', 6306, '13d7b98c0fa4e46f075de890d513b337'),
(579, NULL, NULL, 'deal', 237, 39, '2011-07-27 13:34:12', '2011-07-27 13:34:12', 1, 'public/deal/45/02/0243_a09c.JPG', 'JPG', 'm_phpx9YgJ8.JPG', 'image', 'jpeg', 43609, 'b9bea09c3666863cffb12d15f5926de6'),
(580, 579, 'thumb.profile', 'deal', 237, 39, '2011-07-27 13:34:12', '2011-07-27 13:34:12', 1, 'public/deal/46/02/0244_af78.JPG', 'JPG', 'p_phpx9YgJ8.JPG', 'image', 'jpeg', 33143, '6064af780cfb92974953e7df2cefb2d3'),
(581, 579, 'thumb.normal', 'deal', 237, 39, '2011-07-27 13:34:12', '2011-07-27 13:34:12', 1, 'public/deal/47/02/0245_7d0e.JPG', 'JPG', 't_phpx9YgJ8.JPG', 'image', 'jpeg', 8362, '51897d0eeac1feabee1d6eb8e6b2a8eb'),
(582, NULL, NULL, 'deal', 237, 39, '2011-07-27 13:34:13', '2011-07-27 13:34:13', 1, 'public/deal/48/02/0246_a3fe.jpg', 'jpg', 'm_phppBh64d.jpg', 'image', 'jpeg', 5713, 'b876a3fee619db4497c6cfc23dd1912f'),
(583, 582, 'thumb.profile', 'deal', 237, 39, '2011-07-27 13:34:13', '2011-07-27 13:34:13', 1, 'public/deal/49/02/0247_a3fe.jpg', 'jpg', 'p_phppBh64d.jpg', 'image', 'jpeg', 5713, 'b876a3fee619db4497c6cfc23dd1912f'),
(584, 582, 'thumb.normal', 'deal', 237, 39, '2011-07-27 13:34:13', '2011-07-27 13:34:13', 1, 'public/deal/4a/02/0248_fe70.jpg', 'jpg', 't_phppBh64d.jpg', 'image', 'jpeg', 4823, '4dabfe7074f53b760ad9ee3a8e94ad77'),
(585, NULL, NULL, 'deal', 237, 39, '2011-07-27 13:34:13', '2011-07-27 13:34:13', 1, 'public/deal/4b/02/0249_567d.jpg', 'jpg', 'm_phpAK33dw.jpg', 'image', 'jpeg', 6632, '8bd1567d20777cd999ec05cde1a42032'),
(586, 585, 'thumb.profile', 'deal', 237, 39, '2011-07-27 13:34:13', '2011-07-27 13:34:13', 1, 'public/deal/4c/02/024a_567d.jpg', 'jpg', 'p_phpAK33dw.jpg', 'image', 'jpeg', 6632, '8bd1567d20777cd999ec05cde1a42032'),
(587, 585, 'thumb.normal', 'deal', 237, 39, '2011-07-27 13:34:13', '2011-07-27 13:34:13', 1, 'public/deal/4d/02/024b_d5b4.jpg', 'jpg', 't_phpAK33dw.jpg', 'image', 'jpeg', 5122, 'b824d5b401e5ecd63374241321206707'),
(588, NULL, NULL, 'deal', 237, 39, '2011-07-27 13:34:13', '2011-07-27 13:34:13', 1, 'public/deal/4e/02/024c_7520.jpg', 'jpg', 'm_phpNW5Ovp.jpg', 'image', 'jpeg', 15425, 'd33375201c55aaed0d79148e216012dd'),
(589, 588, 'thumb.profile', 'deal', 237, 39, '2011-07-27 13:34:13', '2011-07-27 13:34:13', 1, 'public/deal/4f/02/024d_7520.jpg', 'jpg', 'p_phpNW5Ovp.jpg', 'image', 'jpeg', 15425, 'd33375201c55aaed0d79148e216012dd'),
(590, 588, 'thumb.normal', 'deal', 237, 39, '2011-07-27 13:34:13', '2011-07-27 13:34:13', 1, 'public/deal/50/02/024e_e3d7.jpg', 'jpg', 't_phpNW5Ovp.jpg', 'image', 'jpeg', 6237, 'eecce3d73a2eac734e7d693c5a52cd88'),
(591, NULL, NULL, 'deal', 237, 39, '2011-07-27 13:38:14', '2011-07-27 13:38:14', 1, 'public/deal/51/02/024f_b1e8.jpg', 'jpg', 'm_phpl4muU6.jpg', 'image', 'jpeg', 21009, '492fb1e8ddadcb96d17e2015e4c6473b'),
(592, 591, 'thumb.profile', 'deal', 237, 39, '2011-07-27 13:38:14', '2011-07-27 13:38:14', 1, 'public/deal/52/02/0250_b1e8.jpg', 'jpg', 'p_phpl4muU6.jpg', 'image', 'jpeg', 21009, '492fb1e8ddadcb96d17e2015e4c6473b'),
(593, 591, 'thumb.normal', 'deal', 237, 39, '2011-07-27 13:38:14', '2011-07-27 13:38:14', 1, 'public/deal/53/02/0251_4d10.jpg', 'jpg', 't_phpl4muU6.jpg', 'image', 'jpeg', 7523, '42dc4d108a882681b846710067e35198'),
(594, NULL, NULL, 'deal', 237, 39, '2011-07-27 13:38:14', '2011-07-27 13:38:14', 1, 'public/deal/54/02/0252_26a5.jpg', 'jpg', 'm_phpnOStco.jpg', 'image', 'jpeg', 11837, '148b26a50d3feb1c69490d4021b34d96'),
(595, 594, 'thumb.profile', 'deal', 237, 39, '2011-07-27 13:38:14', '2011-07-27 13:38:14', 1, 'public/deal/55/02/0253_26a5.jpg', 'jpg', 'p_phpnOStco.jpg', 'image', 'jpeg', 11837, '148b26a50d3feb1c69490d4021b34d96'),
(596, 594, 'thumb.normal', 'deal', 237, 39, '2011-07-27 13:38:14', '2011-07-27 13:38:14', 1, 'public/deal/56/02/0254_0fe2.jpg', 'jpg', 't_phpnOStco.jpg', 'image', 'jpeg', 5796, '29000fe285e25291769cf83ab2c7a179'),
(597, NULL, NULL, 'deal', 237, 39, '2011-07-27 13:38:14', '2011-07-27 13:38:14', 1, 'public/deal/57/02/0255_4f0d.jpg', 'jpg', 'm_phpW27gdY.jpg', 'image', 'jpeg', 10480, '48394f0d3a2fd2ca77060320299fe4e7'),
(598, 597, 'thumb.profile', 'deal', 237, 39, '2011-07-27 13:38:14', '2011-07-27 13:38:14', 1, 'public/deal/58/02/0256_4f0d.jpg', 'jpg', 'p_phpW27gdY.jpg', 'image', 'jpeg', 10480, '48394f0d3a2fd2ca77060320299fe4e7'),
(599, 597, 'thumb.normal', 'deal', 237, 39, '2011-07-27 13:38:14', '2011-07-27 13:38:14', 1, 'public/deal/59/02/0257_3e56.jpg', 'jpg', 't_phpW27gdY.jpg', 'image', 'jpeg', 4683, '83ed3e56d7a8bcfb1de868e69639f681'),
(600, NULL, NULL, 'deal', 237, 39, '2011-07-27 13:38:15', '2011-07-27 13:38:15', 1, 'public/deal/5a/02/0258_e644.jpg', 'jpg', 'm_phplCruJD.jpg', 'image', 'jpeg', 17559, '50a7e6445a935edb1d9d132f203ff0bc'),
(601, 600, 'thumb.profile', 'deal', 237, 39, '2011-07-27 13:38:15', '2011-07-27 13:38:15', 1, 'public/deal/5b/02/0259_e644.jpg', 'jpg', 'p_phplCruJD.jpg', 'image', 'jpeg', 17559, '50a7e6445a935edb1d9d132f203ff0bc'),
(602, 600, 'thumb.normal', 'deal', 237, 39, '2011-07-27 13:38:15', '2011-07-27 13:38:15', 1, 'public/deal/5c/02/025a_371a.jpg', 'jpg', 't_phplCruJD.jpg', 'image', 'jpeg', 7410, '6f58371ae92abc58e8ed17f2eb551a40'),
(603, NULL, NULL, 'deal', 237, 39, '2011-07-27 13:38:15', '2011-07-27 13:38:15', 1, 'public/deal/5d/02/025b_c10a.jpg', 'jpg', 'm_php8tzoGs.jpg', 'image', 'jpeg', 18410, '3ae7c10a21a97177df9467f301c523d0'),
(604, 603, 'thumb.profile', 'deal', 237, 39, '2011-07-27 13:38:15', '2011-07-27 13:38:15', 1, 'public/deal/5e/02/025c_c10a.jpg', 'jpg', 'p_php8tzoGs.jpg', 'image', 'jpeg', 18410, '3ae7c10a21a97177df9467f301c523d0'),
(605, 603, 'thumb.normal', 'deal', 237, 39, '2011-07-27 13:38:15', '2011-07-27 13:38:15', 1, 'public/deal/5f/02/025d_8856.jpg', 'jpg', 't_php8tzoGs.jpg', 'image', 'jpeg', 6649, 'c2318856cfcc2703dac761a65bac7136'),
(606, NULL, NULL, 'deal', 237, 39, '2011-07-27 13:38:15', '2011-07-27 13:38:15', 1, 'public/deal/60/02/025e_c60d.jpg', 'jpg', 'm_phpwlT4EQ.jpg', 'image', 'jpeg', 20873, '2080c60dfed4d15daf4a6ed28306e503'),
(607, 606, 'thumb.profile', 'deal', 237, 39, '2011-07-27 13:38:16', '2011-07-27 13:38:16', 1, 'public/deal/61/02/025f_c60d.jpg', 'jpg', 'p_phpwlT4EQ.jpg', 'image', 'jpeg', 20873, '2080c60dfed4d15daf4a6ed28306e503'),
(608, 606, 'thumb.normal', 'deal', 237, 39, '2011-07-27 13:38:16', '2011-07-27 13:38:16', 1, 'public/deal/62/02/0260_0ceb.jpg', 'jpg', 't_phpwlT4EQ.jpg', 'image', 'jpeg', 8583, 'e50e0ceb46d22599f1515e3341f56bfd'),
(609, NULL, NULL, 'deal', 243, 39, '2011-07-27 17:50:19', '2011-07-27 17:50:19', 1, 'public/deal/63/02/0261_b1e8.jpg', 'jpg', 'm_phpLr7Mip.jpg', 'image', 'jpeg', 21009, '492fb1e8ddadcb96d17e2015e4c6473b'),
(610, 609, 'thumb.profile', 'deal', 243, 39, '2011-07-27 17:50:19', '2011-07-27 17:50:19', 1, 'public/deal/64/02/0262_b1e8.jpg', 'jpg', 'p_phpLr7Mip.jpg', 'image', 'jpeg', 21009, '492fb1e8ddadcb96d17e2015e4c6473b'),
(611, 609, 'thumb.normal', 'deal', 243, 39, '2011-07-27 17:50:19', '2011-07-27 17:50:19', 1, 'public/deal/65/02/0263_4d10.jpg', 'jpg', 't_phpLr7Mip.jpg', 'image', 'jpeg', 7523, '42dc4d108a882681b846710067e35198'),
(612, NULL, NULL, 'deal', 243, 39, '2011-07-27 17:50:20', '2011-07-27 17:50:20', 1, 'public/deal/66/02/0264_26a5.jpg', 'jpg', 'm_phpujjEVq.jpg', 'image', 'jpeg', 11837, '148b26a50d3feb1c69490d4021b34d96'),
(613, 612, 'thumb.profile', 'deal', 243, 39, '2011-07-27 17:50:20', '2011-07-27 17:50:20', 1, 'public/deal/67/02/0265_26a5.jpg', 'jpg', 'p_phpujjEVq.jpg', 'image', 'jpeg', 11837, '148b26a50d3feb1c69490d4021b34d96'),
(614, 612, 'thumb.normal', 'deal', 243, 39, '2011-07-27 17:50:20', '2011-07-27 17:50:20', 1, 'public/deal/68/02/0266_0fe2.jpg', 'jpg', 't_phpujjEVq.jpg', 'image', 'jpeg', 5796, '29000fe285e25291769cf83ab2c7a179'),
(615, NULL, NULL, 'deal', 243, 39, '2011-07-27 17:50:20', '2011-07-27 17:50:20', 1, 'public/deal/69/02/0267_4f0d.jpg', 'jpg', 'm_phpx912A4.jpg', 'image', 'jpeg', 10480, '48394f0d3a2fd2ca77060320299fe4e7'),
(616, 615, 'thumb.profile', 'deal', 243, 39, '2011-07-27 17:50:20', '2011-07-27 17:50:20', 1, 'public/deal/6a/02/0268_4f0d.jpg', 'jpg', 'p_phpx912A4.jpg', 'image', 'jpeg', 10480, '48394f0d3a2fd2ca77060320299fe4e7'),
(617, 615, 'thumb.normal', 'deal', 243, 39, '2011-07-27 17:50:20', '2011-07-27 17:50:20', 1, 'public/deal/6b/02/0269_3e56.jpg', 'jpg', 't_phpx912A4.jpg', 'image', 'jpeg', 4683, '83ed3e56d7a8bcfb1de868e69639f681'),
(618, NULL, NULL, 'deal', 243, 39, '2011-07-27 17:50:21', '2011-07-27 17:50:21', 1, 'public/deal/6c/02/026a_e644.jpg', 'jpg', 'm_phpw5xNU3.jpg', 'image', 'jpeg', 17559, '50a7e6445a935edb1d9d132f203ff0bc'),
(619, 618, 'thumb.profile', 'deal', 243, 39, '2011-07-27 17:50:21', '2011-07-27 17:50:21', 1, 'public/deal/6d/02/026b_e644.jpg', 'jpg', 'p_phpw5xNU3.jpg', 'image', 'jpeg', 17559, '50a7e6445a935edb1d9d132f203ff0bc'),
(620, 618, 'thumb.normal', 'deal', 243, 39, '2011-07-27 17:50:21', '2011-07-27 17:50:21', 1, 'public/deal/6e/02/026c_371a.jpg', 'jpg', 't_phpw5xNU3.jpg', 'image', 'jpeg', 7410, '6f58371ae92abc58e8ed17f2eb551a40'),
(621, NULL, NULL, 'deal', 243, 39, '2011-07-27 17:50:22', '2011-07-27 17:50:22', 1, 'public/deal/6f/02/026d_c10a.jpg', 'jpg', 'm_php45fW7f.jpg', 'image', 'jpeg', 18410, '3ae7c10a21a97177df9467f301c523d0'),
(622, 621, 'thumb.profile', 'deal', 243, 39, '2011-07-27 17:50:22', '2011-07-27 17:50:22', 1, 'public/deal/70/02/026e_c10a.jpg', 'jpg', 'p_php45fW7f.jpg', 'image', 'jpeg', 18410, '3ae7c10a21a97177df9467f301c523d0'),
(623, 621, 'thumb.normal', 'deal', 243, 39, '2011-07-27 17:50:22', '2011-07-27 17:50:22', 1, 'public/deal/71/02/026f_8856.jpg', 'jpg', 't_php45fW7f.jpg', 'image', 'jpeg', 6649, 'c2318856cfcc2703dac761a65bac7136'),
(624, NULL, NULL, 'deal', 243, 39, '2011-07-27 17:50:22', '2011-07-27 17:50:22', 1, 'public/deal/72/02/0270_c60d.jpg', 'jpg', 'm_php0NQ18I.jpg', 'image', 'jpeg', 20873, '2080c60dfed4d15daf4a6ed28306e503'),
(625, 624, 'thumb.profile', 'deal', 243, 39, '2011-07-27 17:50:22', '2011-07-27 17:50:22', 1, 'public/deal/73/02/0271_c60d.jpg', 'jpg', 'p_php0NQ18I.jpg', 'image', 'jpeg', 20873, '2080c60dfed4d15daf4a6ed28306e503'),
(626, 624, 'thumb.normal', 'deal', 243, 39, '2011-07-27 17:50:22', '2011-07-27 17:50:22', 1, 'public/deal/74/02/0272_0ceb.jpg', 'jpg', 't_php0NQ18I.jpg', 'image', 'jpeg', 8583, 'e50e0ceb46d22599f1515e3341f56bfd'),
(627, NULL, NULL, 'deal', 243, 39, '2011-07-27 17:50:22', '2011-07-27 17:50:22', 1, 'public/deal/75/02/0273_ba9e.jpg', 'jpg', 'm_phpYwUo1n.jpg', 'image', 'jpeg', 16462, '3e24ba9e8c56edc19aeedf057198217e'),
(628, 627, 'thumb.profile', 'deal', 243, 39, '2011-07-27 17:50:22', '2011-07-27 17:50:22', 1, 'public/deal/76/02/0274_ba9e.jpg', 'jpg', 'p_phpYwUo1n.jpg', 'image', 'jpeg', 16462, '3e24ba9e8c56edc19aeedf057198217e'),
(629, 627, 'thumb.normal', 'deal', 243, 39, '2011-07-27 17:50:22', '2011-07-27 17:50:22', 1, 'public/deal/77/02/0275_d6ff.jpg', 'jpg', 't_phpYwUo1n.jpg', 'image', 'jpeg', 6958, '746ed6ffc25857e9a439c0c0f9db88dd'),
(630, NULL, NULL, 'deal', 243, 39, '2011-07-27 17:50:23', '2011-07-27 17:50:23', 1, 'public/deal/78/02/0276_1dc9.jpg', 'jpg', 'm_phpm9982z.jpg', 'image', 'jpeg', 12492, 'ba451dc993653516f2084dc8f18bd45e'),
(631, 630, 'thumb.profile', 'deal', 243, 39, '2011-07-27 17:50:23', '2011-07-27 17:50:23', 1, 'public/deal/79/02/0277_1dc9.jpg', 'jpg', 'p_phpm9982z.jpg', 'image', 'jpeg', 12492, 'ba451dc993653516f2084dc8f18bd45e'),
(632, 630, 'thumb.normal', 'deal', 243, 39, '2011-07-27 17:50:23', '2011-07-27 17:50:23', 1, 'public/deal/7a/02/0278_e466.jpg', 'jpg', 't_phpm9982z.jpg', 'image', 'jpeg', 6061, '2be3e4662dfa65db3305271597c795ef'),
(633, NULL, NULL, 'deal', 243, 39, '2011-07-27 17:50:23', '2011-07-27 17:50:23', 1, 'public/deal/7b/02/0279_8ef1.jpg', 'jpg', 'm_phpRIePOo.jpg', 'image', 'jpeg', 17309, '12b88ef10ac3ea46fde9e83e612e6178'),
(634, 633, 'thumb.profile', 'deal', 243, 39, '2011-07-27 17:50:23', '2011-07-27 17:50:23', 1, 'public/deal/7c/02/027a_8ef1.jpg', 'jpg', 'p_phpRIePOo.jpg', 'image', 'jpeg', 17309, '12b88ef10ac3ea46fde9e83e612e6178'),
(635, 633, 'thumb.normal', 'deal', 243, 39, '2011-07-27 17:50:23', '2011-07-27 17:50:23', 1, 'public/deal/7d/02/027b_bf15.jpg', 'jpg', 't_phpRIePOo.jpg', 'image', 'jpeg', 7110, '33e9bf1583083606c00749f26412a087'),
(636, NULL, NULL, 'deal', 243, 39, '2011-07-27 17:50:23', '2011-07-27 17:50:23', 1, 'public/deal/7e/02/027c_e0c6.jpg', 'jpg', 'm_phpkilo1K.jpg', 'image', 'jpeg', 7524, '0afce0c684d7bc90268bad279c7aaf43'),
(637, 636, 'thumb.profile', 'deal', 243, 39, '2011-07-27 17:50:23', '2011-07-27 17:50:23', 1, 'public/deal/7f/02/027d_e0c6.jpg', 'jpg', 'p_phpkilo1K.jpg', 'image', 'jpeg', 7524, '0afce0c684d7bc90268bad279c7aaf43'),
(638, 636, 'thumb.normal', 'deal', 243, 39, '2011-07-27 17:50:23', '2011-07-27 17:50:23', 1, 'public/deal/80/02/027e_dc1a.jpg', 'jpg', 't_phpkilo1K.jpg', 'image', 'jpeg', 4105, '278adc1ad4b44034dfb6d8d9171984fe'),
(639, NULL, NULL, 'deal', 243, 39, '2011-07-27 17:50:24', '2011-07-27 17:50:24', 1, 'public/deal/81/02/027f_f2fb.jpg', 'jpg', 'm_phpesgooN.jpg', 'image', 'jpeg', 17485, '2f60f2fbc3b0ed2c357924f6074fdd45'),
(640, 639, 'thumb.profile', 'deal', 243, 39, '2011-07-27 17:50:24', '2011-07-27 17:50:24', 1, 'public/deal/82/02/0280_f2fb.jpg', 'jpg', 'p_phpesgooN.jpg', 'image', 'jpeg', 17485, '2f60f2fbc3b0ed2c357924f6074fdd45'),
(641, 639, 'thumb.normal', 'deal', 243, 39, '2011-07-27 17:50:24', '2011-07-27 17:50:24', 1, 'public/deal/83/02/0281_20f5.jpg', 'jpg', 't_phpesgooN.jpg', 'image', 'jpeg', 6949, '8fa820f52bf9ef92a41c042675de14e7'),
(642, NULL, NULL, 'deal', 243, 39, '2011-07-27 17:50:24', '2011-07-27 17:50:24', 1, 'public/deal/84/02/0282_1c7d.jpg', 'jpg', 'm_phpBZB6MQ.jpg', 'image', 'jpeg', 19616, '99661c7de7c704c869eacab49558ffec'),
(643, 642, 'thumb.profile', 'deal', 243, 39, '2011-07-27 17:50:24', '2011-07-27 17:50:24', 1, 'public/deal/85/02/0283_1c7d.jpg', 'jpg', 'p_phpBZB6MQ.jpg', 'image', 'jpeg', 19616, '99661c7de7c704c869eacab49558ffec'),
(644, 642, 'thumb.normal', 'deal', 243, 39, '2011-07-27 17:50:24', '2011-07-27 17:50:24', 1, 'public/deal/86/02/0284_8f4f.jpg', 'jpg', 't_phpBZB6MQ.jpg', 'image', 'jpeg', 7293, 'db628f4f8425a0a2c7f649d585a52360'),
(645, NULL, NULL, 'deal', 244, 54, '2011-07-27 18:48:14', '2011-07-27 18:48:14', 1, 'public/deal/87/02/0285_7326.jpg', 'jpg', 'm_phpKPvBnm.jpg', 'image', 'jpeg', 21829, '52de73261b37fd207746e3f2d41d1dd4'),
(646, 645, 'thumb.profile', 'deal', 244, 54, '2011-07-27 18:48:14', '2011-07-27 18:48:14', 1, 'public/deal/88/02/0286_dde7.jpg', 'jpg', 'p_phpKPvBnm.jpg', 'image', 'jpeg', 17899, '502adde70927d307521d8933fe881eca'),
(647, 645, 'thumb.normal', 'deal', 244, 54, '2011-07-27 18:48:14', '2011-07-27 18:48:14', 1, 'public/deal/89/02/0287_c0be.jpg', 'jpg', 't_phpKPvBnm.jpg', 'image', 'jpeg', 4412, 'b8e7c0beebfc06875836703396099d06'),
(648, NULL, NULL, 'deal', 244, 54, '2011-07-27 18:48:15', '2011-07-27 18:48:15', 1, 'public/deal/8a/02/0288_d7cd.jpg', 'jpg', 'm_phpmkGo7v.jpg', 'image', 'jpeg', 55047, 'f26bd7cdc7d37603487ac456188d5d11'),
(649, 648, 'thumb.profile', 'deal', 244, 54, '2011-07-27 18:48:15', '2011-07-27 18:48:15', 1, 'public/deal/8b/02/0289_1bbf.jpg', 'jpg', 'p_phpmkGo7v.jpg', 'image', 'jpeg', 20298, '990b1bbfbc3aaa98d6a1e4617575dd81'),
(650, 648, 'thumb.normal', 'deal', 244, 54, '2011-07-27 18:48:15', '2011-07-27 18:48:15', 1, 'public/deal/8c/02/028a_9a34.jpg', 'jpg', 't_phpmkGo7v.jpg', 'image', 'jpeg', 5554, '402a9a34f6e7b61922114575e458d138'),
(651, NULL, NULL, 'deal', 244, 54, '2011-07-27 18:48:15', '2011-07-27 18:48:15', 1, 'public/deal/8d/02/028b_6dce.jpg', 'jpg', 'm_phpEOa0cs.jpg', 'image', 'jpeg', 62758, '8a0a6dce20649a6c681ff4a67a9efac8'),
(652, 651, 'thumb.profile', 'deal', 244, 54, '2011-07-27 18:48:15', '2011-07-27 18:48:15', 1, 'public/deal/8e/02/028c_7f1f.jpg', 'jpg', 'p_phpEOa0cs.jpg', 'image', 'jpeg', 22571, '27157f1f98c7a206dfdc832862fec5ab'),
(653, 651, 'thumb.normal', 'deal', 244, 54, '2011-07-27 18:48:15', '2011-07-27 18:48:15', 1, 'public/deal/8f/02/028d_84f9.jpg', 'jpg', 't_phpEOa0cs.jpg', 'image', 'jpeg', 4930, '81af84f9e46be655b5986d0cc7858d73'),
(654, NULL, NULL, 'deal', 244, 54, '2011-07-27 18:48:16', '2011-07-27 18:48:16', 1, 'public/deal/90/02/028e_8df2.jpg', 'jpg', 'm_php2wupev.jpg', 'image', 'jpeg', 40744, '5fef8df26340ce0f51ff7a74cf6707ed'),
(655, 654, 'thumb.profile', 'deal', 244, 54, '2011-07-27 18:48:16', '2011-07-27 18:48:16', 1, 'public/deal/91/02/028f_b694.jpg', 'jpg', 'p_php2wupev.jpg', 'image', 'jpeg', 16343, '463cb694a912b66057dd17bcaf450c45'),
(656, 654, 'thumb.normal', 'deal', 244, 54, '2011-07-27 18:48:16', '2011-07-27 18:48:16', 1, 'public/deal/92/02/0290_617b.jpg', 'jpg', 't_php2wupev.jpg', 'image', 'jpeg', 3726, 'a4f6617b3b9e82d2d0f9a1e01d90fa25'),
(657, NULL, NULL, 'deal', 244, 54, '2011-07-27 18:48:17', '2011-07-27 18:48:17', 1, 'public/deal/93/02/0291_0175.jpg', 'jpg', 'm_phpQSR27F.jpg', 'image', 'jpeg', 83230, '047d01754d305c1fb67c03a8db61cd8c'),
(658, 657, 'thumb.profile', 'deal', 244, 54, '2011-07-27 18:48:17', '2011-07-27 18:48:17', 1, 'public/deal/94/02/0292_7a56.jpg', 'jpg', 'p_phpQSR27F.jpg', 'image', 'jpeg', 37311, '7b8e7a56ee0b9e7bf096607d80d0aa16'),
(659, 657, 'thumb.normal', 'deal', 244, 54, '2011-07-27 18:48:17', '2011-07-27 18:48:17', 1, 'public/deal/95/02/0293_d44a.jpg', 'jpg', 't_phpQSR27F.jpg', 'image', 'jpeg', 6641, '065cd44ab4a72a2e9069215662e1a564'),
(660, NULL, NULL, 'deal', 244, 54, '2011-07-27 18:48:21', '2011-07-27 18:48:21', 1, 'public/deal/96/02/0294_3a53.jpg', 'jpg', 'm_phpGGPrdP.jpg', 'image', 'jpeg', 67360, '1c9c3a53533a7ab1b20bfffa978a3547'),
(661, 660, 'thumb.profile', 'deal', 244, 54, '2011-07-27 18:48:21', '2011-07-27 18:48:21', 1, 'public/deal/97/02/0295_a996.jpg', 'jpg', 'p_phpGGPrdP.jpg', 'image', 'jpeg', 27428, 'a165a996e323683138027fe769aa0d5c'),
(662, 660, 'thumb.normal', 'deal', 244, 54, '2011-07-27 18:48:21', '2011-07-27 18:48:21', 1, 'public/deal/98/02/0296_f6ab.jpg', 'jpg', 't_phpGGPrdP.jpg', 'image', 'jpeg', 7516, 'f654f6ab7a0528de466528f3964dc6fd'),
(663, NULL, NULL, 'deal', 244, 54, '2011-07-27 18:48:21', '2011-07-27 18:48:21', 1, 'public/deal/99/02/0297_1367.jpg', 'jpg', 'm_phpfqh056.jpg', 'image', 'jpeg', 23562, '9a8a1367ee431012d874d2e44415ae46'),
(664, 663, 'thumb.profile', 'deal', 244, 54, '2011-07-27 18:48:21', '2011-07-27 18:48:21', 1, 'public/deal/9a/02/0298_4290.jpg', 'jpg', 'p_phpfqh056.jpg', 'image', 'jpeg', 15517, '2f544290be853dcbfb757f8d10646a93'),
(665, 663, 'thumb.normal', 'deal', 244, 54, '2011-07-27 18:48:21', '2011-07-27 18:48:21', 1, 'public/deal/9b/02/0299_9e8b.jpg', 'jpg', 't_phpfqh056.jpg', 'image', 'jpeg', 3583, '84359e8b11396290e476c592ed903cbd'),
(666, NULL, NULL, 'deal', 244, 54, '2011-07-27 18:48:21', '2011-07-27 18:48:21', 1, 'public/deal/9c/02/029a_90f3.jpg', 'jpg', 'm_phpsAGRaf.jpg', 'image', 'jpeg', 24325, 'c5ed90f3bfaf45e12b40bc6cfa914d08'),
(667, 666, 'thumb.profile', 'deal', 244, 54, '2011-07-27 18:48:21', '2011-07-27 18:48:21', 1, 'public/deal/9d/02/029b_b797.jpg', 'jpg', 'p_phpsAGRaf.jpg', 'image', 'jpeg', 13594, '4cd7b797417fab6a16284a97102ecd88'),
(668, 666, 'thumb.normal', 'deal', 244, 54, '2011-07-27 18:48:21', '2011-07-27 18:48:21', 1, 'public/deal/9e/02/029c_d960.jpg', 'jpg', 't_phpsAGRaf.jpg', 'image', 'jpeg', 3148, '628dd960ec32662aa9d013de63ccb0d6'),
(669, NULL, NULL, 'deal', 244, 54, '2011-07-27 18:48:22', '2011-07-27 18:48:22', 1, 'public/deal/9f/02/029d_1aed.jpg', 'jpg', 'm_phprl5H0u.jpg', 'image', 'jpeg', 18006, '27af1aed2cae964d509731b70ecfd9ff'),
(670, 669, 'thumb.profile', 'deal', 244, 54, '2011-07-27 18:48:22', '2011-07-27 18:48:22', 1, 'public/deal/a0/02/029e_1aed.jpg', 'jpg', 'p_phprl5H0u.jpg', 'image', 'jpeg', 18006, '27af1aed2cae964d509731b70ecfd9ff'),
(671, 669, 'thumb.normal', 'deal', 244, 54, '2011-07-27 18:48:22', '2011-07-27 18:48:22', 1, 'public/deal/a1/02/029f_d245.jpg', 'jpg', 't_phprl5H0u.jpg', 'image', 'jpeg', 4151, '4e1cd245b7f148f6ba48a20d52474736'),
(672, NULL, NULL, 'deal', 244, 54, '2011-07-27 18:48:22', '2011-07-27 18:48:22', 1, 'public/deal/a2/02/02a0_9e2e.jpg', 'jpg', 'm_phpQE8oly.jpg', 'image', 'jpeg', 22476, '8d369e2e7a12c97a770ba87c4d1a19d1'),
(673, 672, 'thumb.profile', 'deal', 244, 54, '2011-07-27 18:48:22', '2011-07-27 18:48:22', 1, 'public/deal/a3/02/02a1_9e2e.jpg', 'jpg', 'p_phpQE8oly.jpg', 'image', 'jpeg', 22476, '8d369e2e7a12c97a770ba87c4d1a19d1'),
(674, 672, 'thumb.normal', 'deal', 244, 54, '2011-07-27 18:48:22', '2011-07-27 18:48:22', 1, 'public/deal/a4/02/02a2_2566.jpg', 'jpg', 't_phpQE8oly.jpg', 'image', 'jpeg', 5517, '2ce62566f9c0359c243c6d4432c0f99f'),
(675, NULL, NULL, 'user', 55, NULL, '2011-07-27 18:59:29', '2011-07-27 18:59:29', 1, 'public/user/a5/02/02a3_f8fa.jpg', 'jpg', 'm_killbill.jpg', 'image', 'jpeg', 8469, '9669f8fabe17a3f99e49dafa325253ef'),
(676, 675, 'thumb.profile', 'user', 55, NULL, '2011-07-27 18:59:29', '2011-07-27 18:59:29', 1, 'public/user/a6/02/02a4_58c4.jpg', 'jpg', 'p_killbill.jpg', 'image', 'jpeg', 7076, 'ebf658c45b18f7cc86064851c14b9176'),
(677, 675, 'thumb.normal', 'user', 55, NULL, '2011-07-27 18:59:29', '2011-07-27 18:59:29', 1, 'public/user/a7/02/02a5_edc7.jpg', 'jpg', 'n_killbill.jpg', 'image', 'jpeg', 1410, '1e70edc70255e848a6a19966b074d14e'),
(678, 675, 'thumb.icon', 'user', 55, NULL, '2011-07-27 18:59:29', '2011-07-27 18:59:29', 1, 'public/user/a8/02/02a6_44b0.jpg', 'jpg', 's_killbill.jpg', 'image', 'jpeg', 1499, '319544b0580d59b213037f6244f17afe'),
(679, NULL, NULL, 'deal', 247, 54, '2011-07-27 19:32:53', '2011-07-27 19:32:53', 1, 'public/deal/a9/02/02a7_9e2e.jpg', 'jpg', 'm_madonna.jpg', 'image', 'jpeg', 22476, '8d369e2e7a12c97a770ba87c4d1a19d1'),
(680, 679, 'thumb.profile', 'deal', 247, 54, '2011-07-27 19:32:53', '2011-07-27 19:32:53', 1, 'public/deal/aa/02/02a8_9e2e.jpg', 'jpg', 'p_madonna.jpg', 'image', 'jpeg', 22476, '8d369e2e7a12c97a770ba87c4d1a19d1'),
(681, 679, 'thumb.normal', 'deal', 247, 54, '2011-07-27 19:32:53', '2011-07-27 19:32:53', 1, 'public/deal/ab/02/02a9_2566.jpg', 'jpg', 'in_madonna.jpg', 'image', 'jpeg', 5517, '2ce62566f9c0359c243c6d4432c0f99f'),
(682, 679, 'thumb.icon', 'deal', 247, 54, '2011-07-27 19:32:53', '2011-07-27 19:32:53', 1, 'public/deal/ac/02/02aa_c3ad.jpg', 'jpg', 'is_madonna.jpg', 'image', 'jpeg', 1581, 'f5a3c3ad6fb89b4f9bf8637f107a87a2'),
(683, NULL, NULL, 'deal', 248, 54, '2011-07-27 20:00:53', '2011-07-27 20:00:53', 1, 'public/deal/ad/02/02ab_a006.jpg', 'jpg', 'm_02.jpg', 'image', 'jpeg', 1876, '0788a0065631b8dbb9a4d3f57e3be392'),
(684, 683, 'thumb.profile', 'deal', 248, 54, '2011-07-27 20:00:53', '2011-07-27 20:00:53', 1, 'public/deal/ae/02/02ac_a006.jpg', 'jpg', 'p_02.jpg', 'image', 'jpeg', 1876, '0788a0065631b8dbb9a4d3f57e3be392'),
(685, 683, 'thumb.normal', 'deal', 248, 54, '2011-07-27 20:00:53', '2011-07-27 20:00:53', 1, 'public/deal/af/02/02ad_a006.jpg', 'jpg', 'in_02.jpg', 'image', 'jpeg', 1876, '0788a0065631b8dbb9a4d3f57e3be392'),
(686, 683, 'thumb.icon', 'deal', 248, 54, '2011-07-27 20:00:53', '2011-07-27 20:00:53', 1, 'public/deal/b0/02/02ae_1eb0.jpg', 'jpg', 'is_02.jpg', 'image', 'jpeg', 1210, '028a1eb082505252b1b8494bb1682101'),
(687, NULL, NULL, 'deal', 250, 54, '2011-07-27 20:48:50', '2011-07-27 20:48:50', 1, 'public/deal/b1/02/02af_77f7.jpg', 'jpg', 'm_943balloncar04_70.jpg', 'image', 'jpeg', 1778, 'eff077f701bff004780600d5a9db3f6f'),
(688, 687, 'thumb.profile', 'deal', 250, 54, '2011-07-27 20:48:50', '2011-07-27 20:48:50', 1, 'public/deal/b2/02/02b0_77f7.jpg', 'jpg', 'p_943balloncar04_70.jpg', 'image', 'jpeg', 1778, 'eff077f701bff004780600d5a9db3f6f'),
(689, 687, 'thumb.normal', 'deal', 250, 54, '2011-07-27 20:48:50', '2011-07-27 20:48:50', 1, 'public/deal/b3/02/02b1_77f7.jpg', 'jpg', 'in_943balloncar04_70.jpg', 'image', 'jpeg', 1778, 'eff077f701bff004780600d5a9db3f6f'),
(690, 687, 'thumb.icon', 'deal', 250, 54, '2011-07-27 20:48:50', '2011-07-27 20:48:50', 1, 'public/deal/b4/02/02b2_50ae.jpg', 'jpg', 'is_943balloncar04_70.jpg', 'image', 'jpeg', 1327, 'dab350ae3fe2f6dfe5399b6a676f2468'),
(691, NULL, NULL, 'deal', 251, 54, '2011-07-27 21:09:22', '2011-07-27 21:09:22', 1, 'public/deal/b5/02/02b3_e3be.jpg', 'jpg', 'm_031010trangphucava_70.jpg', 'image', 'jpeg', 2350, 'e099e3be848ccfc78cbabc0d80a10769'),
(692, 691, 'thumb.profile', 'deal', 251, 54, '2011-07-27 21:09:22', '2011-07-27 21:09:22', 1, 'public/deal/b6/02/02b4_e3be.jpg', 'jpg', 'p_031010trangphucava_70.jpg', 'image', 'jpeg', 2350, 'e099e3be848ccfc78cbabc0d80a10769'),
(693, 691, 'thumb.normal', 'deal', 251, 54, '2011-07-27 21:09:22', '2011-07-27 21:09:22', 1, 'public/deal/b7/02/02b5_e3be.jpg', 'jpg', 'in_031010trangphucava_70.jpg', 'image', 'jpeg', 2350, 'e099e3be848ccfc78cbabc0d80a10769'),
(694, 691, 'thumb.icon', 'deal', 251, 54, '2011-07-27 21:09:22', '2011-07-27 21:09:22', 1, 'public/deal/b8/02/02b6_0c88.jpg', 'jpg', 'is_031010trangphucava_70.jpg', 'image', 'jpeg', 1568, '21ce0c88567d2bbab3b6a70b3e3cfa6b'),
(695, NULL, NULL, 'deal', 251, 54, '2011-07-27 21:09:38', '2011-07-27 21:09:38', 1, 'public/deal/b9/02/02b7_3b10.jpg', 'jpg', 'm_phprTsstC.jpg', 'image', 'jpeg', 65930, 'a6e63b10998dea2f25f0fef733a803b2'),
(696, 695, 'thumb.profile', 'deal', 251, 54, '2011-07-27 21:09:38', '2011-07-27 21:09:38', 1, 'public/deal/ba/02/02b8_bd0d.jpg', 'jpg', 'p_phprTsstC.jpg', 'image', 'jpeg', 26243, '0bdcbd0d6a7221b62cba074235e16b61'),
(697, 695, 'thumb.normal', 'deal', 251, 54, '2011-07-27 21:09:38', '2011-07-27 21:09:38', 1, 'public/deal/bb/02/02b9_82ed.jpg', 'jpg', 't_phprTsstC.jpg', 'image', 'jpeg', 6858, '6bd282ed83748ffd27e27c18aab1c55e'),
(698, NULL, NULL, 'deal', 251, 54, '2011-07-27 21:09:39', '2011-07-27 21:09:39', 1, 'public/deal/bc/02/02ba_10d9.jpg', 'jpg', 'm_phpPdUYqh.jpg', 'image', 'jpeg', 58100, '5f6810d9fd152724ddad184223ab9787'),
(699, 698, 'thumb.profile', 'deal', 251, 54, '2011-07-27 21:09:39', '2011-07-27 21:09:39', 1, 'public/deal/bd/02/02bb_1e36.jpg', 'jpg', 'p_phpPdUYqh.jpg', 'image', 'jpeg', 19586, '4e801e362783bfbf0004195787a254a2'),
(700, 698, 'thumb.normal', 'deal', 251, 54, '2011-07-27 21:09:39', '2011-07-27 21:09:39', 1, 'public/deal/be/02/02bc_25d2.jpg', 'jpg', 't_phpPdUYqh.jpg', 'image', 'jpeg', 4502, '2e0c25d2f330139ca2b544304117c3ae'),
(701, NULL, NULL, 'deal', 251, 54, '2011-07-27 21:09:40', '2011-07-27 21:09:40', 1, 'public/deal/bf/02/02bd_b020.jpg', 'jpg', 'm_php5XKQLU.jpg', 'image', 'jpeg', 50446, '20a2b02090bc18d636d7916e759bc9f5'),
(702, 701, 'thumb.profile', 'deal', 251, 54, '2011-07-27 21:09:40', '2011-07-27 21:09:40', 1, 'public/deal/c0/02/02be_996a.jpg', 'jpg', 'p_php5XKQLU.jpg', 'image', 'jpeg', 20653, 'dfb0996a62bf20b2f7b5573f21062327'),
(703, 701, 'thumb.normal', 'deal', 251, 54, '2011-07-27 21:09:40', '2011-07-27 21:09:40', 1, 'public/deal/c1/02/02bf_1562.jpg', 'jpg', 't_php5XKQLU.jpg', 'image', 'jpeg', 5548, 'd2db1562b6c97f4a6368b010b6f9cccf'),
(704, NULL, NULL, 'deal', 252, 54, '2011-07-27 21:13:16', '2011-07-27 21:13:16', 1, 'public/deal/c2/02/02c0_fb24.jpg', 'jpg', 'm_41cchalkpic4_70.jpg', 'image', 'jpeg', 1469, '2f5cfb24a53bd3148ba604cb6faa5440'),
(705, 704, 'thumb.profile', 'deal', 252, 54, '2011-07-27 21:13:16', '2011-07-27 21:13:16', 1, 'public/deal/c3/02/02c1_fb24.jpg', 'jpg', 'p_41cchalkpic4_70.jpg', 'image', 'jpeg', 1469, '2f5cfb24a53bd3148ba604cb6faa5440'),
(706, 704, 'thumb.normal', 'deal', 252, 54, '2011-07-27 21:13:16', '2011-07-27 21:13:16', 1, 'public/deal/c4/02/02c2_fb24.jpg', 'jpg', 'in_41cchalkpic4_70.jpg', 'image', 'jpeg', 1469, '2f5cfb24a53bd3148ba604cb6faa5440'),
(707, 704, 'thumb.icon', 'deal', 252, 54, '2011-07-27 21:13:16', '2011-07-27 21:13:16', 1, 'public/deal/c5/02/02c3_5d44.jpg', 'jpg', 'is_41cchalkpic4_70.jpg', 'image', 'jpeg', 1078, 'b66e5d445363bdff6ac656697d1c371c'),
(708, NULL, NULL, 'deal', 253, 54, '2011-07-27 21:45:50', '2011-07-27 21:45:50', 1, 'public/deal/c6/02/02c4_eedb.jpg', 'jpg', 'm_04102010avaHanoi_70.jpg', 'image', 'jpeg', 1782, '5993eedb9b5645555137c794c2f38cd3'),
(709, 708, 'thumb.profile', 'deal', 253, 54, '2011-07-27 21:45:50', '2011-07-27 21:45:50', 1, 'public/deal/c7/02/02c5_eedb.jpg', 'jpg', 'p_04102010avaHanoi_70.jpg', 'image', 'jpeg', 1782, '5993eedb9b5645555137c794c2f38cd3'),
(710, 708, 'thumb.normal', 'deal', 253, 54, '2011-07-27 21:45:50', '2011-07-27 21:45:50', 1, 'public/deal/c8/02/02c6_eedb.jpg', 'jpg', 'in_04102010avaHanoi_70.jpg', 'image', 'jpeg', 1782, '5993eedb9b5645555137c794c2f38cd3'),
(711, 708, 'thumb.icon', 'deal', 253, 54, '2011-07-27 21:45:50', '2011-07-27 21:45:50', 1, 'public/deal/c9/02/02c7_40f4.jpg', 'jpg', 'is_04102010avaHanoi_70.jpg', 'image', 'jpeg', 1273, 'f17240f4644094be6f841d08c1582042'),
(712, NULL, NULL, 'deal', 254, 54, '2011-07-27 21:55:45', '2011-07-27 21:55:45', 1, 'public/deal/ca/02/02c8_fbf0.jpg', 'jpg', 'm_0210201003mountain.jpg', 'image', 'jpeg', 21340, 'd0d2fbf02d4f24da82907a700ad6c4d0'),
(713, 712, 'thumb.profile', 'deal', 254, 54, '2011-07-27 21:55:45', '2011-07-27 21:55:45', 1, 'public/deal/cb/02/02c9_3041.jpg', 'jpg', 'p_0210201003mountain.jpg', 'image', 'jpeg', 12162, 'a1ef30410557b12783ae9b6820a441d0'),
(714, 712, 'thumb.normal', 'deal', 254, 54, '2011-07-27 21:55:45', '2011-07-27 21:55:45', 1, 'public/deal/cc/02/02ca_ca4c.jpg', 'jpg', 'in_0210201003mountain.jpg', 'image', 'jpeg', 3638, 'bdc9ca4c807dbaa719d2e307c2ffaee3'),
(715, 712, 'thumb.icon', 'deal', 254, 54, '2011-07-27 21:55:45', '2011-07-27 21:55:45', 1, 'public/deal/cd/02/02cb_9155.jpg', 'jpg', 'is_0210201003mountain.jpg', 'image', 'jpeg', 1195, 'db569155c4a83162d1d8a58b9e123193'),
(716, NULL, NULL, 'user', 57, NULL, '2011-07-28 12:56:58', '2011-07-28 12:56:58', 1, 'public/user/ce/02/02cc_fc3c.jpg', 'jpg', 'm_retro_blue_background.jpg', 'image', 'jpeg', 50676, 'bcd4fc3c0879c6333fa5b675f338e384'),
(717, 716, 'thumb.profile', 'user', 57, NULL, '2011-07-28 12:56:58', '2011-07-28 12:56:58', 1, 'public/user/cf/02/02cd_8c7d.jpg', 'jpg', 'p_retro_blue_background.jpg', 'image', 'jpeg', 12100, '8c858c7d4be2a12e4e58dc6259d90f05'),
(718, 716, 'thumb.normal', 'user', 57, NULL, '2011-07-28 12:56:58', '2011-07-28 12:56:58', 1, 'public/user/d0/02/02ce_def0.jpg', 'jpg', 'n_retro_blue_background.jpg', 'image', 'jpeg', 1488, '3b0bdef062faab2207f77b1f48aa8ee3'),
(719, 716, 'thumb.icon', 'user', 57, NULL, '2011-07-28 12:56:58', '2011-07-28 12:56:58', 1, 'public/user/d1/02/02cf_def0.jpg', 'jpg', 's_retro_blue_background.jpg', 'image', 'jpeg', 1488, '3b0bdef062faab2207f77b1f48aa8ee3'),
(720, NULL, NULL, 'deal', 256, 54, '2011-07-28 14:42:44', '2011-07-28 14:42:44', 1, 'public/deal/d2/02/02d0_7126.jpg', 'jpg', 'm_phpnRCdo6.jpg', 'image', 'jpeg', 47866, '9ef07126bb782511f217fcaa7e47a902'),
(721, 720, 'thumb.profile', 'deal', 256, 54, '2011-07-28 14:42:44', '2011-07-28 14:42:44', 1, 'public/deal/d3/02/02d1_229a.jpg', 'jpg', 'p_phpnRCdo6.jpg', 'image', 'jpeg', 17458, 'b7a9229af9614c3d5ab67d008e0f4410'),
(722, 720, 'thumb.normal', 'deal', 256, 54, '2011-07-28 14:42:44', '2011-07-28 14:42:44', 1, 'public/deal/d4/02/02d2_61e4.jpg', 'jpg', 't_phpnRCdo6.jpg', 'image', 'jpeg', 4281, 'c85761e4b7accf4e0c8d714c48c18a3c'),
(723, NULL, NULL, 'deal', 256, 54, '2011-07-28 14:42:46', '2011-07-28 14:42:46', 1, 'public/deal/d5/02/02d3_b7da.jpg', 'jpg', 'm_phpgDS76O.jpg', 'image', 'jpeg', 53229, 'b6feb7da4747a1ff78302fb06baeaa05'),
(724, 723, 'thumb.profile', 'deal', 256, 54, '2011-07-28 14:42:46', '2011-07-28 14:42:46', 1, 'public/deal/d6/02/02d4_327c.jpg', 'jpg', 'p_phpgDS76O.jpg', 'image', 'jpeg', 19884, '7fb2327c0154ba3fa4c6d14053fa8586'),
(725, 723, 'thumb.normal', 'deal', 256, 54, '2011-07-28 14:42:46', '2011-07-28 14:42:46', 1, 'public/deal/d7/02/02d5_982a.jpg', 'jpg', 't_phpgDS76O.jpg', 'image', 'jpeg', 5547, '0855982ac19643a58a0d62dedc50baf4'),
(726, NULL, NULL, 'deal', 256, 54, '2011-07-28 14:42:47', '2011-07-28 14:42:47', 1, 'public/deal/d8/02/02d6_0211.jpg', 'jpg', 'm_php8KBRIb.jpg', 'image', 'jpeg', 50740, '2d9f0211bc35850815c497ae515db552'),
(727, 726, 'thumb.profile', 'deal', 256, 54, '2011-07-28 14:42:47', '2011-07-28 14:42:47', 1, 'public/deal/d9/02/02d7_67b2.jpg', 'jpg', 'p_php8KBRIb.jpg', 'image', 'jpeg', 22249, '1d9a67b2a940848b6fc7b29586575231'),
(728, 726, 'thumb.normal', 'deal', 256, 54, '2011-07-28 14:42:47', '2011-07-28 14:42:47', 1, 'public/deal/da/02/02d8_927a.jpg', 'jpg', 't_php8KBRIb.jpg', 'image', 'jpeg', 6449, '9eb6927a31eb8333ded62c49d3cbd37c'),
(729, NULL, NULL, 'deal', 257, 1, '2011-07-28 15:03:31', '2011-07-28 15:03:31', 1, 'public/deal/db/02/02d9_dbc7.jpg', 'jpg', 'm_phpAoCH6P.jpg', 'image', 'jpeg', 30617, 'f6d0dbc709c6b42bddf45f23a0ba8a42'),
(730, 729, 'thumb.profile', 'deal', 257, 1, '2011-07-28 15:03:31', '2011-07-28 15:03:31', 1, 'public/deal/dc/02/02da_12bb.jpg', 'jpg', 'p_phpAoCH6P.jpg', 'image', 'jpeg', 12596, '5b8612bb9e5b1bdfd3182534ec355fd0'),
(731, 729, 'thumb.normal', 'deal', 257, 1, '2011-07-28 15:03:31', '2011-07-28 15:03:31', 1, 'public/deal/dd/02/02db_4cc8.jpg', 'jpg', 't_phpAoCH6P.jpg', 'image', 'jpeg', 3249, 'e8c04cc8ac829fd0b235c2c30be3aa6c'),
(732, NULL, NULL, 'deal', 257, 1, '2011-07-28 15:03:32', '2011-07-28 15:03:32', 1, 'public/deal/de/02/02dc_12b0.jpg', 'jpg', 'm_phpjQKT0F.jpg', 'image', 'jpeg', 32390, 'cc0712b0739b037f4e5d984c281b3f42'),
(733, 732, 'thumb.profile', 'deal', 257, 1, '2011-07-28 15:03:32', '2011-07-28 15:03:32', 1, 'public/deal/df/02/02dd_34b0.jpg', 'jpg', 'p_phpjQKT0F.jpg', 'image', 'jpeg', 17760, 'b04834b0d2ba62a0963c1902792ae43b'),
(734, 732, 'thumb.normal', 'deal', 257, 1, '2011-07-28 15:03:32', '2011-07-28 15:03:32', 1, 'public/deal/e0/02/02de_d223.jpg', 'jpg', 't_phpjQKT0F.jpg', 'image', 'jpeg', 3414, 'e21dd2237b90489a2050cabb600580b6'),
(735, NULL, NULL, 'deal', 257, 1, '2011-07-28 15:03:32', '2011-07-28 15:03:32', 1, 'public/deal/e1/02/02df_a685.jpg', 'jpg', 'm_phpYBsUNk.jpg', 'image', 'jpeg', 27440, '5ae6a68532997e36bef5a22a501ffc1b'),
(736, 735, 'thumb.profile', 'deal', 257, 1, '2011-07-28 15:03:32', '2011-07-28 15:03:32', 1, 'public/deal/e2/02/02e0_e753.jpg', 'jpg', 'p_phpYBsUNk.jpg', 'image', 'jpeg', 15548, '88a5e7538c18a399c133b0c969015eb1'),
(737, 735, 'thumb.normal', 'deal', 257, 1, '2011-07-28 15:03:32', '2011-07-28 15:03:32', 1, 'public/deal/e3/02/02e1_b84b.jpg', 'jpg', 't_phpYBsUNk.jpg', 'image', 'jpeg', 4810, '9a19b84b077d8f835ce96911cd20f2b0');
INSERT INTO `engine4_storage_files` (`file_id`, `parent_file_id`, `type`, `parent_type`, `parent_id`, `user_id`, `creation_date`, `modified_date`, `service_id`, `storage_path`, `extension`, `name`, `mime_major`, `mime_minor`, `size`, `hash`) VALUES
(738, NULL, NULL, 'deal', 257, 1, '2011-07-28 15:03:33', '2011-07-28 15:03:33', 1, 'public/deal/e4/02/02e2_3b00.jpg', 'jpg', 'm_phpDonpwX.jpg', 'image', 'jpeg', 29390, 'f3ac3b00fa2d54ac98f2411ce6edb15e'),
(739, 738, 'thumb.profile', 'deal', 257, 1, '2011-07-28 15:03:33', '2011-07-28 15:03:33', 1, 'public/deal/e5/02/02e3_3ebf.jpg', 'jpg', 'p_phpDonpwX.jpg', 'image', 'jpeg', 13903, '30013ebf75d306be37b706b2b5a6f084'),
(740, 738, 'thumb.normal', 'deal', 257, 1, '2011-07-28 15:03:33', '2011-07-28 15:03:33', 1, 'public/deal/e6/02/02e4_7dda.jpg', 'jpg', 't_phpDonpwX.jpg', 'image', 'jpeg', 3753, 'c7c47dda013ae9b482a5dc1d68ba0feb'),
(741, NULL, NULL, 'deal', 259, 54, '2011-07-28 18:22:26', '2011-07-28 18:22:26', 1, 'public/deal/e7/02/02e5_3b10.jpg', 'jpg', 'm_phpkZSXgf.jpg', 'image', 'jpeg', 65930, 'a6e63b10998dea2f25f0fef733a803b2'),
(742, 741, 'thumb.profile', 'deal', 259, 54, '2011-07-28 18:22:26', '2011-07-28 18:22:26', 1, 'public/deal/e8/02/02e6_bd0d.jpg', 'jpg', 'p_phpkZSXgf.jpg', 'image', 'jpeg', 26243, '0bdcbd0d6a7221b62cba074235e16b61'),
(743, 741, 'thumb.normal', 'deal', 259, 54, '2011-07-28 18:22:26', '2011-07-28 18:22:26', 1, 'public/deal/e9/02/02e7_82ed.jpg', 'jpg', 't_phpkZSXgf.jpg', 'image', 'jpeg', 6858, '6bd282ed83748ffd27e27c18aab1c55e'),
(744, NULL, NULL, 'deal', 259, 54, '2011-07-28 18:22:27', '2011-07-28 18:22:27', 1, 'public/deal/ea/02/02e8_10d9.jpg', 'jpg', 'm_phpGmptet.jpg', 'image', 'jpeg', 58100, '5f6810d9fd152724ddad184223ab9787'),
(745, 744, 'thumb.profile', 'deal', 259, 54, '2011-07-28 18:22:27', '2011-07-28 18:22:27', 1, 'public/deal/eb/02/02e9_1e36.jpg', 'jpg', 'p_phpGmptet.jpg', 'image', 'jpeg', 19586, '4e801e362783bfbf0004195787a254a2'),
(746, 744, 'thumb.normal', 'deal', 259, 54, '2011-07-28 18:22:27', '2011-07-28 18:22:27', 1, 'public/deal/ec/02/02ea_25d2.jpg', 'jpg', 't_phpGmptet.jpg', 'image', 'jpeg', 4502, '2e0c25d2f330139ca2b544304117c3ae'),
(747, NULL, NULL, 'deal', 259, 54, '2011-07-28 18:22:29', '2011-07-28 18:22:29', 1, 'public/deal/ed/02/02eb_b020.jpg', 'jpg', 'm_phpkkXCaZ.jpg', 'image', 'jpeg', 50446, '20a2b02090bc18d636d7916e759bc9f5'),
(748, 747, 'thumb.profile', 'deal', 259, 54, '2011-07-28 18:22:29', '2011-07-28 18:22:29', 1, 'public/deal/ee/02/02ec_996a.jpg', 'jpg', 'p_phpkkXCaZ.jpg', 'image', 'jpeg', 20653, 'dfb0996a62bf20b2f7b5573f21062327'),
(749, 747, 'thumb.normal', 'deal', 259, 54, '2011-07-28 18:22:29', '2011-07-28 18:22:29', 1, 'public/deal/ef/02/02ed_1562.jpg', 'jpg', 't_phpkkXCaZ.jpg', 'image', 'jpeg', 5548, 'd2db1562b6c97f4a6368b010b6f9cccf'),
(750, NULL, NULL, 'deal', 259, 54, '2011-07-28 18:22:30', '2011-07-28 18:22:30', 1, 'public/deal/f0/02/02ee_a08a.jpg', 'jpg', 'm_phpNdKwiq.jpg', 'image', 'jpeg', 33147, '9a5ca08ad30007b9cc152fce6a16a069'),
(751, 750, 'thumb.profile', 'deal', 259, 54, '2011-07-28 18:22:30', '2011-07-28 18:22:30', 1, 'public/deal/f1/02/02ef_05f7.jpg', 'jpg', 'p_phpNdKwiq.jpg', 'image', 'jpeg', 13425, '2d4b05f7fdc3d4ca22a4306f23709ced'),
(752, 750, 'thumb.normal', 'deal', 259, 54, '2011-07-28 18:22:30', '2011-07-28 18:22:30', 1, 'public/deal/f2/02/02f0_638f.jpg', 'jpg', 't_phpNdKwiq.jpg', 'image', 'jpeg', 3774, '30e1638f79601de2f76faa5ec3f60172'),
(753, NULL, NULL, 'deal', 259, 54, '2011-07-28 18:22:31', '2011-07-28 18:22:31', 1, 'public/deal/f3/02/02f1_0cb4.jpg', 'jpg', 'm_phptVe53f.jpg', 'image', 'jpeg', 73308, '7cfd0cb4852b252526da8401a59656b9'),
(754, 753, 'thumb.profile', 'deal', 259, 54, '2011-07-28 18:22:31', '2011-07-28 18:22:31', 1, 'public/deal/f4/02/02f2_7211.jpg', 'jpg', 'p_phptVe53f.jpg', 'image', 'jpeg', 26947, '598472116ae821f8c8bf65a44d68b14e'),
(755, 753, 'thumb.normal', 'deal', 259, 54, '2011-07-28 18:22:31', '2011-07-28 18:22:31', 1, 'public/deal/f5/02/02f3_855a.jpg', 'jpg', 't_phptVe53f.jpg', 'image', 'jpeg', 6382, '456d855a88d7bc66cb11e7af51a00867'),
(756, NULL, NULL, 'deal', 259, 54, '2011-07-28 18:22:33', '2011-07-28 18:22:33', 1, 'public/deal/f6/02/02f4_7126.jpg', 'jpg', 'm_phpBRjSo4.jpg', 'image', 'jpeg', 47866, '9ef07126bb782511f217fcaa7e47a902'),
(757, 756, 'thumb.profile', 'deal', 259, 54, '2011-07-28 18:22:33', '2011-07-28 18:22:33', 1, 'public/deal/f7/02/02f5_229a.jpg', 'jpg', 'p_phpBRjSo4.jpg', 'image', 'jpeg', 17458, 'b7a9229af9614c3d5ab67d008e0f4410'),
(758, 756, 'thumb.normal', 'deal', 259, 54, '2011-07-28 18:22:33', '2011-07-28 18:22:33', 1, 'public/deal/f8/02/02f6_61e4.jpg', 'jpg', 't_phpBRjSo4.jpg', 'image', 'jpeg', 4281, 'c85761e4b7accf4e0c8d714c48c18a3c'),
(759, NULL, NULL, 'deal', 259, 54, '2011-07-28 18:22:34', '2011-07-28 18:22:34', 1, 'public/deal/f9/02/02f7_b7da.jpg', 'jpg', 'm_phpniJJSp.jpg', 'image', 'jpeg', 53229, 'b6feb7da4747a1ff78302fb06baeaa05'),
(760, 759, 'thumb.profile', 'deal', 259, 54, '2011-07-28 18:22:34', '2011-07-28 18:22:34', 1, 'public/deal/fa/02/02f8_327c.jpg', 'jpg', 'p_phpniJJSp.jpg', 'image', 'jpeg', 19884, '7fb2327c0154ba3fa4c6d14053fa8586'),
(761, 759, 'thumb.normal', 'deal', 259, 54, '2011-07-28 18:22:34', '2011-07-28 18:22:34', 1, 'public/deal/fb/02/02f9_982a.jpg', 'jpg', 't_phpniJJSp.jpg', 'image', 'jpeg', 5547, '0855982ac19643a58a0d62dedc50baf4'),
(762, NULL, NULL, 'deal', 259, 54, '2011-07-28 18:22:35', '2011-07-28 18:22:35', 1, 'public/deal/fc/02/02fa_0211.jpg', 'jpg', 'm_phptDccTZ.jpg', 'image', 'jpeg', 50740, '2d9f0211bc35850815c497ae515db552'),
(763, 762, 'thumb.profile', 'deal', 259, 54, '2011-07-28 18:22:35', '2011-07-28 18:22:35', 1, 'public/deal/fd/02/02fb_67b2.jpg', 'jpg', 'p_phptDccTZ.jpg', 'image', 'jpeg', 22249, '1d9a67b2a940848b6fc7b29586575231'),
(764, 762, 'thumb.normal', 'deal', 259, 54, '2011-07-28 18:22:35', '2011-07-28 18:22:35', 1, 'public/deal/fe/02/02fc_927a.jpg', 'jpg', 't_phptDccTZ.jpg', 'image', 'jpeg', 6449, '9eb6927a31eb8333ded62c49d3cbd37c'),
(765, NULL, NULL, 'deal', 260, 54, '2011-07-29 13:42:14', '2011-07-29 13:42:14', 1, 'public/deal/00/03/02fd_3b10.jpg', 'jpg', 'm_Chrysanthemum.jpg', 'image', 'jpeg', 65930, 'a6e63b10998dea2f25f0fef733a803b2'),
(766, 765, 'thumb.profile', 'deal', 260, 54, '2011-07-29 13:42:14', '2011-07-29 13:42:14', 1, 'public/deal/01/03/02fe_bd0d.jpg', 'jpg', 'p_Chrysanthemum.jpg', 'image', 'jpeg', 26243, '0bdcbd0d6a7221b62cba074235e16b61'),
(767, 765, 'thumb.normal', 'deal', 260, 54, '2011-07-29 13:42:14', '2011-07-29 13:42:14', 1, 'public/deal/02/03/02ff_82ed.jpg', 'jpg', 'in_Chrysanthemum.jpg', 'image', 'jpeg', 6858, '6bd282ed83748ffd27e27c18aab1c55e'),
(768, 765, 'thumb.icon', 'deal', 260, 54, '2011-07-29 13:42:14', '2011-07-29 13:42:14', 1, 'public/deal/03/03/0300_bdd9.jpg', 'jpg', 'is_Chrysanthemum.jpg', 'image', 'jpeg', 1434, '14f5bdd94935ac35ca94d2a7738238fc'),
(769, NULL, NULL, 'deal', 261, 1, '2011-07-29 15:26:17', '2011-07-29 15:26:17', 1, 'public/deal/04/03/0301_ae89.jpg', 'jpg', 'm_Brewery-Lane3_grid_6.jpg', 'image', 'jpeg', 18126, 'c467ae8907b731093b81a35faf60c28e'),
(770, 769, 'thumb.profile', 'deal', 261, 1, '2011-07-29 15:26:17', '2011-07-29 15:26:17', 1, 'public/deal/05/03/0302_e24e.jpg', 'jpg', 'p_Brewery-Lane3_grid_6.jpg', 'image', 'jpeg', 14307, 'd7f2e24e2ad853fb7bd9deba4a51dcf5'),
(771, 769, 'thumb.normal', 'deal', 261, 1, '2011-07-29 15:26:17', '2011-07-29 15:26:17', 1, 'public/deal/06/03/0303_6b93.jpg', 'jpg', 'in_Brewery-Lane3_grid_6.jpg', 'image', 'jpeg', 4319, 'a5e46b9378f7a103f0612560975c1301'),
(772, 769, 'thumb.icon', 'deal', 261, 1, '2011-07-29 15:26:17', '2011-07-29 15:26:17', 1, 'public/deal/07/03/0304_1394.jpg', 'jpg', 'is_Brewery-Lane3_grid_6.jpg', 'image', 'jpeg', 1292, '0ff91394ea3f5425d5ad782be067c389'),
(773, NULL, NULL, 'deal', 262, 54, '2011-07-29 15:37:25', '2011-07-29 15:37:25', 1, 'public/deal/08/03/0305_b020.jpg', 'jpg', 'm_Hydrangeas.jpg', 'image', 'jpeg', 50446, '20a2b02090bc18d636d7916e759bc9f5'),
(774, 773, 'thumb.profile', 'deal', 262, 54, '2011-07-29 15:37:25', '2011-07-29 15:37:25', 1, 'public/deal/09/03/0306_996a.jpg', 'jpg', 'p_Hydrangeas.jpg', 'image', 'jpeg', 20653, 'dfb0996a62bf20b2f7b5573f21062327'),
(775, 773, 'thumb.normal', 'deal', 262, 54, '2011-07-29 15:37:25', '2011-07-29 15:37:25', 1, 'public/deal/0a/03/0307_1562.jpg', 'jpg', 'in_Hydrangeas.jpg', 'image', 'jpeg', 5548, 'd2db1562b6c97f4a6368b010b6f9cccf'),
(776, 773, 'thumb.icon', 'deal', 262, 54, '2011-07-29 15:37:25', '2011-07-29 15:37:25', 1, 'public/deal/0b/03/0308_45a5.jpg', 'jpg', 'is_Hydrangeas.jpg', 'image', 'jpeg', 1384, 'c15745a5fa733846545038d16bd20a15'),
(777, NULL, NULL, 'user', 59, NULL, '2011-07-29 15:48:28', '2011-07-29 15:48:28', 1, 'public/user/0c/03/0309_b7da.jpg', 'jpg', 'm_Penguins.jpg', 'image', 'jpeg', 53229, 'b6feb7da4747a1ff78302fb06baeaa05'),
(778, 777, 'thumb.profile', 'user', 59, NULL, '2011-07-29 15:48:28', '2011-07-29 15:48:28', 1, 'public/user/0d/03/030a_001c.jpg', 'jpg', 'p_Penguins.jpg', 'image', 'jpeg', 6852, 'e302001ca6cef2842abc7981a7aa2f16'),
(779, 777, 'thumb.normal', 'user', 59, NULL, '2011-07-29 15:48:28', '2011-07-29 15:48:28', 1, 'public/user/0e/03/030b_4edf.jpg', 'jpg', 'n_Penguins.jpg', 'image', 'jpeg', 1373, '49b24edf019aac691e976f0d9377b64f'),
(780, 777, 'thumb.icon', 'user', 59, NULL, '2011-07-29 15:48:28', '2011-07-29 15:48:28', 1, 'public/user/0f/03/030c_0955.jpg', 'jpg', 's_Penguins.jpg', 'image', 'jpeg', 1591, '0a60095560eadd0e15b76414fabe39d0'),
(781, NULL, NULL, 'deal', 263, 59, '2011-07-29 15:59:48', '2011-07-29 15:59:48', 1, 'public/deal/10/03/030d_0cb4.jpg', 'jpg', 'm_Koala.jpg', 'image', 'jpeg', 73308, '7cfd0cb4852b252526da8401a59656b9'),
(782, 781, 'thumb.profile', 'deal', 263, 59, '2011-07-29 15:59:48', '2011-07-29 15:59:48', 1, 'public/deal/11/03/030e_7211.jpg', 'jpg', 'p_Koala.jpg', 'image', 'jpeg', 26947, '598472116ae821f8c8bf65a44d68b14e'),
(783, 781, 'thumb.normal', 'deal', 263, 59, '2011-07-29 15:59:48', '2011-07-29 15:59:48', 1, 'public/deal/12/03/030f_855a.jpg', 'jpg', 'in_Koala.jpg', 'image', 'jpeg', 6382, '456d855a88d7bc66cb11e7af51a00867'),
(784, 781, 'thumb.icon', 'deal', 263, 59, '2011-07-29 15:59:48', '2011-07-29 15:59:48', 1, 'public/deal/13/03/0310_fb77.jpg', 'jpg', 'is_Koala.jpg', 'image', 'jpeg', 1445, 'cc11fb77379f188ca5f930e068127fea'),
(785, NULL, NULL, 'deal', 264, 1, '2011-07-29 19:11:39', '2011-07-29 19:11:39', 1, 'public/deal/14/03/0311_b020.jpg', 'jpg', 'm_Hydrangeas.jpg', 'image', 'jpeg', 50446, '20a2b02090bc18d636d7916e759bc9f5'),
(786, 785, 'thumb.profile', 'deal', 264, 1, '2011-07-29 19:11:39', '2011-07-29 19:11:39', 1, 'public/deal/15/03/0312_996a.jpg', 'jpg', 'p_Hydrangeas.jpg', 'image', 'jpeg', 20653, 'dfb0996a62bf20b2f7b5573f21062327'),
(787, 785, 'thumb.normal', 'deal', 264, 1, '2011-07-29 19:11:39', '2011-07-29 19:11:39', 1, 'public/deal/16/03/0313_1562.jpg', 'jpg', 'in_Hydrangeas.jpg', 'image', 'jpeg', 5548, 'd2db1562b6c97f4a6368b010b6f9cccf'),
(788, 785, 'thumb.icon', 'deal', 264, 1, '2011-07-29 19:11:39', '2011-07-29 19:11:39', 1, 'public/deal/17/03/0314_45a5.jpg', 'jpg', 'is_Hydrangeas.jpg', 'image', 'jpeg', 1384, 'c15745a5fa733846545038d16bd20a15'),
(789, NULL, NULL, 'deal', 265, 59, '2011-07-29 21:13:56', '2011-07-29 21:13:56', 1, 'public/deal/18/03/0315_3b10.jpg', 'jpg', 'm_Chrysanthemum.jpg', 'image', 'jpeg', 65930, 'a6e63b10998dea2f25f0fef733a803b2'),
(790, 789, 'thumb.profile', 'deal', 265, 59, '2011-07-29 21:13:56', '2011-07-29 21:13:56', 1, 'public/deal/19/03/0316_bd0d.jpg', 'jpg', 'p_Chrysanthemum.jpg', 'image', 'jpeg', 26243, '0bdcbd0d6a7221b62cba074235e16b61'),
(791, 789, 'thumb.normal', 'deal', 265, 59, '2011-07-29 21:13:56', '2011-07-29 21:13:56', 1, 'public/deal/1a/03/0317_82ed.jpg', 'jpg', 'in_Chrysanthemum.jpg', 'image', 'jpeg', 6858, '6bd282ed83748ffd27e27c18aab1c55e'),
(792, 789, 'thumb.icon', 'deal', 265, 59, '2011-07-29 21:13:56', '2011-07-29 21:13:56', 1, 'public/deal/1b/03/0318_bdd9.jpg', 'jpg', 'is_Chrysanthemum.jpg', 'image', 'jpeg', 1434, '14f5bdd94935ac35ca94d2a7738238fc'),
(793, NULL, NULL, 'deal', 266, 54, '2011-07-29 21:37:35', '2011-07-29 21:37:35', 1, 'public/deal/1c/03/0319_9ce8.jpg', 'jpg', 'm_abba.jpg', 'image', 'jpeg', 26081, 'bb2c9ce8083bc55d35c501a8f644ae71'),
(794, 793, 'thumb.profile', 'deal', 266, 54, '2011-07-29 21:37:35', '2011-07-29 21:37:35', 1, 'public/deal/1d/03/031a_286c.jpg', 'jpg', 'p_abba.jpg', 'image', 'jpeg', 19416, 'da55286c413c8e4ba0082d6bc57ea8cb'),
(795, 793, 'thumb.normal', 'deal', 266, 54, '2011-07-29 21:37:35', '2011-07-29 21:37:35', 1, 'public/deal/1e/03/031b_4052.jpg', 'jpg', 'in_abba.jpg', 'image', 'jpeg', 4625, '1c3540526d3142accb55cca104953275'),
(796, 793, 'thumb.icon', 'deal', 266, 54, '2011-07-29 21:37:35', '2011-07-29 21:37:35', 1, 'public/deal/1f/03/031c_a688.jpg', 'jpg', 'is_abba.jpg', 'image', 'jpeg', 1417, '5818a688a8571d560be1b38571c2483e'),
(797, NULL, NULL, 'deal', 266, 54, '2011-07-29 21:37:46', '2011-07-29 21:37:46', 1, 'public/deal/20/03/031d_90f3.jpg', 'jpg', 'm_phpauOLH2.jpg', 'image', 'jpeg', 24325, 'c5ed90f3bfaf45e12b40bc6cfa914d08'),
(798, 797, 'thumb.profile', 'deal', 266, 54, '2011-07-29 21:37:46', '2011-07-29 21:37:46', 1, 'public/deal/21/03/031e_b797.jpg', 'jpg', 'p_phpauOLH2.jpg', 'image', 'jpeg', 13594, '4cd7b797417fab6a16284a97102ecd88'),
(799, 797, 'thumb.normal', 'deal', 266, 54, '2011-07-29 21:37:46', '2011-07-29 21:37:46', 1, 'public/deal/22/03/031f_d960.jpg', 'jpg', 't_phpauOLH2.jpg', 'image', 'jpeg', 3148, '628dd960ec32662aa9d013de63ccb0d6'),
(800, NULL, NULL, 'deal', 266, 54, '2011-07-29 21:37:46', '2011-07-29 21:37:46', 1, 'public/deal/23/03/0320_1aed.jpg', 'jpg', 'm_phpSnews6.jpg', 'image', 'jpeg', 18006, '27af1aed2cae964d509731b70ecfd9ff'),
(801, 800, 'thumb.profile', 'deal', 266, 54, '2011-07-29 21:37:46', '2011-07-29 21:37:46', 1, 'public/deal/24/03/0321_1aed.jpg', 'jpg', 'p_phpSnews6.jpg', 'image', 'jpeg', 18006, '27af1aed2cae964d509731b70ecfd9ff'),
(802, 800, 'thumb.normal', 'deal', 266, 54, '2011-07-29 21:37:46', '2011-07-29 21:37:46', 1, 'public/deal/25/03/0322_d245.jpg', 'jpg', 't_phpSnews6.jpg', 'image', 'jpeg', 4151, '4e1cd245b7f148f6ba48a20d52474736'),
(803, NULL, NULL, 'deal', 266, 54, '2011-07-29 21:37:47', '2011-07-29 21:37:47', 1, 'public/deal/26/03/0323_9e2e.jpg', 'jpg', 'm_phpsUSZXo.jpg', 'image', 'jpeg', 22476, '8d369e2e7a12c97a770ba87c4d1a19d1'),
(804, 803, 'thumb.profile', 'deal', 266, 54, '2011-07-29 21:37:47', '2011-07-29 21:37:47', 1, 'public/deal/27/03/0324_9e2e.jpg', 'jpg', 'p_phpsUSZXo.jpg', 'image', 'jpeg', 22476, '8d369e2e7a12c97a770ba87c4d1a19d1'),
(805, 803, 'thumb.normal', 'deal', 266, 54, '2011-07-29 21:37:47', '2011-07-29 21:37:47', 1, 'public/deal/28/03/0325_2566.jpg', 'jpg', 't_phpsUSZXo.jpg', 'image', 'jpeg', 5517, '2ce62566f9c0359c243c6d4432c0f99f'),
(806, NULL, NULL, 'deal', 267, 54, '2001-01-25 02:58:01', '2001-01-25 02:58:01', 1, 'public/deal/29/03/0326_9ce8.jpg', 'jpg', 'm_abba.jpg', 'image', 'jpeg', 26081, 'bb2c9ce8083bc55d35c501a8f644ae71'),
(807, 806, 'thumb.profile', 'deal', 267, 54, '2001-01-25 02:58:01', '2001-01-25 02:58:01', 1, 'public/deal/2a/03/0327_286c.jpg', 'jpg', 'p_abba.jpg', 'image', 'jpeg', 19416, 'da55286c413c8e4ba0082d6bc57ea8cb'),
(808, 806, 'thumb.normal', 'deal', 267, 54, '2001-01-25 02:58:01', '2001-01-25 02:58:01', 1, 'public/deal/2b/03/0328_4052.jpg', 'jpg', 'in_abba.jpg', 'image', 'jpeg', 4625, '1c3540526d3142accb55cca104953275'),
(809, 806, 'thumb.icon', 'deal', 267, 54, '2001-01-25 02:58:01', '2001-01-25 02:58:01', 1, 'public/deal/2c/03/0329_a688.jpg', 'jpg', 'is_abba.jpg', 'image', 'jpeg', 1417, '5818a688a8571d560be1b38571c2483e'),
(810, NULL, NULL, 'deal', 267, 54, '2001-01-25 02:58:25', '2001-01-25 02:58:25', 1, 'public/deal/2d/03/032a_b158.jpg', 'jpg', 'm_phpH213v0.jpg', 'image', 'jpeg', 66485, 'c1dfb158783f126bebeb0513a8070bde'),
(811, 810, 'thumb.profile', 'deal', 267, 54, '2001-01-25 02:58:25', '2001-01-25 02:58:25', 1, 'public/deal/2e/03/032b_a89d.jpg', 'jpg', 'p_phpH213v0.jpg', 'image', 'jpeg', 24796, '3c52a89d2685b028bc9b2cba9ffdea3d'),
(812, 810, 'thumb.normal', 'deal', 267, 54, '2001-01-25 02:58:25', '2001-01-25 02:58:25', 1, 'public/deal/2f/03/032c_b627.jpg', 'jpg', 't_phpH213v0.jpg', 'image', 'jpeg', 6369, '9810b627a5fc075c4e2db95cd97b485b'),
(813, NULL, NULL, 'deal', 267, 54, '2001-01-25 02:58:25', '2001-01-25 02:58:25', 1, 'public/deal/30/03/032d_9ce8.jpg', 'jpg', 'm_phpFl3adD.jpg', 'image', 'jpeg', 26081, 'bb2c9ce8083bc55d35c501a8f644ae71'),
(814, 813, 'thumb.profile', 'deal', 267, 54, '2001-01-25 02:58:25', '2001-01-25 02:58:25', 1, 'public/deal/31/03/032e_286c.jpg', 'jpg', 'p_phpFl3adD.jpg', 'image', 'jpeg', 19416, 'da55286c413c8e4ba0082d6bc57ea8cb'),
(815, 813, 'thumb.normal', 'deal', 267, 54, '2001-01-25 02:58:25', '2001-01-25 02:58:25', 1, 'public/deal/32/03/032f_4052.jpg', 'jpg', 't_phpFl3adD.jpg', 'image', 'jpeg', 4625, '1c3540526d3142accb55cca104953275'),
(816, NULL, NULL, 'deal', 267, 54, '2001-01-25 02:58:25', '2001-01-25 02:58:25', 1, 'public/deal/33/03/0330_01dc.jpeg', 'jpeg', 'm_phpNE40wd.jpeg', 'image', 'jpeg', 8978, '49d801dc034a4a37ca69749a43f96102'),
(817, 816, 'thumb.profile', 'deal', 267, 54, '2001-01-25 02:58:25', '2001-01-25 02:58:25', 1, 'public/deal/34/03/0331_01dc.jpeg', 'jpeg', 'p_phpNE40wd.jpeg', 'image', 'jpeg', 8978, '49d801dc034a4a37ca69749a43f96102'),
(818, 816, 'thumb.normal', 'deal', 267, 54, '2001-01-25 02:58:25', '2001-01-25 02:58:25', 1, 'public/deal/35/03/0332_7498.jpeg', 'jpeg', 't_phpNE40wd.jpeg', 'image', 'jpeg', 4486, '2bbf7498a8b0cf2d54a457371b81471c'),
(819, NULL, NULL, 'deal', 268, 54, '2001-01-25 03:18:02', '2001-01-25 03:18:02', 1, 'public/deal/36/03/0333_90f3.jpg', 'jpg', 'm_kelly-clarkson.jpg', 'image', 'jpeg', 24325, 'c5ed90f3bfaf45e12b40bc6cfa914d08'),
(820, 819, 'thumb.profile', 'deal', 268, 54, '2001-01-25 03:18:02', '2001-01-25 03:18:02', 1, 'public/deal/37/03/0334_b797.jpg', 'jpg', 'p_kelly-clarkson.jpg', 'image', 'jpeg', 13594, '4cd7b797417fab6a16284a97102ecd88'),
(821, 819, 'thumb.normal', 'deal', 268, 54, '2001-01-25 03:18:02', '2001-01-25 03:18:02', 1, 'public/deal/38/03/0335_d960.jpg', 'jpg', 'in_kelly-clarkson.jpg', 'image', 'jpeg', 3148, '628dd960ec32662aa9d013de63ccb0d6'),
(822, 819, 'thumb.icon', 'deal', 268, 54, '2001-01-25 03:18:02', '2001-01-25 03:18:02', 1, 'public/deal/39/03/0336_a90c.jpg', 'jpg', 'is_kelly-clarkson.jpg', 'image', 'jpeg', 1289, 'd75aa90c6f423282a97e45d39bbc58ac'),
(823, NULL, NULL, 'deal', 268, 54, '2001-01-25 03:18:29', '2001-01-25 03:18:29', 1, 'public/deal/3a/03/0337_f69c.jpg', 'jpg', 'm_phptH7yyH.jpg', 'image', 'jpeg', 54391, 'e1b6f69cc001c56fb9d2983b59124f37'),
(824, 823, 'thumb.profile', 'deal', 268, 54, '2001-01-25 03:18:29', '2001-01-25 03:18:29', 1, 'public/deal/3b/03/0338_9db9.jpg', 'jpg', 'p_phptH7yyH.jpg', 'image', 'jpeg', 20872, 'ebde9db9a1454f621e6428683c579808'),
(825, 823, 'thumb.normal', 'deal', 268, 54, '2001-01-25 03:18:29', '2001-01-25 03:18:29', 1, 'public/deal/3c/03/0339_4f18.jpg', 'jpg', 't_phptH7yyH.jpg', 'image', 'jpeg', 5311, '0b784f18c96e21ea6ca0dac763576c0c'),
(826, NULL, NULL, 'deal', 268, 54, '2001-01-25 03:18:30', '2001-01-25 03:18:30', 1, 'public/deal/3d/03/033a_5b98.jpg', 'jpg', 'm_php0oQCCu.jpg', 'image', 'jpeg', 26534, '501c5b98ab6217d5867f40b3906a5c94'),
(827, 826, 'thumb.profile', 'deal', 268, 54, '2001-01-25 03:18:30', '2001-01-25 03:18:30', 1, 'public/deal/3e/03/033b_5b98.jpg', 'jpg', 'p_php0oQCCu.jpg', 'image', 'jpeg', 26534, '501c5b98ab6217d5867f40b3906a5c94'),
(828, 826, 'thumb.normal', 'deal', 268, 54, '2001-01-25 03:18:30', '2001-01-25 03:18:30', 1, 'public/deal/3f/03/033c_c199.jpg', 'jpg', 't_php0oQCCu.jpg', 'image', 'jpeg', 6586, '2065c1998fdd4526d1885c6bf1e979ff'),
(829, NULL, NULL, 'deal', 268, 54, '2001-01-25 03:18:31', '2001-01-25 03:18:31', 1, 'public/deal/40/03/033d_1214.jpg', 'jpg', 'm_php15rqlZ.jpg', 'image', 'jpeg', 90064, 'db42121491a4ad34a2923cab83f7e4dc'),
(830, 829, 'thumb.profile', 'deal', 268, 54, '2001-01-25 03:18:31', '2001-01-25 03:18:31', 1, 'public/deal/41/03/033e_6362.jpg', 'jpg', 'p_php15rqlZ.jpg', 'image', 'jpeg', 35178, 'cd0e6362c101bfb778cee3b8bbf67765'),
(831, 829, 'thumb.normal', 'deal', 268, 54, '2001-01-25 03:18:31', '2001-01-25 03:18:31', 1, 'public/deal/42/03/033f_8e9d.jpg', 'jpg', 't_php15rqlZ.jpg', 'image', 'jpeg', 8028, '1a1d8e9d2f914d0d0efa12ce52a35164'),
(832, NULL, NULL, 'deal', 269, 54, '2001-01-25 03:25:25', '2001-01-25 03:25:25', 1, 'public/deal/43/03/0340_7326.jpg', 'jpg', 'm_nguyenvu.jpg', 'image', 'jpeg', 21829, '52de73261b37fd207746e3f2d41d1dd4'),
(833, 832, 'thumb.profile', 'deal', 269, 54, '2001-01-25 03:25:25', '2001-01-25 03:25:25', 1, 'public/deal/44/03/0341_dde7.jpg', 'jpg', 'p_nguyenvu.jpg', 'image', 'jpeg', 17899, '502adde70927d307521d8933fe881eca'),
(834, 832, 'thumb.normal', 'deal', 269, 54, '2001-01-25 03:25:25', '2001-01-25 03:25:25', 1, 'public/deal/45/03/0342_c0be.jpg', 'jpg', 'in_nguyenvu.jpg', 'image', 'jpeg', 4412, 'b8e7c0beebfc06875836703396099d06'),
(835, 832, 'thumb.icon', 'deal', 269, 54, '2001-01-25 03:25:25', '2001-01-25 03:25:25', 1, 'public/deal/46/03/0343_6162.jpg', 'jpg', 'is_nguyenvu.jpg', 'image', 'jpeg', 1344, 'a00d6162cfb1f86222c23fcba70b25e1'),
(836, NULL, NULL, 'deal', 270, 54, '2001-01-25 03:26:42', '2001-01-25 03:26:42', 1, 'public/deal/47/03/0344_1367.jpg', 'jpg', 'm_katy perry-1.jpg', 'image', 'jpeg', 23562, '9a8a1367ee431012d874d2e44415ae46'),
(837, 836, 'thumb.profile', 'deal', 270, 54, '2001-01-25 03:26:42', '2001-01-25 03:26:42', 1, 'public/deal/48/03/0345_4290.jpg', 'jpg', 'p_katy perry-1.jpg', 'image', 'jpeg', 15517, '2f544290be853dcbfb757f8d10646a93'),
(838, 836, 'thumb.normal', 'deal', 270, 54, '2001-01-25 03:26:42', '2001-01-25 03:26:42', 1, 'public/deal/49/03/0346_9e8b.jpg', 'jpg', 'in_katy perry-1.jpg', 'image', 'jpeg', 3583, '84359e8b11396290e476c592ed903cbd'),
(839, 836, 'thumb.icon', 'deal', 270, 54, '2001-01-25 03:26:42', '2001-01-25 03:26:42', 1, 'public/deal/4a/03/0347_d131.jpg', 'jpg', 'is_katy perry-1.jpg', 'image', 'jpeg', 1352, '518bd13184d4c7e69ad92f0072a3adc2'),
(841, 840, 'thumb.profile', 'deal', 237, 48, '2011-08-01 21:12:27', '2011-08-01 21:12:27', 1, 'public/deal/4c/03/0349_be74.jpg', 'jpg', 'p_phpX8hBnZ.jpg', 'image', 'jpeg', 15085, '24a9be7406ede3c8210d1f19202392e6'),
(844, 843, 'thumb.profile', 'deal', 237, 48, '2011-08-01 21:12:27', '2011-08-01 21:12:27', 1, 'public/deal/4f/03/034c_1eb5.jpg', 'jpg', 'p_phptAA2f3.jpg', 'image', 'jpeg', 12790, '78451eb5d0ddf7d0204bcbabd02ff2b6'),
(847, 846, 'thumb.profile', 'deal', 237, 48, '2011-08-01 21:12:28', '2011-08-01 21:12:28', 1, 'public/deal/52/03/034f_5e0f.jpg', 'jpg', 'p_phpKFNAE7.jpg', 'image', 'jpeg', 16636, '15405e0ff304f7bbd98ec1663cdc886b'),
(850, 849, 'thumb.profile', 'deal', 237, 48, '2011-08-01 21:12:28', '2011-08-01 21:12:28', 1, 'public/deal/55/03/0352_0c2e.jpg', 'jpg', 'p_phpy07SI0.jpg', 'image', 'jpeg', 5022, 'ce610c2e7cd599ccd529d9cf64bfa459'),
(853, 852, 'thumb.profile', 'deal', 237, 48, '2011-08-01 21:12:29', '2011-08-01 21:12:29', 1, 'public/deal/58/03/0355_0ad7.jpg', 'jpg', 'p_phpTjjmhc.jpg', 'image', 'jpeg', 10361, 'f45e0ad79395d86565fe0b444caecc80'),
(856, 855, 'thumb.profile', 'deal', 237, 48, '2011-08-01 21:14:21', '2011-08-01 21:14:21', 1, 'public/deal/5b/03/0358_be74.jpg', 'jpg', 'p_phpuWO4uh.jpg', 'image', 'jpeg', 15085, '24a9be7406ede3c8210d1f19202392e6'),
(859, 858, 'thumb.profile', 'deal', 237, 48, '2011-08-01 21:14:21', '2011-08-01 21:14:21', 1, 'public/deal/5e/03/035b_1eb5.jpg', 'jpg', 'p_phpXUhRzE.jpg', 'image', 'jpeg', 12790, '78451eb5d0ddf7d0204bcbabd02ff2b6'),
(862, 861, 'thumb.profile', 'deal', 237, 48, '2011-08-01 21:14:22', '2011-08-01 21:14:22', 1, 'public/deal/61/03/035e_5e0f.jpg', 'jpg', 'p_phpus2Wjz.jpg', 'image', 'jpeg', 16636, '15405e0ff304f7bbd98ec1663cdc886b'),
(865, 864, 'thumb.profile', 'deal', 237, 48, '2011-08-01 21:14:23', '2011-08-01 21:14:23', 1, 'public/deal/64/03/0361_0c2e.jpg', 'jpg', 'p_phpcVivGB.jpg', 'image', 'jpeg', 5022, 'ce610c2e7cd599ccd529d9cf64bfa459'),
(868, 867, 'thumb.profile', 'deal', 237, 48, '2011-08-01 21:14:23', '2011-08-01 21:14:23', 1, 'public/deal/67/03/0364_0ad7.jpg', 'jpg', 'p_phpXnSzHE.jpg', 'image', 'jpeg', 10361, 'f45e0ad79395d86565fe0b444caecc80'),
(871, 870, 'thumb.profile', 'deal', 237, 48, '2011-08-01 21:14:24', '2011-08-01 21:14:24', 1, 'public/deal/6a/03/0367_34d6.jpg', 'jpg', 'p_php3DoCLO.jpg', 'image', 'jpeg', 12306, 'f8c634d6e19bf4b0e412ff9845baffaf'),
(873, NULL, NULL, 'deal', 271, 54, '2011-08-02 13:48:25', '2011-08-02 13:48:25', 1, 'public/deal/6c/03/0369_7326.jpg', 'jpg', 'm_nguyenvu.jpg', 'image', 'jpeg', 21829, '52de73261b37fd207746e3f2d41d1dd4'),
(874, 873, 'thumb.profile', 'deal', 271, 54, '2011-08-02 13:48:25', '2011-08-02 13:48:25', 1, 'public/deal/6d/03/036a_dde7.jpg', 'jpg', 'p_nguyenvu.jpg', 'image', 'jpeg', 17899, '502adde70927d307521d8933fe881eca'),
(875, 873, 'thumb.normal', 'deal', 271, 54, '2011-08-02 13:48:25', '2011-08-02 13:48:25', 1, 'public/deal/6e/03/036b_c0be.jpg', 'jpg', 'in_nguyenvu.jpg', 'image', 'jpeg', 4412, 'b8e7c0beebfc06875836703396099d06'),
(876, 873, 'thumb.icon', 'deal', 271, 54, '2011-08-02 13:48:25', '2011-08-02 13:48:25', 1, 'public/deal/6f/03/036c_6162.jpg', 'jpg', 'is_nguyenvu.jpg', 'image', 'jpeg', 1344, 'a00d6162cfb1f86222c23fcba70b25e1'),
(877, NULL, NULL, 'deal', 271, 54, '2011-08-02 13:48:53', '2011-08-02 13:48:53', 1, 'public/deal/70/03/036d_1aed.jpg', 'jpg', 'm_phppDD41r.jpg', 'image', 'jpeg', 18006, '27af1aed2cae964d509731b70ecfd9ff'),
(878, 877, 'thumb.profile', 'deal', 271, 54, '2011-08-02 13:48:53', '2011-08-02 13:48:53', 1, 'public/deal/71/03/036e_1aed.jpg', 'jpg', 'p_phppDD41r.jpg', 'image', 'jpeg', 18006, '27af1aed2cae964d509731b70ecfd9ff'),
(879, 877, 'thumb.normal', 'deal', 271, 54, '2011-08-02 13:48:53', '2011-08-02 13:48:53', 1, 'public/deal/72/03/036f_d245.jpg', 'jpg', 't_phppDD41r.jpg', 'image', 'jpeg', 4151, '4e1cd245b7f148f6ba48a20d52474736'),
(880, NULL, NULL, 'deal', 271, 54, '2011-08-02 13:48:54', '2011-08-02 13:48:54', 1, 'public/deal/73/03/0370_9e2e.jpg', 'jpg', 'm_php9ee2P1.jpg', 'image', 'jpeg', 22476, '8d369e2e7a12c97a770ba87c4d1a19d1'),
(881, 880, 'thumb.profile', 'deal', 271, 54, '2011-08-02 13:48:54', '2011-08-02 13:48:54', 1, 'public/deal/74/03/0371_9e2e.jpg', 'jpg', 'p_php9ee2P1.jpg', 'image', 'jpeg', 22476, '8d369e2e7a12c97a770ba87c4d1a19d1'),
(882, 880, 'thumb.normal', 'deal', 271, 54, '2011-08-02 13:48:54', '2011-08-02 13:48:54', 1, 'public/deal/75/03/0372_2566.jpg', 'jpg', 't_php9ee2P1.jpg', 'image', 'jpeg', 5517, '2ce62566f9c0359c243c6d4432c0f99f'),
(883, NULL, NULL, 'deal', 271, 54, '2011-08-02 13:48:54', '2011-08-02 13:48:54', 1, 'public/deal/76/03/0373_7326.jpg', 'jpg', 'm_phpVZAbbg.jpg', 'image', 'jpeg', 21829, '52de73261b37fd207746e3f2d41d1dd4'),
(884, 883, 'thumb.profile', 'deal', 271, 54, '2011-08-02 13:48:54', '2011-08-02 13:48:54', 1, 'public/deal/77/03/0374_dde7.jpg', 'jpg', 'p_phpVZAbbg.jpg', 'image', 'jpeg', 17899, '502adde70927d307521d8933fe881eca'),
(885, 883, 'thumb.normal', 'deal', 271, 54, '2011-08-02 13:48:54', '2011-08-02 13:48:54', 1, 'public/deal/78/03/0375_c0be.jpg', 'jpg', 't_phpVZAbbg.jpg', 'image', 'jpeg', 4412, 'b8e7c0beebfc06875836703396099d06'),
(886, NULL, NULL, 'deal', 271, 54, '2011-08-02 13:48:54', '2011-08-02 13:48:54', 1, 'public/deal/79/03/0376_12b4.jpg', 'jpg', 'm_php9fpvUM.jpg', 'image', 'jpeg', 9870, '9ebd12b4233234a6d8115f9081df1312'),
(887, 886, 'thumb.profile', 'deal', 271, 54, '2011-08-02 13:48:54', '2011-08-02 13:48:54', 1, 'public/deal/7a/03/0377_12b4.jpg', 'jpg', 'p_php9fpvUM.jpg', 'image', 'jpeg', 9870, '9ebd12b4233234a6d8115f9081df1312'),
(888, 886, 'thumb.normal', 'deal', 271, 54, '2011-08-02 13:48:54', '2011-08-02 13:48:54', 1, 'public/deal/7b/03/0378_b0a0.jpg', 'jpg', 't_php9fpvUM.jpg', 'image', 'jpeg', 4095, '5d84b0a08c1674ecbe725fd9a2e76c63'),
(889, NULL, NULL, 'deal', 272, 54, '2011-08-02 14:18:08', '2011-08-02 14:18:08', 1, 'public/deal/7c/03/0379_9e2e.jpg', 'jpg', 'm_madonna.jpg', 'image', 'jpeg', 22476, '8d369e2e7a12c97a770ba87c4d1a19d1'),
(890, 889, 'thumb.profile', 'deal', 272, 54, '2011-08-02 14:18:08', '2011-08-02 14:18:08', 1, 'public/deal/7d/03/037a_9e2e.jpg', 'jpg', 'p_madonna.jpg', 'image', 'jpeg', 22476, '8d369e2e7a12c97a770ba87c4d1a19d1'),
(891, 889, 'thumb.normal', 'deal', 272, 54, '2011-08-02 14:18:08', '2011-08-02 14:18:08', 1, 'public/deal/7e/03/037b_2566.jpg', 'jpg', 'in_madonna.jpg', 'image', 'jpeg', 5517, '2ce62566f9c0359c243c6d4432c0f99f'),
(892, 889, 'thumb.icon', 'deal', 272, 54, '2011-08-02 14:18:08', '2011-08-02 14:18:08', 1, 'public/deal/7f/03/037c_c3ad.jpg', 'jpg', 'is_madonna.jpg', 'image', 'jpeg', 1581, 'f5a3c3ad6fb89b4f9bf8637f107a87a2'),
(893, NULL, NULL, 'deal', 273, 1, '2011-08-02 15:01:58', '2011-08-02 15:01:58', 1, 'public/deal/80/03/037d_ba18.jpg', 'jpg', 'm_xc.jpg', 'image', 'jpeg', 13320, '9f03ba18ba4fde2dde3e813ec0fdc7b9'),
(894, 893, 'thumb.profile', 'deal', 273, 1, '2011-08-02 15:01:58', '2011-08-02 15:01:58', 1, 'public/deal/81/03/037e_ba18.jpg', 'jpg', 'p_xc.jpg', 'image', 'jpeg', 13320, '9f03ba18ba4fde2dde3e813ec0fdc7b9'),
(895, 893, 'thumb.normal', 'deal', 273, 1, '2011-08-02 15:01:58', '2011-08-02 15:01:58', 1, 'public/deal/82/03/037f_c03d.jpg', 'jpg', 'in_xc.jpg', 'image', 'jpeg', 6196, 'cb64c03db4f52bec0eb27fa642c51d5a'),
(896, 893, 'thumb.icon', 'deal', 273, 1, '2011-08-02 15:01:58', '2011-08-02 15:01:58', 1, 'public/deal/83/03/0380_40b0.jpg', 'jpg', 'is_xc.jpg', 'image', 'jpeg', 1538, '5d8640b0a191831d0aa9570d2647dcbd'),
(897, NULL, NULL, 'deal', 274, 39, '2011-08-02 15:26:33', '2011-08-02 15:26:33', 1, 'public/deal/84/03/0381_9ac3.jpg', 'jpg', 'm_xcvc.jpg', 'image', 'jpeg', 9380, '1baa9ac339aeba462a47590b80fe1455'),
(898, 897, 'thumb.profile', 'deal', 274, 39, '2011-08-02 15:26:33', '2011-08-02 15:26:33', 1, 'public/deal/85/03/0382_9ac3.jpg', 'jpg', 'p_xcvc.jpg', 'image', 'jpeg', 9380, '1baa9ac339aeba462a47590b80fe1455'),
(899, 897, 'thumb.normal', 'deal', 274, 39, '2011-08-02 15:26:33', '2011-08-02 15:26:33', 1, 'public/deal/86/03/0383_78f7.jpg', 'jpg', 'in_xcvc.jpg', 'image', 'jpeg', 3491, '080e78f76021f380a2be8abccd4f9d6e'),
(900, 897, 'thumb.icon', 'deal', 274, 39, '2011-08-02 15:26:33', '2011-08-02 15:26:33', 1, 'public/deal/87/03/0384_48cd.jpg', 'jpg', 'is_xcvc.jpg', 'image', 'jpeg', 1397, '746d48cd1e459002a90b41c7518b63a3'),
(901, NULL, NULL, 'deal', 275, 54, '2011-08-02 15:26:37', '2011-08-02 15:26:37', 1, 'public/deal/88/03/0385_1aed.jpg', 'jpg', 'm_lady-gaga.jpg', 'image', 'jpeg', 18006, '27af1aed2cae964d509731b70ecfd9ff'),
(902, 901, 'thumb.profile', 'deal', 275, 54, '2011-08-02 15:26:37', '2011-08-02 15:26:37', 1, 'public/deal/89/03/0386_1aed.jpg', 'jpg', 'p_lady-gaga.jpg', 'image', 'jpeg', 18006, '27af1aed2cae964d509731b70ecfd9ff'),
(903, 901, 'thumb.normal', 'deal', 275, 54, '2011-08-02 15:26:37', '2011-08-02 15:26:37', 1, 'public/deal/8a/03/0387_d245.jpg', 'jpg', 'in_lady-gaga.jpg', 'image', 'jpeg', 4151, '4e1cd245b7f148f6ba48a20d52474736'),
(904, 901, 'thumb.icon', 'deal', 275, 54, '2011-08-02 15:26:37', '2011-08-02 15:26:37', 1, 'public/deal/8b/03/0388_835f.jpg', 'jpg', 'is_lady-gaga.jpg', 'image', 'jpeg', 1205, 'd2de835fbc17d85ddfd52801a56d8776'),
(905, NULL, NULL, 'deal', 276, 39, '2011-08-02 17:50:57', '2011-08-02 17:50:57', 1, 'public/deal/8c/03/0389_be12.jpg', 'jpg', 'm_cv cxb.jpg', 'image', 'jpeg', 14935, 'a573be125e4a32abd33d0d377e999146'),
(906, 905, 'thumb.profile', 'deal', 276, 39, '2011-08-02 17:50:58', '2011-08-02 17:50:58', 1, 'public/deal/8d/03/038a_be12.jpg', 'jpg', 'p_cv cxb.jpg', 'image', 'jpeg', 14935, 'a573be125e4a32abd33d0d377e999146'),
(907, 905, 'thumb.normal', 'deal', 276, 39, '2011-08-02 17:50:58', '2011-08-02 17:50:58', 1, 'public/deal/8e/03/038b_7a99.jpg', 'jpg', 'in_cv cxb.jpg', 'image', 'jpeg', 7082, 'e8407a999cfc07b8328274f0b65f9c2f'),
(908, 905, 'thumb.icon', 'deal', 276, 39, '2011-08-02 17:50:58', '2011-08-02 17:50:58', 1, 'public/deal/8f/03/038c_47ac.jpg', 'jpg', 'is_cv cxb.jpg', 'image', 'jpeg', 1632, '30c047ac24eee4437087d9f06241175d'),
(909, NULL, NULL, 'deal', 277, 1, '2011-08-02 20:19:36', '2011-08-02 20:19:36', 1, 'public/deal/90/03/038d_205c.jpg', 'jpg', 'm_zxcvzv.jpg', 'image', 'jpeg', 8182, '64e0205c46bf8866db037916a0831c6a'),
(910, 909, 'thumb.profile', 'deal', 277, 1, '2011-08-02 20:19:36', '2011-08-02 20:19:36', 1, 'public/deal/91/03/038e_205c.jpg', 'jpg', 'p_zxcvzv.jpg', 'image', 'jpeg', 8182, '64e0205c46bf8866db037916a0831c6a'),
(911, 909, 'thumb.normal', 'deal', 277, 1, '2011-08-02 20:19:36', '2011-08-02 20:19:36', 1, 'public/deal/92/03/038f_d850.jpg', 'jpg', 'in_zxcvzv.jpg', 'image', 'jpeg', 6425, '4a11d850185ba0216f34ff60dab17605'),
(912, 909, 'thumb.icon', 'deal', 277, 1, '2011-08-02 20:19:36', '2011-08-02 20:19:36', 1, 'public/deal/93/03/0390_1116.jpg', 'jpg', 'is_zxcvzv.jpg', 'image', 'jpeg', 1653, '8ee61116d88cf79f30fbaa8112ab1e32'),
(913, NULL, NULL, 'deal', 278, 54, '2011-08-02 21:25:25', '2011-08-02 21:25:25', 1, 'public/deal/94/03/0391_9e2e.jpg', 'jpg', 'm_madonna.jpg', 'image', 'jpeg', 22476, '8d369e2e7a12c97a770ba87c4d1a19d1'),
(914, 913, 'thumb.profile', 'deal', 278, 54, '2011-08-02 21:25:25', '2011-08-02 21:25:25', 1, 'public/deal/95/03/0392_9e2e.jpg', 'jpg', 'p_madonna.jpg', 'image', 'jpeg', 22476, '8d369e2e7a12c97a770ba87c4d1a19d1'),
(915, 913, 'thumb.normal', 'deal', 278, 54, '2011-08-02 21:25:25', '2011-08-02 21:25:25', 1, 'public/deal/96/03/0393_2566.jpg', 'jpg', 'in_madonna.jpg', 'image', 'jpeg', 5517, '2ce62566f9c0359c243c6d4432c0f99f'),
(916, 913, 'thumb.icon', 'deal', 278, 54, '2011-08-02 21:25:25', '2011-08-02 21:25:25', 1, 'public/deal/97/03/0394_c3ad.jpg', 'jpg', 'is_madonna.jpg', 'image', 'jpeg', 1581, 'f5a3c3ad6fb89b4f9bf8637f107a87a2'),
(917, NULL, NULL, 'deal', 279, 1, '2011-08-02 21:26:15', '2011-08-02 21:26:15', 1, 'public/deal/98/03/0395_b7da.jpg', 'jpg', 'm_Penguins.jpg', 'image', 'jpeg', 53229, 'b6feb7da4747a1ff78302fb06baeaa05'),
(918, 917, 'thumb.profile', 'deal', 279, 1, '2011-08-02 21:26:15', '2011-08-02 21:26:15', 1, 'public/deal/99/03/0396_327c.jpg', 'jpg', 'p_Penguins.jpg', 'image', 'jpeg', 19884, '7fb2327c0154ba3fa4c6d14053fa8586'),
(919, 917, 'thumb.normal', 'deal', 279, 1, '2011-08-02 21:26:15', '2011-08-02 21:26:15', 1, 'public/deal/9a/03/0397_982a.jpg', 'jpg', 'in_Penguins.jpg', 'image', 'jpeg', 5547, '0855982ac19643a58a0d62dedc50baf4'),
(920, 917, 'thumb.icon', 'deal', 279, 1, '2011-08-02 21:26:15', '2011-08-02 21:26:15', 1, 'public/deal/9b/03/0398_0955.jpg', 'jpg', 'is_Penguins.jpg', 'image', 'jpeg', 1591, '0a60095560eadd0e15b76414fabe39d0'),
(921, NULL, NULL, 'deal', 280, 52, '2011-08-02 22:21:20', '2011-08-02 22:21:20', 1, 'public/deal/9c/03/0399_0c2e.jpg', 'jpg', 'm_cbvcbcvb.jpg', 'image', 'jpeg', 5022, 'ce610c2e7cd599ccd529d9cf64bfa459'),
(922, 921, 'thumb.profile', 'deal', 280, 52, '2011-08-02 22:21:20', '2011-08-02 22:21:20', 1, 'public/deal/9d/03/039a_0c2e.jpg', 'jpg', 'p_cbvcbcvb.jpg', 'image', 'jpeg', 5022, 'ce610c2e7cd599ccd529d9cf64bfa459'),
(923, 921, 'thumb.normal', 'deal', 280, 52, '2011-08-02 22:21:20', '2011-08-02 22:21:20', 1, 'public/deal/9e/03/039b_5f6a.jpg', 'jpg', 'in_cbvcbcvb.jpg', 'image', 'jpeg', 3680, '92f25f6ab7f55cb7fb9befc92322e369'),
(924, 921, 'thumb.icon', 'deal', 280, 52, '2011-08-02 22:21:20', '2011-08-02 22:21:20', 1, 'public/deal/9f/03/039c_2252.jpg', 'jpg', 'is_cbvcbcvb.jpg', 'image', 'jpeg', 1380, '7d8d2252c09db95d840c16414be8045d'),
(925, NULL, NULL, 'deal', 281, 1, '2011-08-03 13:14:53', '2011-08-03 13:14:53', 1, 'public/deal/a0/03/039d_8400.jpg', 'jpg', 'm_cvc.jpg', 'image', 'jpeg', 8759, '780d840004f1513ca232994300635182'),
(926, 925, 'thumb.profile', 'deal', 281, 1, '2011-08-03 13:14:53', '2011-08-03 13:14:53', 1, 'public/deal/a1/03/039e_8400.jpg', 'jpg', 'p_cvc.jpg', 'image', 'jpeg', 8759, '780d840004f1513ca232994300635182'),
(927, 925, 'thumb.normal', 'deal', 281, 1, '2011-08-03 13:14:53', '2011-08-03 13:14:53', 1, 'public/deal/a2/03/039f_0a6d.jpg', 'jpg', 'in_cvc.jpg', 'image', 'jpeg', 3420, '42690a6d5a6c116c8b5ceae48fc06b97'),
(928, 925, 'thumb.icon', 'deal', 281, 1, '2011-08-03 13:14:53', '2011-08-03 13:14:53', 1, 'public/deal/a3/03/03a0_cc41.jpg', 'jpg', 'is_cvc.jpg', 'image', 'jpeg', 1292, '89e6cc41746d42fa78fdd65bc9f179f5'),
(929, NULL, NULL, 'deal', 282, 1, '2011-08-03 14:34:18', '2011-08-03 14:34:18', 1, 'public/deal/a4/03/03a1_3f2d.jpg', 'jpg', 'm_zxvcvb.jpg', 'image', 'jpeg', 14307, '95dd3f2d4fe429e940155866034f9fe3'),
(930, 929, 'thumb.profile', 'deal', 282, 1, '2011-08-03 14:34:18', '2011-08-03 14:34:18', 1, 'public/deal/a5/03/03a2_3f2d.jpg', 'jpg', 'p_zxvcvb.jpg', 'image', 'jpeg', 14307, '95dd3f2d4fe429e940155866034f9fe3'),
(931, 929, 'thumb.normal', 'deal', 282, 1, '2011-08-03 14:34:18', '2011-08-03 14:34:18', 1, 'public/deal/a6/03/03a3_4bb4.jpg', 'jpg', 'in_zxvcvb.jpg', 'image', 'jpeg', 5007, '73fb4bb41e6dee0b23c3d183d7d4caaf'),
(932, 929, 'thumb.icon', 'deal', 282, 1, '2011-08-03 14:34:18', '2011-08-03 14:34:18', 1, 'public/deal/a7/03/03a4_fea5.jpg', 'jpg', 'is_zxvcvb.jpg', 'image', 'jpeg', 1523, '2026fea51db39864b566fb8387246067'),
(933, NULL, NULL, 'deal', 283, 39, '2011-08-03 14:44:28', '2011-08-03 14:44:28', 1, 'public/deal/a8/03/03a5_3f2d.jpg', 'jpg', 'm_zxvcvb.jpg', 'image', 'jpeg', 14307, '95dd3f2d4fe429e940155866034f9fe3'),
(934, 933, 'thumb.profile', 'deal', 283, 39, '2011-08-03 14:44:28', '2011-08-03 14:44:28', 1, 'public/deal/a9/03/03a6_3f2d.jpg', 'jpg', 'p_zxvcvb.jpg', 'image', 'jpeg', 14307, '95dd3f2d4fe429e940155866034f9fe3'),
(935, 933, 'thumb.normal', 'deal', 283, 39, '2011-08-03 14:44:28', '2011-08-03 14:44:28', 1, 'public/deal/aa/03/03a7_4bb4.jpg', 'jpg', 'in_zxvcvb.jpg', 'image', 'jpeg', 5007, '73fb4bb41e6dee0b23c3d183d7d4caaf'),
(936, 933, 'thumb.icon', 'deal', 283, 39, '2011-08-03 14:44:28', '2011-08-03 14:44:28', 1, 'public/deal/ab/03/03a8_fea5.jpg', 'jpg', 'is_zxvcvb.jpg', 'image', 'jpeg', 1523, '2026fea51db39864b566fb8387246067'),
(937, NULL, NULL, 'deal', 284, 1, '2011-08-03 14:48:21', '2011-08-03 14:48:21', 1, 'public/deal/ac/03/03a9_147c.jpg', 'jpg', 'm_cxvbxcb.jpg', 'image', 'jpeg', 14099, 'b6ce147cdefb46c1562d2a57a2ef01ea'),
(938, 937, 'thumb.profile', 'deal', 284, 1, '2011-08-03 14:48:21', '2011-08-03 14:48:21', 1, 'public/deal/ad/03/03aa_147c.jpg', 'jpg', 'p_cxvbxcb.jpg', 'image', 'jpeg', 14099, 'b6ce147cdefb46c1562d2a57a2ef01ea'),
(939, 937, 'thumb.normal', 'deal', 284, 1, '2011-08-03 14:48:21', '2011-08-03 14:48:21', 1, 'public/deal/ae/03/03ab_a6bd.jpg', 'jpg', 'in_cxvbxcb.jpg', 'image', 'jpeg', 6676, 'bbd6a6bd0c49362696954a20eebb5676'),
(940, 937, 'thumb.icon', 'deal', 284, 1, '2011-08-03 14:48:21', '2011-08-03 14:48:21', 1, 'public/deal/af/03/03ac_390b.jpg', 'jpg', 'is_cxvbxcb.jpg', 'image', 'jpeg', 1591, '48b8390b1299309bc4f3e682b9400134'),
(941, NULL, NULL, 'deal', 285, 39, '2011-08-03 14:53:08', '2011-08-03 14:53:08', 1, 'public/deal/b0/03/03ad_ba18.jpg', 'jpg', 'm_xc.jpg', 'image', 'jpeg', 13320, '9f03ba18ba4fde2dde3e813ec0fdc7b9'),
(942, 941, 'thumb.profile', 'deal', 285, 39, '2011-08-03 14:53:08', '2011-08-03 14:53:08', 1, 'public/deal/b1/03/03ae_ba18.jpg', 'jpg', 'p_xc.jpg', 'image', 'jpeg', 13320, '9f03ba18ba4fde2dde3e813ec0fdc7b9'),
(943, 941, 'thumb.normal', 'deal', 285, 39, '2011-08-03 14:53:08', '2011-08-03 14:53:08', 1, 'public/deal/b2/03/03af_c03d.jpg', 'jpg', 'in_xc.jpg', 'image', 'jpeg', 6196, 'cb64c03db4f52bec0eb27fa642c51d5a'),
(944, 941, 'thumb.icon', 'deal', 285, 39, '2011-08-03 14:53:08', '2011-08-03 14:53:08', 1, 'public/deal/b3/03/03b0_40b0.jpg', 'jpg', 'is_xc.jpg', 'image', 'jpeg', 1538, '5d8640b0a191831d0aa9570d2647dcbd'),
(945, NULL, NULL, 'deal', 286, 39, '2011-08-03 14:59:23', '2011-08-03 14:59:23', 1, 'public/deal/b4/03/03b1_ba18.jpg', 'jpg', 'm_xc.jpg', 'image', 'jpeg', 13320, '9f03ba18ba4fde2dde3e813ec0fdc7b9'),
(946, 945, 'thumb.profile', 'deal', 286, 39, '2011-08-03 14:59:23', '2011-08-03 14:59:23', 1, 'public/deal/b5/03/03b2_ba18.jpg', 'jpg', 'p_xc.jpg', 'image', 'jpeg', 13320, '9f03ba18ba4fde2dde3e813ec0fdc7b9'),
(947, 945, 'thumb.normal', 'deal', 286, 39, '2011-08-03 14:59:23', '2011-08-03 14:59:23', 1, 'public/deal/b6/03/03b3_c03d.jpg', 'jpg', 'in_xc.jpg', 'image', 'jpeg', 6196, 'cb64c03db4f52bec0eb27fa642c51d5a'),
(948, 945, 'thumb.icon', 'deal', 286, 39, '2011-08-03 14:59:23', '2011-08-03 14:59:23', 1, 'public/deal/b7/03/03b4_40b0.jpg', 'jpg', 'is_xc.jpg', 'image', 'jpeg', 1538, '5d8640b0a191831d0aa9570d2647dcbd'),
(949, NULL, NULL, 'deal', 287, 1, '2011-08-03 15:02:26', '2011-08-03 15:02:26', 1, 'public/deal/b8/03/03b5_10d9.jpg', 'jpg', 'm_Desert.jpg', 'image', 'jpeg', 58100, '5f6810d9fd152724ddad184223ab9787'),
(950, 949, 'thumb.profile', 'deal', 287, 1, '2011-08-03 15:02:26', '2011-08-03 15:02:26', 1, 'public/deal/b9/03/03b6_1e36.jpg', 'jpg', 'p_Desert.jpg', 'image', 'jpeg', 19586, '4e801e362783bfbf0004195787a254a2'),
(951, 949, 'thumb.normal', 'deal', 287, 1, '2011-08-03 15:02:26', '2011-08-03 15:02:26', 1, 'public/deal/ba/03/03b7_25d2.jpg', 'jpg', 'in_Desert.jpg', 'image', 'jpeg', 4502, '2e0c25d2f330139ca2b544304117c3ae'),
(952, 949, 'thumb.icon', 'deal', 287, 1, '2011-08-03 15:02:26', '2011-08-03 15:02:26', 1, 'public/deal/bb/03/03b8_c514.jpg', 'jpg', 'is_Desert.jpg', 'image', 'jpeg', 1204, '28bfc514fbf0c5d916926163e0ea91a6'),
(953, NULL, NULL, 'deal', 288, 1, '2011-08-03 15:52:23', '2011-08-03 15:52:23', 1, 'public/deal/bc/03/03b9_4ed7.jpg', 'jpg', 'm_1274847_8S.jpg', 'image', 'jpeg', 22776, '66784ed7595ddebf7a00c0f066058462'),
(954, 953, 'thumb.profile', 'deal', 288, 1, '2011-08-03 15:52:23', '2011-08-03 15:52:23', 1, 'public/deal/bd/03/03ba_be74.jpg', 'jpg', 'p_1274847_8S.jpg', 'image', 'jpeg', 15085, '24a9be7406ede3c8210d1f19202392e6'),
(955, 953, 'thumb.normal', 'deal', 288, 1, '2011-08-03 15:52:23', '2011-08-03 15:52:23', 1, 'public/deal/be/03/03bb_37c4.jpg', 'jpg', 'in_1274847_8S.jpg', 'image', 'jpeg', 4805, '38c537c43b016f9e6a36e57cefada7d3'),
(956, 953, 'thumb.icon', 'deal', 288, 1, '2011-08-03 15:52:23', '2011-08-03 15:52:23', 1, 'public/deal/bf/03/03bc_2190.jpg', 'jpg', 'is_1274847_8S.jpg', 'image', 'jpeg', 1308, '89202190e9e8249ddcba13777e080052'),
(957, NULL, NULL, 'deal', 289, 1, '2011-08-03 15:53:51', '2011-08-03 15:53:51', 1, 'public/deal/c0/03/03bd_ec0b.jpg', 'jpg', 'm_img0.jpg', 'image', 'jpeg', 18601, 'd12bec0b43709833014060013d78fb16'),
(958, 957, 'thumb.profile', 'deal', 289, 1, '2011-08-03 15:53:51', '2011-08-03 15:53:51', 1, 'public/deal/c1/03/03be_6849.jpg', 'jpg', 'p_img0.jpg', 'image', 'jpeg', 7773, '48c0684928f81676c0d3bdce4cf23429'),
(959, 957, 'thumb.normal', 'deal', 289, 1, '2011-08-03 15:53:51', '2011-08-03 15:53:51', 1, 'public/deal/c2/03/03bf_920e.jpg', 'jpg', 'in_img0.jpg', 'image', 'jpeg', 2662, '9483920ee918cc6e5c5b6b2802d3d30a'),
(960, 957, 'thumb.icon', 'deal', 289, 1, '2011-08-03 15:53:51', '2011-08-03 15:53:51', 1, 'public/deal/c3/03/03c0_4160.jpg', 'jpg', 'is_img0.jpg', 'image', 'jpeg', 1094, 'f4c14160012351a2d650c092f432db0d'),
(961, NULL, NULL, 'deal', 290, 39, '2011-08-03 17:47:52', '2011-08-03 17:47:52', 1, 'public/deal/c4/03/03c1_923e.jpg', 'jpg', 'm_index.jpg', 'image', 'jpeg', 16248, 'c4f5923e237449d437cd7bb32a0d79b4'),
(962, 961, 'thumb.profile', 'deal', 290, 39, '2011-08-03 17:47:52', '2011-08-03 17:47:52', 1, 'public/deal/c5/03/03c2_923e.jpg', 'jpg', 'p_index.jpg', 'image', 'jpeg', 16248, 'c4f5923e237449d437cd7bb32a0d79b4'),
(963, 961, 'thumb.normal', 'deal', 290, 39, '2011-08-03 17:47:52', '2011-08-03 17:47:52', 1, 'public/deal/c6/03/03c3_b98c.jpg', 'jpg', 'in_index.jpg', 'image', 'jpeg', 6306, '13d7b98c0fa4e46f075de890d513b337'),
(964, 961, 'thumb.icon', 'deal', 290, 39, '2011-08-03 17:47:52', '2011-08-03 17:47:52', 1, 'public/deal/c7/03/03c4_2e0f.jpg', 'jpg', 'is_index.jpg', 'image', 'jpeg', 1543, 'c8452e0f591132c11b34d97fd6fb05b9'),
(965, NULL, NULL, 'user', 55, 55, '2011-08-03 09:26:35', '2011-08-03 09:26:35', 1, 'public/user/c8/03/03c5_f8fa.jpg', 'jpg', 'killbill_m.jpg', 'image', 'jpeg', 8469, '9669f8fabe17a3f99e49dafa325253ef'),
(966, 965, 'thumb.profile', 'user', 55, 55, '2011-08-03 09:26:35', '2011-08-03 09:26:35', 1, 'public/user/c9/03/03c6_09a7.jpg', 'jpg', 'killbill_p.jpg', 'image', 'jpeg', 7072, '2c8c09a7cff44bd28640dc0cb4887639'),
(967, 965, 'thumb.normal', 'user', 55, 55, '2011-08-03 09:26:35', '2011-08-03 09:26:35', 1, 'public/user/ca/03/03c7_36ef.jpg', 'jpg', 'killbill_in.jpg', 'image', 'jpeg', 4372, 'f17d36ef524d5c2fb85a9b5a0eba7b68'),
(968, 965, 'thumb.icon', 'user', 55, 55, '2011-08-03 09:26:35', '2011-08-03 09:26:35', 1, 'public/user/cb/03/03c8_44b0.jpg', 'jpg', 'killbill_is.jpg', 'image', 'jpeg', 1499, '319544b0580d59b213037f6244f17afe'),
(969, NULL, NULL, 'deal', 1, 54, '2011-08-03 11:11:11', '2011-08-03 11:11:11', 1, 'public/deal/cc/03/03c9_ed3d.jpg', 'jpg', 'm_Newfoundland-Paintball-Supply2_grid_6.jpg', 'image', 'jpeg', 23603, '2593ed3d7b17f03c94bd0bf5507577b2'),
(970, 969, 'thumb.profile', 'deal', 1, 54, '2011-08-03 11:11:11', '2011-08-03 11:11:11', 1, 'public/deal/cd/03/03ca_ca61.jpg', 'jpg', 'p_Newfoundland-Paintball-Supply2_grid_6.jpg', 'image', 'jpeg', 19128, '9297ca61c4bdd83cbf8f817d7dfa15f9'),
(971, 969, 'thumb.normal', 'deal', 1, 54, '2011-08-03 11:11:11', '2011-08-03 11:11:11', 1, 'public/deal/ce/03/03cb_11dc.jpg', 'jpg', 'in_Newfoundland-Paintball-Supply2_grid_6.jpg', 'image', 'jpeg', 5656, '563511dcee31ac0adbcb7fa465e448f3'),
(972, 969, 'thumb.icon', 'deal', 1, 54, '2011-08-03 11:11:11', '2011-08-03 11:11:11', 1, 'public/deal/cf/03/03cc_de6b.jpg', 'jpg', 'is_Newfoundland-Paintball-Supply2_grid_6.jpg', 'image', 'jpeg', 1541, 'fda5de6b632ce2389b868f105fc63959'),
(973, NULL, NULL, 'deal', 2, 54, '2011-08-03 11:54:42', '2011-08-03 11:54:42', 1, 'public/deal/d0/03/03cd_bb44.jpg', 'jpg', 'm_Doolys_grid_6.jpg', 'image', 'jpeg', 10821, 'c850bb443df6d5eb3ec419a8a98fa4a3'),
(974, 973, 'thumb.profile', 'deal', 2, 54, '2011-08-03 11:54:42', '2011-08-03 11:54:42', 1, 'public/deal/d1/03/03ce_c08d.jpg', 'jpg', 'p_Doolys_grid_6.jpg', 'image', 'jpeg', 9354, 'a466c08d7130deb9b521f6aea3a10a1a'),
(975, 973, 'thumb.normal', 'deal', 2, 54, '2011-08-03 11:54:42', '2011-08-03 11:54:42', 1, 'public/deal/d2/03/03cf_8588.jpg', 'jpg', 'in_Doolys_grid_6.jpg', 'image', 'jpeg', 3431, '232a85880c80742a1bda32399ed7ffa1'),
(976, 973, 'thumb.normal1', 'deal', 2, 54, '2011-08-03 11:54:42', '2011-08-03 11:54:42', 1, 'public/deal/d3/03/03d0_8a92.jpg', 'jpg', 'in1_Doolys_grid_6.jpg', 'image', 'jpeg', 7224, '01dd8a92559a11d0973cdca8bf992719'),
(977, 973, 'thumb.icon', 'deal', 2, 54, '2011-08-03 11:54:42', '2011-08-03 11:54:42', 1, 'public/deal/d4/03/03d1_6ece.jpg', 'jpg', 'is_Doolys_grid_6.jpg', 'image', 'jpeg', 1309, 'e9046ece43e6ccc4c9f5490757fdb829'),
(978, NULL, NULL, 'deal', 3, 54, '2011-08-03 12:07:41', '2011-08-03 12:07:41', 1, 'public/deal/d5/03/03d2_8bce.jpg', 'jpg', 'm_hotel1.jpg', 'image', 'jpeg', 47222, '1e668bce43e8656b5e11265405e5bb04'),
(979, 978, 'thumb.profile', 'deal', 3, 54, '2011-08-03 12:07:41', '2011-08-03 12:07:41', 1, 'public/deal/d6/03/03d3_86cb.jpg', 'jpg', 'p_hotel1.jpg', 'image', 'jpeg', 28420, 'c65a86cbd4f88f18bf5096f2417d2f78'),
(980, 978, 'thumb.normal', 'deal', 3, 54, '2011-08-03 12:07:41', '2011-08-03 12:07:41', 1, 'public/deal/d7/03/03d4_608d.jpg', 'jpg', 'in_hotel1.jpg', 'image', 'jpeg', 6981, 'f514608d90dd58cbc3e7cbf037256e1d'),
(981, 978, 'thumb.normal1', 'deal', 3, 54, '2011-08-03 12:07:41', '2011-08-03 12:07:41', 1, 'public/deal/d8/03/03d5_e8ac.jpg', 'jpg', 'in1_hotel1.jpg', 'image', 'jpeg', 17065, 'd476e8ac7683dd8f9bdb840dd9417190'),
(982, 978, 'thumb.icon', 'deal', 3, 54, '2011-08-03 12:07:41', '2011-08-03 12:07:41', 1, 'public/deal/d9/03/03d6_6096.jpg', 'jpg', 'is_hotel1.jpg', 'image', 'jpeg', 1542, '3b7760969bdebf10f776a1c4423cab74'),
(983, NULL, NULL, 'deal', 4, 59, '2011-08-03 12:13:19', '2011-08-03 12:13:19', 1, 'public/deal/da/03/03d7_ca06.jpg', 'jpg', 'm_natural_food.jpg', 'image', 'jpeg', 77346, '69d4ca068be5e768a018728e73bb9c27'),
(984, 983, 'thumb.profile', 'deal', 4, 59, '2011-08-03 12:13:19', '2011-08-03 12:13:19', 1, 'public/deal/db/03/03d8_ee8d.jpg', 'jpg', 'p_natural_food.jpg', 'image', 'jpeg', 30469, '28aeee8dc3c818941a3a1feb8ab14565'),
(985, 983, 'thumb.normal', 'deal', 4, 59, '2011-08-03 12:13:19', '2011-08-03 12:13:19', 1, 'public/deal/dc/03/03d9_02d9.jpg', 'jpg', 'in_natural_food.jpg', 'image', 'jpeg', 7651, '569f02d98504884ae2010d3dc035198c'),
(986, 983, 'thumb.normal1', 'deal', 4, 59, '2011-08-03 12:13:19', '2011-08-03 12:13:19', 1, 'public/deal/dd/03/03da_73f7.jpg', 'jpg', 'in1_natural_food.jpg', 'image', 'jpeg', 15137, 'd6b073f74a7d38ba51a14d2b1167b1e5'),
(987, 983, 'thumb.icon', 'deal', 4, 59, '2011-08-03 12:13:19', '2011-08-03 12:13:19', 1, 'public/deal/de/03/03db_74bc.jpg', 'jpg', 'is_natural_food.jpg', 'image', 'jpeg', 1615, '17bd74bc3cc0b1e66464aaca1847cd36'),
(988, NULL, NULL, 'deal', 5, 54, '2011-08-03 12:19:02', '2011-08-03 12:19:02', 1, 'public/deal/df/03/03dc_b21e.jpg', 'jpg', 'm_CrawlSF_grid_6.jpg', 'image', 'jpeg', 31453, '03b0b21eb55c2f7ea2f52b29844ab81e'),
(989, 988, 'thumb.profile', 'deal', 5, 54, '2011-08-03 12:19:02', '2011-08-03 12:19:02', 1, 'public/deal/e0/03/03dd_e6f3.jpg', 'jpg', 'p_CrawlSF_grid_6.jpg', 'image', 'jpeg', 24918, 'eabce6f368ee7637453d9de44c694065'),
(990, 988, 'thumb.normal', 'deal', 5, 54, '2011-08-03 12:19:02', '2011-08-03 12:19:02', 1, 'public/deal/e1/03/03de_c028.jpg', 'jpg', 'in_CrawlSF_grid_6.jpg', 'image', 'jpeg', 6886, 'eb78c028603e1c60a9892724b0356540'),
(991, 988, 'thumb.normal1', 'deal', 5, 54, '2011-08-03 12:19:02', '2011-08-03 12:19:02', 1, 'public/deal/e2/03/03df_5c48.jpg', 'jpg', 'in1_CrawlSF_grid_6.jpg', 'image', 'jpeg', 18303, '6ec85c489c1b65f547d85165ae3ea9ea'),
(992, 988, 'thumb.icon', 'deal', 5, 54, '2011-08-03 12:19:02', '2011-08-03 12:19:02', 1, 'public/deal/e3/03/03e0_1329.jpg', 'jpg', 'is_CrawlSF_grid_6.jpg', 'image', 'jpeg', 1657, '7a7b1329f7c6d6c5cc0e6fe0c0a4c9e1'),
(993, NULL, NULL, 'temporary', 1, NULL, '2011-08-03 12:38:15', '2011-08-03 12:38:15', 1, 'public/temporary/e4/03/03e1_22b0.jpg', 'jpg', 'm_a4.jpg', 'image', 'jpeg', 3827, '72bf22b0ec823a386aeb40c809a470d9'),
(994, 993, 'thumb.profile', 'temporary', 1, NULL, '2011-08-03 12:38:15', '2011-08-03 12:38:15', 1, 'public/temporary/e5/03/03e2_22b0.jpg', 'jpg', 'p_a4.jpg', 'image', 'jpeg', 3827, '72bf22b0ec823a386aeb40c809a470d9'),
(995, 993, 'thumb.normal', 'temporary', 1, NULL, '2011-08-03 12:38:15', '2011-08-03 12:38:15', 1, 'public/temporary/e6/03/03e3_3a42.jpg', 'jpg', 'n_a4.jpg', 'image', 'jpeg', 1113, '74373a421c8c3018ae198f012abcb8b9');
INSERT INTO `engine4_storage_files` (`file_id`, `parent_file_id`, `type`, `parent_type`, `parent_id`, `user_id`, `creation_date`, `modified_date`, `service_id`, `storage_path`, `extension`, `name`, `mime_major`, `mime_minor`, `size`, `hash`) VALUES
(996, 993, 'thumb.icon', 'temporary', 1, NULL, '2011-08-03 12:38:15', '2011-08-03 12:38:15', 1, 'public/temporary/e7/03/03e4_7cf5.jpg', 'jpg', 's_a4.jpg', 'image', 'jpeg', 1177, 'f3e17cf5cf84864d339aa9508f9aea7a'),
(997, NULL, NULL, 'deal', 6, 54, '2011-08-03 12:40:59', '2011-08-03 12:40:59', 1, 'public/deal/e8/03/03e5_b70c.jpg', 'jpg', 'm_Palomo-Archery_grid_6.jpg', 'image', 'jpeg', 22680, '9432b70c8720924918c7b0ada9e2eeb1'),
(998, 997, 'thumb.profile', 'deal', 6, 54, '2011-08-03 12:40:59', '2011-08-03 12:40:59', 1, 'public/deal/e9/03/03e6_4e91.jpg', 'jpg', 'p_Palomo-Archery_grid_6.jpg', 'image', 'jpeg', 17715, 'a8ad4e917f6524b7ee3adc753a384d27'),
(999, 997, 'thumb.normal', 'deal', 6, 54, '2011-08-03 12:40:59', '2011-08-03 12:40:59', 1, 'public/deal/ea/03/03e7_2a8c.jpg', 'jpg', 'in_Palomo-Archery_grid_6.jpg', 'image', 'jpeg', 4866, 'ec492a8cdd0d5df9a840e6115ce4b5bb'),
(1000, 997, 'thumb.normal1', 'deal', 6, 54, '2011-08-03 12:40:59', '2011-08-03 12:40:59', 1, 'public/deal/eb/03/03e8_a26a.jpg', 'jpg', 'in1_Palomo-Archery_grid_6.jpg', 'image', 'jpeg', 12656, 'dbb8a26a2a251f36fcc2a50251598d04'),
(1001, 997, 'thumb.icon', 'deal', 6, 54, '2011-08-03 12:40:59', '2011-08-03 12:40:59', 1, 'public/deal/ec/03/03e9_27a5.jpg', 'jpg', 'is_Palomo-Archery_grid_6.jpg', 'image', 'jpeg', 1318, 'c76627a5c7369982ce19abbdf9d03140'),
(1002, NULL, NULL, 'deal', 3, 54, '2011-08-03 12:49:15', '2011-08-03 12:49:15', 1, 'public/deal/ed/03/03ea_4551.jpg', 'jpg', 'm_phpcLbZKm.jpg', 'image', 'jpeg', 27321, '31cd455138cb0873924f452f7a55967f'),
(1003, 1002, 'thumb.profile', 'deal', 3, 54, '2011-08-03 12:49:15', '2011-08-03 12:49:15', 1, 'public/deal/ee/03/03eb_ca14.jpg', 'jpg', 'p_phpcLbZKm.jpg', 'image', 'jpeg', 22888, 'eb6cca140b19160985eff150a9c607fc'),
(1004, 1002, 'thumb.normal', 'deal', 3, 54, '2011-08-03 12:49:15', '2011-08-03 12:49:15', 1, 'public/deal/ef/03/03ec_4244.jpg', 'jpg', 't_phpcLbZKm.jpg', 'image', 'jpeg', 6450, '08214244a3cee6ef90d062de5ff0c921'),
(1005, 1002, 'thumb.normal1', 'deal', 3, 54, '2011-08-03 12:49:15', '2011-08-03 12:49:15', 1, 'public/deal/f0/03/03ed_cd3f.jpg', 'jpg', 't1_phpcLbZKm.jpg', 'image', 'jpeg', 11029, '72a4cd3f8d963370a4889a1086f6e41a'),
(1006, NULL, NULL, 'deal', 3, 54, '2011-08-03 12:49:17', '2011-08-03 12:49:17', 1, 'public/deal/f1/03/03ee_8bce.jpg', 'jpg', 'm_phpcQwIlk.jpg', 'image', 'jpeg', 47222, '1e668bce43e8656b5e11265405e5bb04'),
(1007, 1006, 'thumb.profile', 'deal', 3, 54, '2011-08-03 12:49:17', '2011-08-03 12:49:17', 1, 'public/deal/f2/03/03ef_86cb.jpg', 'jpg', 'p_phpcQwIlk.jpg', 'image', 'jpeg', 28420, 'c65a86cbd4f88f18bf5096f2417d2f78'),
(1008, 1006, 'thumb.normal', 'deal', 3, 54, '2011-08-03 12:49:17', '2011-08-03 12:49:17', 1, 'public/deal/f3/03/03f0_608d.jpg', 'jpg', 't_phpcQwIlk.jpg', 'image', 'jpeg', 6981, 'f514608d90dd58cbc3e7cbf037256e1d'),
(1009, 1006, 'thumb.normal1', 'deal', 3, 54, '2011-08-03 12:49:17', '2011-08-03 12:49:17', 1, 'public/deal/f4/03/03f1_e8ac.jpg', 'jpg', 't1_phpcQwIlk.jpg', 'image', 'jpeg', 17065, 'd476e8ac7683dd8f9bdb840dd9417190'),
(1010, NULL, NULL, 'deal', 3, 54, '2011-08-03 12:49:19', '2011-08-03 12:49:19', 1, 'public/deal/f5/03/03f2_7d81.jpg', 'jpg', 'm_php0CnL7l.jpg', 'image', 'jpeg', 54120, '470e7d817fba43fe19c98159ed132010'),
(1011, 1010, 'thumb.profile', 'deal', 3, 54, '2011-08-03 12:49:19', '2011-08-03 12:49:19', 1, 'public/deal/f6/03/03f3_8ab7.jpg', 'jpg', 'p_php0CnL7l.jpg', 'image', 'jpeg', 23017, '29628ab779a48102fef1475eae79efa2'),
(1012, 1010, 'thumb.normal', 'deal', 3, 54, '2011-08-03 12:49:19', '2011-08-03 12:49:19', 1, 'public/deal/f7/03/03f4_9252.jpg', 'jpg', 't_php0CnL7l.jpg', 'image', 'jpeg', 6172, '2ca09252df3d8a8766e13274a0e6475b'),
(1013, 1010, 'thumb.normal1', 'deal', 3, 54, '2011-08-03 12:49:19', '2011-08-03 12:49:19', 1, 'public/deal/f8/03/03f5_087a.jpg', 'jpg', 't1_php0CnL7l.jpg', 'image', 'jpeg', 11873, 'cb03087ab9ed3cbe14c623f242a68903'),
(1014, NULL, NULL, 'deal', 3, 54, '2011-08-03 12:49:20', '2011-08-03 12:49:20', 1, 'public/deal/f9/03/03f6_30aa.jpg', 'jpg', 'm_phpAyS7Br.jpg', 'image', 'jpeg', 58539, '261430aa3f6c3a2e8af03fabb6d63695'),
(1015, 1014, 'thumb.profile', 'deal', 3, 54, '2011-08-03 12:49:20', '2011-08-03 12:49:20', 1, 'public/deal/fa/03/03f7_b9c5.jpg', 'jpg', 'p_phpAyS7Br.jpg', 'image', 'jpeg', 19715, '3fd7b9c5e4b1783bb6c76735a133f00e'),
(1016, 1014, 'thumb.normal', 'deal', 3, 54, '2011-08-03 12:49:20', '2011-08-03 12:49:20', 1, 'public/deal/fb/03/03f8_adc2.jpg', 'jpg', 't_phpAyS7Br.jpg', 'image', 'jpeg', 5281, '43dfadc2bff47907b75eaf87477fc90d'),
(1017, 1014, 'thumb.normal1', 'deal', 3, 54, '2011-08-03 12:49:20', '2011-08-03 12:49:20', 1, 'public/deal/fc/03/03f9_49cc.jpg', 'jpg', 't1_phpAyS7Br.jpg', 'image', 'jpeg', 11371, '245149ccf47bfc4706b914b7a9b59b98'),
(1018, NULL, NULL, 'deal', 7, 60, '2011-08-03 12:52:20', '2011-08-03 12:52:20', 1, 'public/deal/fd/03/03fa_d475.jpg', 'jpg', 'm_Moonrise-Hotel_Secondary1_wide.jpg', 'image', 'jpeg', 54180, '84c9d475f51b510341c13f7153cdc137'),
(1019, 1018, 'thumb.profile', 'deal', 7, 60, '2011-08-03 12:52:20', '2011-08-03 12:52:20', 1, 'public/deal/fe/03/03fb_7724.jpg', 'jpg', 'p_Moonrise-Hotel_Secondary1_wide.jpg', 'image', 'jpeg', 21724, '9a14772415de89c704cf02cd4a941e9a'),
(1020, 1018, 'thumb.normal', 'deal', 7, 60, '2011-08-03 12:52:20', '2011-08-03 12:52:20', 1, 'public/deal/00/04/03fc_aaaa.jpg', 'jpg', 'in_Moonrise-Hotel_Secondary1_wide.jpg', 'image', 'jpeg', 5874, 'd63aaaaada5befe080412d2929a34a58'),
(1021, 1018, 'thumb.normal1', 'deal', 7, 60, '2011-08-03 12:52:20', '2011-08-03 12:52:20', 1, 'public/deal/01/04/03fd_70ac.jpg', 'jpg', 'in1_Moonrise-Hotel_Secondary1_wide.jpg', 'image', 'jpeg', 15739, '7dc170ac08bdf8084f15543583b1662d'),
(1022, 1018, 'thumb.icon', 'deal', 7, 60, '2011-08-03 12:52:20', '2011-08-03 12:52:20', 1, 'public/deal/02/04/03fe_dab5.jpg', 'jpg', 'is_Moonrise-Hotel_Secondary1_wide.jpg', 'image', 'jpeg', 1514, 'ff77dab5d381af6780b8ac3ac6f3532e'),
(1023, NULL, NULL, 'user', 59, 59, '2011-08-03 12:53:48', '2011-08-03 12:53:48', 1, 'public/user/03/04/03ff_4611.jpg', 'jpg', 'art4social_banner_m.jpg', 'image', 'jpeg', 7137, '39d34611267b9c1ea6a50a115c3c73c7'),
(1024, 1023, 'thumb.profile', 'user', 59, 59, '2011-08-03 12:53:48', '2011-08-03 12:53:48', 1, 'public/user/04/04/0400_9e8c.jpg', 'jpg', 'art4social_banner_p.jpg', 'image', 'jpeg', 5174, '20fb9e8c094f2829fa7edb0f4f616a8a'),
(1025, 1023, 'thumb.normal', 'user', 59, 59, '2011-08-03 12:53:48', '2011-08-03 12:53:48', 1, 'public/user/05/04/0401_777c.jpg', 'jpg', 'art4social_banner_in.jpg', 'image', 'jpeg', 3549, 'd7e6777c3f04d47b91e116710f919916'),
(1026, 1023, 'thumb.icon', 'user', 59, 59, '2011-08-03 12:53:48', '2011-08-03 12:53:48', 1, 'public/user/06/04/0402_425f.jpg', 'jpg', 'art4social_banner_is.jpg', 'image', 'jpeg', 1394, '3ade425fc4de8bafc4cad48e7e134dff'),
(1027, NULL, NULL, 'deal', 8, 59, '2011-08-03 13:02:24', '2011-08-03 13:02:24', 1, 'public/deal/07/04/0403_0f38.jpg', 'jpg', 'm_fern-leaf-coffee-art.jpg', 'image', 'jpeg', 27762, '7c9d0f387d6840b2237e88f06bab658b'),
(1028, 1027, 'thumb.profile', 'deal', 8, 59, '2011-08-03 13:02:24', '2011-08-03 13:02:24', 1, 'public/deal/08/04/0404_b282.jpg', 'jpg', 'p_fern-leaf-coffee-art.jpg', 'image', 'jpeg', 11933, 'a1bfb282cddf97213fc6b2fa80d2111a'),
(1029, 1027, 'thumb.normal', 'deal', 8, 59, '2011-08-03 13:02:24', '2011-08-03 13:02:24', 1, 'public/deal/09/04/0405_f4ec.jpg', 'jpg', 'in_fern-leaf-coffee-art.jpg', 'image', 'jpeg', 3750, 'bf51f4ecb7c776836343f3409c32436e'),
(1030, 1027, 'thumb.normal1', 'deal', 8, 59, '2011-08-03 13:02:24', '2011-08-03 13:02:24', 1, 'public/deal/0a/04/0406_912b.jpg', 'jpg', 'in1_fern-leaf-coffee-art.jpg', 'image', 'jpeg', 7727, '17a5912b971f63e0a7555f4003504567'),
(1031, 1027, 'thumb.icon', 'deal', 8, 59, '2011-08-03 13:02:24', '2011-08-03 13:02:24', 1, 'public/deal/0b/04/0407_cfdb.jpg', 'jpg', 'is_fern-leaf-coffee-art.jpg', 'image', 'jpeg', 1375, '5e10cfdb43a7adca0301259b9aaa9dcf'),
(1032, NULL, NULL, 'deal', 8, 59, '2011-08-03 13:03:47', '2011-08-03 13:03:47', 1, 'public/deal/0c/04/0408_bf85.gif', 'gif', 'm_phpWCyziJ.gif', 'image', 'gif', 49941, 'e711bf85aca506302da0e7e0daac2c4b'),
(1033, 1032, 'thumb.profile', 'deal', 8, 59, '2011-08-03 13:03:47', '2011-08-03 13:03:47', 1, 'public/deal/0d/04/0409_bf85.gif', 'gif', 'p_phpWCyziJ.gif', 'image', 'gif', 49941, 'e711bf85aca506302da0e7e0daac2c4b'),
(1034, 1032, 'thumb.normal', 'deal', 8, 59, '2011-08-03 13:03:47', '2011-08-03 13:03:47', 1, 'public/deal/0e/04/040a_80b2.gif', 'gif', 't_phpWCyziJ.gif', 'image', 'gif', 11934, '6ec380b23ef6a63262a637b56a2272ab'),
(1035, 1032, 'thumb.normal1', 'deal', 8, 59, '2011-08-03 13:03:47', '2011-08-03 13:03:47', 1, 'public/deal/0f/04/040b_3979.gif', 'gif', 't1_phpWCyziJ.gif', 'image', 'gif', 21317, 'c7c43979fed50ad85b6e8e172a0e4aca'),
(1036, NULL, NULL, 'deal', 8, 59, '2011-08-03 13:03:50', '2011-08-03 13:03:50', 1, 'public/deal/10/04/040c_6b8e.jpg', 'jpg', 'm_phpjfSJqm.jpg', 'image', 'jpeg', 78287, 'fd066b8e322cfde2e6bd6f1d7e824d49'),
(1037, 1036, 'thumb.profile', 'deal', 8, 59, '2011-08-03 13:03:50', '2011-08-03 13:03:50', 1, 'public/deal/11/04/040d_a690.jpg', 'jpg', 'p_phpjfSJqm.jpg', 'image', 'jpeg', 30984, 'd609a69014698587820f3acdc3fb6dcd'),
(1038, 1036, 'thumb.normal', 'deal', 8, 59, '2011-08-03 13:03:50', '2011-08-03 13:03:50', 1, 'public/deal/12/04/040e_8471.jpg', 'jpg', 't_phpjfSJqm.jpg', 'image', 'jpeg', 8005, 'e51a8471c97e558c749930c12fefd32d'),
(1039, 1036, 'thumb.normal1', 'deal', 8, 59, '2011-08-03 13:03:50', '2011-08-03 13:03:50', 1, 'public/deal/13/04/040f_974c.jpg', 'jpg', 't1_phpjfSJqm.jpg', 'image', 'jpeg', 18956, 'b1a8974c9d6a8bbf7d99c660dcf1ee8d'),
(1040, NULL, NULL, 'deal', 9, 54, '2011-08-03 13:35:24', '2011-08-03 13:35:24', 1, 'public/deal/14/04/0410_b116.jpg', 'jpg', 'm_START-Fitness2_grid_6.jpg', 'image', 'jpeg', 19369, '6772b116865537ec71ba2233695756dd'),
(1041, 1040, 'thumb.profile', 'deal', 9, 54, '2011-08-03 13:35:24', '2011-08-03 13:35:24', 1, 'public/deal/15/04/0411_9d10.jpg', 'jpg', 'p_START-Fitness2_grid_6.jpg', 'image', 'jpeg', 15987, '07b09d103befad4c399d3c5f3b86455c'),
(1042, 1040, 'thumb.normal', 'deal', 9, 54, '2011-08-03 13:35:24', '2011-08-03 13:35:24', 1, 'public/deal/16/04/0412_15d2.jpg', 'jpg', 'in_START-Fitness2_grid_6.jpg', 'image', 'jpeg', 5229, 'c9cd15d215fab41e9caa92afec17c841'),
(1043, 1040, 'thumb.normal1', 'deal', 9, 54, '2011-08-03 13:35:24', '2011-08-03 13:35:24', 1, 'public/deal/17/04/0413_abd1.jpg', 'jpg', 'in1_START-Fitness2_grid_6.jpg', 'image', 'jpeg', 12099, 'eeedabd1ccac41a1f574806b2f2111d1'),
(1044, 1040, 'thumb.icon', 'deal', 9, 54, '2011-08-03 13:35:24', '2011-08-03 13:35:24', 1, 'public/deal/18/04/0414_045f.jpg', 'jpg', 'is_START-Fitness2_grid_6.jpg', 'image', 'jpeg', 1518, 'e444045f161e1e1754ad6e5db0e7f4b9'),
(1045, NULL, NULL, 'deal', 10, 59, '2011-08-04 03:42:58', '2011-08-04 03:42:58', 1, 'public/deal/19/04/0415_58b5.jpg', 'jpg', 'm_Opus-Hotel-Montreal_Primary2_wide.jpg', 'image', 'jpeg', 57127, 'e32258b57a7b32ddc3644c1251b83ab2'),
(1046, 1045, 'thumb.profile', 'deal', 10, 59, '2011-08-04 03:42:58', '2011-08-04 03:42:58', 1, 'public/deal/1a/04/0416_a2d2.jpg', 'jpg', 'p_Opus-Hotel-Montreal_Primary2_wide.jpg', 'image', 'jpeg', 22465, 'b020a2d2bdcd4d2c076cb84a396e7ab9'),
(1047, 1045, 'thumb.normal', 'deal', 10, 59, '2011-08-04 03:42:58', '2011-08-04 03:42:58', 1, 'public/deal/1b/04/0417_248b.jpg', 'jpg', 'in_Opus-Hotel-Montreal_Primary2_wide.jpg', 'image', 'jpeg', 5926, '6f0c248b441f6c514191a448bbe94576'),
(1048, 1045, 'thumb.normal1', 'deal', 10, 59, '2011-08-04 03:42:59', '2011-08-04 03:42:59', 1, 'public/deal/1c/04/0418_95ce.jpg', 'jpg', 'in1_Opus-Hotel-Montreal_Primary2_wide.jpg', 'image', 'jpeg', 16046, '062595ce83464124a994066d4779e9cc'),
(1049, 1045, 'thumb.icon', 'deal', 10, 59, '2011-08-04 03:42:59', '2011-08-04 03:42:59', 1, 'public/deal/1d/04/0419_3ade.jpg', 'jpg', 'is_Opus-Hotel-Montreal_Primary2_wide.jpg', 'image', 'jpeg', 1573, '50793adef62580e0e144b2dedf8c39fa'),
(1050, NULL, NULL, 'deal', 10, 59, '2011-08-04 03:47:48', '2011-08-04 03:47:48', 1, 'public/deal/1e/04/041a_6b8e.jpg', 'jpg', 'm_phpTQFJej.jpg', 'image', 'jpeg', 78287, 'fd066b8e322cfde2e6bd6f1d7e824d49'),
(1051, 1050, 'thumb.profile', 'deal', 10, 59, '2011-08-04 03:47:48', '2011-08-04 03:47:48', 1, 'public/deal/1f/04/041b_a690.jpg', 'jpg', 'p_phpTQFJej.jpg', 'image', 'jpeg', 30984, 'd609a69014698587820f3acdc3fb6dcd'),
(1052, 1050, 'thumb.normal', 'deal', 10, 59, '2011-08-04 03:47:48', '2011-08-04 03:47:48', 1, 'public/deal/20/04/041c_8471.jpg', 'jpg', 't_phpTQFJej.jpg', 'image', 'jpeg', 8005, 'e51a8471c97e558c749930c12fefd32d'),
(1053, 1050, 'thumb.normal1', 'deal', 10, 59, '2011-08-04 03:47:48', '2011-08-04 03:47:48', 1, 'public/deal/21/04/041d_974c.jpg', 'jpg', 't1_phpTQFJej.jpg', 'image', 'jpeg', 18956, 'b1a8974c9d6a8bbf7d99c660dcf1ee8d'),
(1054, NULL, NULL, 'deal', 10, 59, '2011-08-04 03:47:49', '2011-08-04 03:47:49', 1, 'public/deal/22/04/041e_a34e.jpg', 'jpg', 'm_phpeXMJoq.jpg', 'image', 'jpeg', 19186, '0626a34eb2bb6be79fe41ae9359fd524'),
(1055, 1054, 'thumb.profile', 'deal', 10, 59, '2011-08-04 03:47:49', '2011-08-04 03:47:49', 1, 'public/deal/23/04/041f_2891.jpg', 'jpg', 'p_phpeXMJoq.jpg', 'image', 'jpeg', 16063, '6f862891def170bc6c743822686ff2b6'),
(1056, 1054, 'thumb.normal', 'deal', 10, 59, '2011-08-04 03:47:49', '2011-08-04 03:47:49', 1, 'public/deal/24/04/0420_3239.jpg', 'jpg', 't_phpeXMJoq.jpg', 'image', 'jpeg', 5041, '10a632390b092336f65bc02d2b51d12e'),
(1057, 1054, 'thumb.normal1', 'deal', 10, 59, '2011-08-04 03:47:49', '2011-08-04 03:47:49', 1, 'public/deal/25/04/0421_1c5e.jpg', 'jpg', 't1_phpeXMJoq.jpg', 'image', 'jpeg', 12063, 'cb051c5efa67bba88fa68f1ceb924fc6'),
(1058, NULL, NULL, 'deal', 11, 59, '2011-08-04 03:55:00', '2011-08-04 03:55:00', 1, 'public/deal/26/04/0422_a34e.jpg', 'jpg', 'm_Melange-Restaurant-_-Gastro-Lounge2_grid_6.jpg', 'image', 'jpeg', 19186, '0626a34eb2bb6be79fe41ae9359fd524'),
(1059, 1058, 'thumb.profile', 'deal', 11, 59, '2011-08-04 03:55:00', '2011-08-04 03:55:00', 1, 'public/deal/27/04/0423_2891.jpg', 'jpg', 'p_Melange-Restaurant-_-Gastro-Lounge2_grid_6.jpg', 'image', 'jpeg', 16063, '6f862891def170bc6c743822686ff2b6'),
(1060, 1058, 'thumb.normal', 'deal', 11, 59, '2011-08-04 03:55:00', '2011-08-04 03:55:00', 1, 'public/deal/28/04/0424_3239.jpg', 'jpg', 'in_Melange-Restaurant-_-Gastro-Lounge2_grid_6.jpg', 'image', 'jpeg', 5041, '10a632390b092336f65bc02d2b51d12e'),
(1061, 1058, 'thumb.normal1', 'deal', 11, 59, '2011-08-04 03:55:00', '2011-08-04 03:55:00', 1, 'public/deal/29/04/0425_1c5e.jpg', 'jpg', 'in1_Melange-Restaurant-_-Gastro-Lounge2_grid_6.jpg', 'image', 'jpeg', 12063, 'cb051c5efa67bba88fa68f1ceb924fc6'),
(1062, 1058, 'thumb.icon', 'deal', 11, 59, '2011-08-04 03:55:00', '2011-08-04 03:55:00', 1, 'public/deal/2a/04/0426_5466.jpg', 'jpg', 'is_Melange-Restaurant-_-Gastro-Lounge2_grid_6.jpg', 'image', 'jpeg', 1488, '6b7d5466594f0bec89130e6c071e378d'),
(1063, NULL, NULL, 'deal', 12, 54, '2011-08-04 06:59:08', '2011-08-04 06:59:08', 1, 'public/deal/2b/04/0427_46ba.jpg', 'jpg', 'm_Festival-Opera_The-Most-Happy-Fella_grid_6.jpg', 'image', 'jpeg', 31310, '908846ba0ca0c37e09c02998d86f63e5'),
(1064, 1063, 'thumb.profile', 'deal', 12, 54, '2011-08-04 06:59:08', '2011-08-04 06:59:08', 1, 'public/deal/2c/04/0428_e481.jpg', 'jpg', 'p_Festival-Opera_The-Most-Happy-Fella_grid_6.jpg', 'image', 'jpeg', 23105, '74b7e48165debee176e0c7a759ccfe55'),
(1065, 1063, 'thumb.normal', 'deal', 12, 54, '2011-08-04 06:59:08', '2011-08-04 06:59:08', 1, 'public/deal/2d/04/0429_9dc1.jpg', 'jpg', 'in_Festival-Opera_The-Most-Happy-Fella_grid_6.jpg', 'image', 'jpeg', 5681, 'ea7a9dc193683346c4fe8544cdad5290'),
(1066, 1063, 'thumb.normal1', 'deal', 12, 54, '2011-08-04 06:59:08', '2011-08-04 06:59:08', 1, 'public/deal/2e/04/042a_af84.jpg', 'jpg', 'in1_Festival-Opera_The-Most-Happy-Fella_grid_6.jpg', 'image', 'jpeg', 16296, '43baaf849204b0aae2ffcb1441aa322c'),
(1067, 1063, 'thumb.icon', 'deal', 12, 54, '2011-08-04 06:59:08', '2011-08-04 06:59:08', 1, 'public/deal/2f/04/042b_ce03.jpg', 'jpg', 'is_Festival-Opera_The-Most-Happy-Fella_grid_6.jpg', 'image', 'jpeg', 1376, '1cf8ce032d31a4b15139e4194f6dc38e'),
(1068, NULL, NULL, 'deal', 13, 59, '2011-08-04 07:57:58', '2011-08-04 07:57:58', 1, 'public/deal/30/04/042c_d585.jpg', 'jpg', 'm_spamain.jpg', 'image', 'jpeg', 21509, '8393d585fd316fce34e51678fb229433'),
(1069, 1068, 'thumb.profile', 'deal', 13, 59, '2011-08-04 07:57:58', '2011-08-04 07:57:58', 1, 'public/deal/31/04/042d_96be.jpg', 'jpg', 'p_spamain.jpg', 'image', 'jpeg', 11416, '62e196bedc1ce8697c72b9c533764295'),
(1070, 1068, 'thumb.normal', 'deal', 13, 59, '2011-08-04 07:57:58', '2011-08-04 07:57:58', 1, 'public/deal/32/04/042e_ccc1.jpg', 'jpg', 'in_spamain.jpg', 'image', 'jpeg', 3854, 'a8e5ccc1e90bd000142c65d053458f8e'),
(1071, 1068, 'thumb.normal1', 'deal', 13, 59, '2011-08-04 07:57:58', '2011-08-04 07:57:58', 1, 'public/deal/33/04/042f_2d4a.jpg', 'jpg', 'in1_spamain.jpg', 'image', 'jpeg', 9298, 'af142d4af445286bb79fb1f80db2f564'),
(1072, 1068, 'thumb.icon', 'deal', 13, 59, '2011-08-04 07:57:58', '2011-08-04 07:57:58', 1, 'public/deal/34/04/0430_21b3.jpg', 'jpg', 'is_spamain.jpg', 'image', 'jpeg', 1344, '6f7321b34455be0744cdea90b9614066'),
(1073, NULL, NULL, 'deal', 13, 59, '2011-08-04 07:59:00', '2011-08-04 07:59:00', 1, 'public/deal/35/04/0431_c3cd.jpg', 'jpg', 'm_php1QPEfH.jpg', 'image', 'jpeg', 10456, '7445c3cdd8adc861488a49e5f235a1e9'),
(1074, 1073, 'thumb.profile', 'deal', 13, 59, '2011-08-04 07:59:00', '2011-08-04 07:59:00', 1, 'public/deal/36/04/0432_c3cd.jpg', 'jpg', 'p_php1QPEfH.jpg', 'image', 'jpeg', 10456, '7445c3cdd8adc861488a49e5f235a1e9'),
(1075, 1073, 'thumb.normal', 'deal', 13, 59, '2011-08-04 07:59:00', '2011-08-04 07:59:00', 1, 'public/deal/37/04/0433_9cb1.jpg', 'jpg', 't_php1QPEfH.jpg', 'image', 'jpeg', 3085, '4b7d9cb19a309b0af86446c2e7520f5e'),
(1076, 1073, 'thumb.normal1', 'deal', 13, 59, '2011-08-04 07:59:00', '2011-08-04 07:59:00', 1, 'public/deal/38/04/0434_9fbb.jpg', 'jpg', 't1_php1QPEfH.jpg', 'image', 'jpeg', 4616, '0f859fbb3d68ceaf0b4f87f670b67a48'),
(1077, NULL, NULL, 'deal', 13, 59, '2011-08-04 07:59:02', '2011-08-04 07:59:02', 1, 'public/deal/39/04/0435_8b28.jpg', 'jpg', 'm_phpvF0NEz.jpg', 'image', 'jpeg', 56566, '534f8b2853b9a3ffccf76b5d290e9c64'),
(1078, 1077, 'thumb.profile', 'deal', 13, 59, '2011-08-04 07:59:02', '2011-08-04 07:59:02', 1, 'public/deal/3a/04/0436_02f2.jpg', 'jpg', 'p_phpvF0NEz.jpg', 'image', 'jpeg', 30062, 'd9f702f2c081a6676c5f2103fe67511c'),
(1079, 1077, 'thumb.normal', 'deal', 13, 59, '2011-08-04 07:59:02', '2011-08-04 07:59:02', 1, 'public/deal/3b/04/0437_c44d.jpg', 'jpg', 't_phpvF0NEz.jpg', 'image', 'jpeg', 5521, '35c3c44dfc084c47e65348dc7c37ea8e'),
(1080, 1077, 'thumb.normal1', 'deal', 13, 59, '2011-08-04 07:59:02', '2011-08-04 07:59:02', 1, 'public/deal/3c/04/0438_d575.jpg', 'jpg', 't1_phpvF0NEz.jpg', 'image', 'jpeg', 9349, '989ad5757ce05c341ec7e035dec29484'),
(1081, NULL, NULL, 'deal', 13, 59, '2011-08-04 07:59:04', '2011-08-04 07:59:04', 1, 'public/deal/3d/04/0439_ac3f.jpg', 'jpg', 'm_phpJ1mPSx.jpg', 'image', 'jpeg', 36382, 'a9ccac3f8619deeb74647bd6ed48e200'),
(1082, 1081, 'thumb.profile', 'deal', 13, 59, '2011-08-04 07:59:04', '2011-08-04 07:59:04', 1, 'public/deal/3e/04/043a_b2b5.jpg', 'jpg', 'p_phpJ1mPSx.jpg', 'image', 'jpeg', 21031, '30bbb2b556636b8dcc6c0acb052a0b3b'),
(1083, 1081, 'thumb.normal', 'deal', 13, 59, '2011-08-04 07:59:04', '2011-08-04 07:59:04', 1, 'public/deal/3f/04/043b_74a8.jpg', 'jpg', 't_phpJ1mPSx.jpg', 'image', 'jpeg', 5791, '890574a89daa44e69b08862cb4ce9dc8'),
(1084, 1081, 'thumb.normal1', 'deal', 13, 59, '2011-08-04 07:59:04', '2011-08-04 07:59:04', 1, 'public/deal/40/04/043c_b144.jpg', 'jpg', 't1_phpJ1mPSx.jpg', 'image', 'jpeg', 16596, 'a68ab144134754a2ec4d1a8ba094f6e7'),
(1085, NULL, NULL, 'deal', 13, 59, '2011-08-04 07:59:06', '2011-08-04 07:59:06', 1, 'public/deal/41/04/043d_85d6.jpg', 'jpg', 'm_phpR8EcbA.jpg', 'image', 'jpeg', 42850, 'e7a485d6fecb5efd05f610deddbdf5b6'),
(1086, 1085, 'thumb.profile', 'deal', 13, 59, '2011-08-04 07:59:06', '2011-08-04 07:59:06', 1, 'public/deal/42/04/043e_67db.jpg', 'jpg', 'p_phpR8EcbA.jpg', 'image', 'jpeg', 16861, 'cef967db9d9448522eb19df3dd84a464'),
(1087, 1085, 'thumb.normal', 'deal', 13, 59, '2011-08-04 07:59:06', '2011-08-04 07:59:06', 1, 'public/deal/43/04/043f_9ec5.jpg', 'jpg', 't_phpR8EcbA.jpg', 'image', 'jpeg', 4888, 'eb609ec5c480d8f2fabadb453d03f973'),
(1088, 1085, 'thumb.normal1', 'deal', 13, 59, '2011-08-04 07:59:06', '2011-08-04 07:59:06', 1, 'public/deal/44/04/0440_c4c2.jpg', 'jpg', 't1_phpR8EcbA.jpg', 'image', 'jpeg', 8288, '3cb0c4c29f76d8e3f908f2cdbdb6b56f'),
(1089, NULL, NULL, 'deal', 13, 59, '2011-08-04 07:59:07', '2011-08-04 07:59:07', 1, 'public/deal/45/04/0441_9b35.jpg', 'jpg', 'm_phpLSo4fH.jpg', 'image', 'jpeg', 15498, 'e2389b35a86fdcdb7b69187216445416'),
(1090, 1089, 'thumb.profile', 'deal', 13, 59, '2011-08-04 07:59:07', '2011-08-04 07:59:07', 1, 'public/deal/46/04/0442_9b35.jpg', 'jpg', 'p_phpLSo4fH.jpg', 'image', 'jpeg', 15498, 'e2389b35a86fdcdb7b69187216445416'),
(1091, 1089, 'thumb.normal', 'deal', 13, 59, '2011-08-04 07:59:07', '2011-08-04 07:59:07', 1, 'public/deal/47/04/0443_a42d.jpg', 'jpg', 't_phpLSo4fH.jpg', 'image', 'jpeg', 4957, '7cc7a42ddf91714035207ea779bbd751'),
(1092, 1089, 'thumb.normal1', 'deal', 13, 59, '2011-08-04 07:59:07', '2011-08-04 07:59:07', 1, 'public/deal/48/04/0444_5703.jpg', 'jpg', 't1_phpLSo4fH.jpg', 'image', 'jpeg', 7768, 'e70b57037001990ca2876e6389c5bd92'),
(1093, NULL, NULL, 'deal', 13, 59, '2011-08-04 07:59:08', '2011-08-04 07:59:08', 1, 'public/deal/49/04/0445_3b13.jpg', 'jpg', 'm_phpz7d8fR.jpg', 'image', 'jpeg', 21650, '67b63b130144aecf7884392ad476f488'),
(1094, 1093, 'thumb.profile', 'deal', 13, 59, '2011-08-04 07:59:08', '2011-08-04 07:59:08', 1, 'public/deal/4a/04/0446_3a4d.jpg', 'jpg', 'p_phpz7d8fR.jpg', 'image', 'jpeg', 16156, 'c9f63a4de4586350dff3269b0710f405'),
(1095, 1093, 'thumb.normal', 'deal', 13, 59, '2011-08-04 07:59:08', '2011-08-04 07:59:08', 1, 'public/deal/4b/04/0447_304a.jpg', 'jpg', 't_phpz7d8fR.jpg', 'image', 'jpeg', 4793, '958a304a2224bd998be0400bd28225e9'),
(1096, 1093, 'thumb.normal1', 'deal', 13, 59, '2011-08-04 07:59:08', '2011-08-04 07:59:08', 1, 'public/deal/4c/04/0448_c638.jpg', 'jpg', 't1_phpz7d8fR.jpg', 'image', 'jpeg', 10370, 'db09c638ac61b217381dd157d502b0f0'),
(1097, NULL, NULL, 'user', 62, NULL, '2011-08-04 10:04:43', '2011-08-04 10:04:43', 1, 'public/user/4d/04/0449_ace4.jpg', 'jpg', 'm_philcollins-facevalue.jpg', 'image', 'jpeg', 56682, '968bace431f3f9033d24e239c138dc00'),
(1098, 1097, 'thumb.profile', 'user', 62, NULL, '2011-08-04 10:04:43', '2011-08-04 10:04:43', 1, 'public/user/4e/04/044a_2a8c.jpg', 'jpg', 'p_philcollins-facevalue.jpg', 'image', 'jpeg', 7062, '9fb02a8c7ee8b5b0aa6a5197733bc1a6'),
(1099, 1097, 'thumb.normal', 'user', 62, NULL, '2011-08-04 10:04:43', '2011-08-04 10:04:43', 1, 'public/user/4f/04/044b_bb6e.jpg', 'jpg', 'n_philcollins-facevalue.jpg', 'image', 'jpeg', 1344, '1c1fbb6e6df7b24c669e1fa3529b0d51'),
(1100, 1097, 'thumb.icon', 'user', 62, NULL, '2011-08-04 10:04:43', '2011-08-04 10:04:43', 1, 'public/user/50/04/044c_5846.jpg', 'jpg', 's_philcollins-facevalue.jpg', 'image', 'jpeg', 1342, 'd5ba58467f9d6e6c7b65be2cadd0de0c'),
(1101, NULL, NULL, 'deal', 14, 61, '2011-08-04 10:07:07', '2011-08-04 10:07:07', 1, 'public/deal/51/04/044d_caf0.jpg', 'jpg', 'm_google-android-lg1.jpg', 'image', 'jpeg', 23754, '35e8caf02eb624d6b855d472b6bc4776'),
(1102, 1101, 'thumb.profile', 'deal', 14, 61, '2011-08-04 10:07:07', '2011-08-04 10:07:07', 1, 'public/deal/52/04/044e_4735.jpg', 'jpg', 'p_google-android-lg1.jpg', 'image', 'jpeg', 18808, 'cce04735d8af4e2a4af1164ecd0e7b1b'),
(1103, 1101, 'thumb.normal', 'deal', 14, 61, '2011-08-04 10:07:07', '2011-08-04 10:07:07', 1, 'public/deal/53/04/044f_d0e3.jpg', 'jpg', 'in_google-android-lg1.jpg', 'image', 'jpeg', 3956, 'd499d0e3b1cafc7ad7fe5666d8bda00f'),
(1104, 1101, 'thumb.normal1', 'deal', 14, 61, '2011-08-04 10:07:07', '2011-08-04 10:07:07', 1, 'public/deal/54/04/0450_6664.jpg', 'jpg', 'in1_google-android-lg1.jpg', 'image', 'jpeg', 6814, '049c666423d82c67c9f8de5c16e48a42'),
(1105, 1101, 'thumb.icon', 'deal', 14, 61, '2011-08-04 10:07:07', '2011-08-04 10:07:07', 1, 'public/deal/55/04/0451_50b7.jpg', 'jpg', 'is_google-android-lg1.jpg', 'image', 'jpeg', 1323, '934150b71bb1887468a909fba5b36cc2'),
(1106, NULL, NULL, 'deal', 15, 54, '2011-08-04 12:10:26', '2011-08-04 12:10:26', 1, 'public/deal/56/04/0452_5da8.jpg', 'jpg', 'm_DoctorBase2_grid_6.jpg', 'image', 'jpeg', 11326, 'b1c45da809d33c9ca523527c3cb2f5f0'),
(1107, 1106, 'thumb.profile', 'deal', 15, 54, '2011-08-04 12:10:26', '2011-08-04 12:10:26', 1, 'public/deal/57/04/0453_13e1.jpg', 'jpg', 'p_DoctorBase2_grid_6.jpg', 'image', 'jpeg', 9460, '393713e1ee6b6b0bba52c8d1bbea202a'),
(1108, 1106, 'thumb.normal', 'deal', 15, 54, '2011-08-04 12:10:26', '2011-08-04 12:10:26', 1, 'public/deal/58/04/0454_280c.jpg', 'jpg', 'in_DoctorBase2_grid_6.jpg', 'image', 'jpeg', 3164, 'bcea280c9263dde948f3954b2694ef22'),
(1109, 1106, 'thumb.normal1', 'deal', 15, 54, '2011-08-04 12:10:26', '2011-08-04 12:10:26', 1, 'public/deal/59/04/0455_689a.jpg', 'jpg', 'in1_DoctorBase2_grid_6.jpg', 'image', 'jpeg', 7062, 'a96f689a8911bcbb5063ed29262e12c2'),
(1110, 1106, 'thumb.icon', 'deal', 15, 54, '2011-08-04 12:10:26', '2011-08-04 12:10:26', 1, 'public/deal/5a/04/0456_3bb1.jpg', 'jpg', 'is_DoctorBase2_grid_6.jpg', 'image', 'jpeg', 1264, 'e85a3bb101fecefbb144e939e1aeb89c'),
(1111, NULL, NULL, 'deal', 16, 63, '2011-08-04 12:34:15', '2011-08-04 12:34:15', 1, 'public/deal/5b/04/0457_6ffb.jpg', 'jpg', 'm_Elements-Therapeutic-Massage_grid_6.jpg', 'image', 'jpeg', 12937, '2a8b6ffbed42339e51535af3ab4fe95a'),
(1112, 1111, 'thumb.profile', 'deal', 16, 63, '2011-08-04 12:34:15', '2011-08-04 12:34:15', 1, 'public/deal/5c/04/0458_09c2.jpg', 'jpg', 'p_Elements-Therapeutic-Massage_grid_6.jpg', 'image', 'jpeg', 10846, '2f0c09c2cb2723d07ee7917d92627f0f'),
(1113, 1111, 'thumb.normal', 'deal', 16, 63, '2011-08-04 12:34:15', '2011-08-04 12:34:15', 1, 'public/deal/5d/04/0459_100e.jpg', 'jpg', 'in_Elements-Therapeutic-Massage_grid_6.jpg', 'image', 'jpeg', 3564, '186b100e0baf7af284bef73ccc6e3a31'),
(1114, 1111, 'thumb.normal1', 'deal', 16, 63, '2011-08-04 12:34:15', '2011-08-04 12:34:15', 1, 'public/deal/5e/04/045a_4d35.jpg', 'jpg', 'in1_Elements-Therapeutic-Massage_grid_6.jpg', 'image', 'jpeg', 8107, '8e754d35eefdf76408856c618bde7adc'),
(1115, 1111, 'thumb.icon', 'deal', 16, 63, '2011-08-04 12:34:15', '2011-08-04 12:34:15', 1, 'public/deal/5f/04/045b_f8df.jpg', 'jpg', 'is_Elements-Therapeutic-Massage_grid_6.jpg', 'image', 'jpeg', 1257, '7fdef8dfc86929bf325a703e3361968e'),
(1116, NULL, NULL, 'deal', 16, 63, '2011-08-04 12:34:51', '2011-08-04 12:34:51', 1, 'public/deal/60/04/045c_bce0.jpg', 'jpg', 'm_phpfIDaVp.jpg', 'image', 'jpeg', 11822, 'eff5bce0cf037b33dcf65054134e7c1a'),
(1117, 1116, 'thumb.profile', 'deal', 16, 63, '2011-08-04 12:34:51', '2011-08-04 12:34:51', 1, 'public/deal/61/04/045d_7885.jpg', 'jpg', 'p_phpfIDaVp.jpg', 'image', 'jpeg', 9956, 'e85a78855d6b6213937b0a60f01ae325'),
(1118, 1116, 'thumb.normal', 'deal', 16, 63, '2011-08-04 12:34:51', '2011-08-04 12:34:51', 1, 'public/deal/62/04/045e_c0da.jpg', 'jpg', 't_phpfIDaVp.jpg', 'image', 'jpeg', 3466, '2d9ec0da58509d050ff41b2c0be458ae'),
(1119, 1116, 'thumb.normal1', 'deal', 16, 63, '2011-08-04 12:34:51', '2011-08-04 12:34:51', 1, 'public/deal/63/04/045f_8edc.jpg', 'jpg', 't1_phpfIDaVp.jpg', 'image', 'jpeg', 7606, 'e8a38edc52c56d048483d62e1d25ba2f'),
(1120, NULL, NULL, 'user', 67, NULL, '2011-08-05 00:58:50', '2011-08-05 00:58:50', 1, 'public/user/64/04/0460_9d6c.jpg', 'jpg', 'm_00ultraman.jpg', 'image', 'jpeg', 14156, 'ef139d6cb1d0a54eb73779148e874884'),
(1121, 1120, 'thumb.profile', 'user', 67, NULL, '2011-08-05 00:58:50', '2011-08-05 00:58:50', 1, 'public/user/65/04/0461_3f11.jpg', 'jpg', 'p_00ultraman.jpg', 'image', 'jpeg', 7952, '5ed33f1178bbecf52424dc39b4ecd4ca'),
(1122, 1120, 'thumb.normal', 'user', 67, NULL, '2011-08-05 00:58:50', '2011-08-05 00:58:50', 1, 'public/user/66/04/0462_c233.jpg', 'jpg', 'n_00ultraman.jpg', 'image', 'jpeg', 1461, 'eda8c2334ce5f9d9de97dcbcfcee76d7'),
(1123, 1120, 'thumb.icon', 'user', 67, 67, '2011-08-05 00:58:50', '2011-08-05 00:58:50', 1, 'public/user/67/04/0463_4e9a.jpg', 'jpg', 'nis_0461_3f11.jpg', 'image', 'jpeg', 1287, 'b45c4e9a1ed03bca0adf980dc6dc2f1b');

-- --------------------------------------------------------

--
-- Table structure for table `engine4_storage_mirrors`
--

CREATE TABLE IF NOT EXISTS `engine4_storage_mirrors` (
  `file_id` bigint(20) unsigned NOT NULL,
  `service_id` int(10) unsigned NOT NULL,
  PRIMARY KEY  (`file_id`,`service_id`),
  KEY `service_id` (`service_id`)
) ENGINE=InnoDB DEFAULT CHARSET=utf8 COLLATE=utf8_unicode_ci;

-- --------------------------------------------------------

--
-- Table structure for table `engine4_storage_services`
--

CREATE TABLE IF NOT EXISTS `engine4_storage_services` (
  `service_id` int(10) unsigned NOT NULL auto_increment,
  `servicetype_id` int(10) unsigned NOT NULL,
  `config` text character set latin1 collate latin1_general_ci,
  `enabled` tinyint(1) unsigned NOT NULL default '0',
  `default` tinyint(1) unsigned NOT NULL default '0',
  PRIMARY KEY  (`service_id`)
) ENGINE=InnoDB  DEFAULT CHARSET=utf8 COLLATE=utf8_unicode_ci AUTO_INCREMENT=2 ;

--
-- Dumping data for table `engine4_storage_services`
--

INSERT INTO `engine4_storage_services` (`service_id`, `servicetype_id`, `config`, `enabled`, `default`) VALUES
(1, 1, NULL, 1, 1);

-- --------------------------------------------------------

--
-- Table structure for table `engine4_storage_servicetypes`
--

CREATE TABLE IF NOT EXISTS `engine4_storage_servicetypes` (
  `servicetype_id` int(10) unsigned NOT NULL auto_increment,
  `title` varchar(128) collate utf8_unicode_ci NOT NULL,
  `plugin` varchar(128) character set latin1 collate latin1_general_ci NOT NULL,
  `form` varchar(128) character set latin1 collate latin1_general_ci default NULL,
  `enabled` tinyint(1) NOT NULL default '1',
  PRIMARY KEY  (`servicetype_id`),
  UNIQUE KEY `plugin` (`plugin`)
) ENGINE=InnoDB  DEFAULT CHARSET=utf8 COLLATE=utf8_unicode_ci AUTO_INCREMENT=7 ;

--
-- Dumping data for table `engine4_storage_servicetypes`
--

INSERT INTO `engine4_storage_servicetypes` (`servicetype_id`, `title`, `plugin`, `form`, `enabled`) VALUES
(1, 'Local Storage', 'Storage_Service_Local', 'Storage_Form_Admin_Service_Local', 1),
(2, 'Database Storage', 'Storage_Service_Db', 'Storage_Form_Admin_Service_Db', 0),
(3, 'Amazon S3', 'Storage_Service_S3', 'Storage_Form_Admin_Service_S3', 1),
(4, 'Virtual File System', 'Storage_Service_Vfs', 'Storage_Form_Admin_Service_Vfs', 1),
(5, 'Round-Robin', 'Storage_Service_RoundRobin', 'Storage_Form_Admin_Service_RoundRobin', 0),
(6, 'Mirrored', 'Storage_Service_Mirrored', 'Storage_Form_Admin_Service_Mirrored', 0);

-- --------------------------------------------------------

--
-- Table structure for table `engine4_users`
--

CREATE TABLE IF NOT EXISTS `engine4_users` (
  `user_id` int(11) unsigned NOT NULL auto_increment,
  `email` varchar(128) collate utf8_unicode_ci NOT NULL,
  `username` varchar(128) collate utf8_unicode_ci default NULL,
  `displayname` varchar(128) collate utf8_unicode_ci NOT NULL default '',
  `photo_id` int(11) unsigned NOT NULL default '0',
  `status` text collate utf8_unicode_ci,
  `status_date` datetime default NULL,
  `password` char(32) collate utf8_unicode_ci NOT NULL,
  `salt` char(64) collate utf8_unicode_ci NOT NULL,
  `locale` varchar(16) character set latin1 collate latin1_general_ci NOT NULL default 'auto',
  `language` varchar(8) character set latin1 collate latin1_general_ci NOT NULL default 'en_US',
  `timezone` varchar(64) character set latin1 collate latin1_general_ci NOT NULL default 'America/Los_Angeles',
  `search` tinyint(1) NOT NULL default '1',
  `show_profileviewers` tinyint(1) NOT NULL default '1',
  `level_id` int(11) unsigned NOT NULL,
  `invites_used` int(11) unsigned NOT NULL default '0',
  `extra_invites` int(11) unsigned NOT NULL default '0',
  `enabled` tinyint(1) NOT NULL default '1',
  `verified` tinyint(1) NOT NULL default '0',
  `approved` tinyint(1) NOT NULL default '1',
  `creation_date` datetime NOT NULL,
  `creation_ip` varbinary(16) NOT NULL,
  `modified_date` datetime NOT NULL,
  `lastlogin_date` datetime default NULL,
  `lastlogin_ip` varbinary(16) default NULL,
  `update_date` int(11) default NULL,
  `member_count` smallint(5) unsigned NOT NULL default '0',
  `view_count` int(11) unsigned NOT NULL default '0',
  PRIMARY KEY  (`user_id`),
  UNIQUE KEY `EMAIL` (`email`),
  UNIQUE KEY `USERNAME` (`username`),
  KEY `MEMBER_COUNT` (`member_count`),
  KEY `CREATION_DATE` (`creation_date`),
  KEY `search` (`search`),
  KEY `enabled` (`enabled`)
) ENGINE=InnoDB  DEFAULT CHARSET=utf8 COLLATE=utf8_unicode_ci AUTO_INCREMENT=69 ;

--
-- Dumping data for table `engine4_users`
--

INSERT INTO `engine4_users` (`user_id`, `email`, `username`, `displayname`, `photo_id`, `status`, `status_date`, `password`, `salt`, `locale`, `language`, `timezone`, `search`, `show_profileviewers`, `level_id`, `invites_used`, `extra_invites`, `enabled`, `verified`, `approved`, `creation_date`, `creation_ip`, `modified_date`, `lastlogin_date`, `lastlogin_ip`, `update_date`, `member_count`, `view_count`) VALUES
(1, 'admin@younetco.com', 'admin', 'admin', 0, NULL, NULL, 'eca994a8aa71d3241d7d165410ca0495', '3967700', 'auto', 'en_US', 'Asia/Krasnoyarsk', 1, 1, 1, 5, 0, 1, 1, 1, '2011-07-20 18:45:27', '1934524613', '2011-08-03 15:54:59', '2011-08-10 14:51:34', 'sN', NULL, 2, 4),
(2, 'francis@ski-ride.com', 'FJay', 'Joe Beer', 1, NULL, NULL, '63c7751941c36d9a5579da8a388270cd', '6570201', 'auto', 'en_US', 'US/Pacific', 1, 1, 4, 0, 0, 1, 1, 1, '2011-07-23 15:05:00', 'sN', '2011-07-23 15:05:01', NULL, NULL, NULL, 0, 1),
(3, 'spjald22@gmail.com', 'KAbdurahman', 'K Abdurahman', 5, NULL, NULL, 'd2463e21eb1006905a0d74422c4d3883', '5106888', 'auto', 'en_US', 'US/Pacific', 1, 1, 4, 0, 0, 1, 1, 1, '2011-07-23 15:05:06', 'sN', '2011-07-23 15:05:06', NULL, NULL, NULL, 0, 0),
(4, 'linhvtt@younetco.com', 'linhvtt', 'linhvtt', 9, NULL, NULL, 'ce7abf4fa788140cea8a645721a7223a', '9896614', 'auto', 'en_US', 'US/Pacific', 1, 1, 4, 0, 0, 1, 1, 1, '2011-07-23 15:05:11', 'sN', '2011-07-23 15:05:11', NULL, NULL, NULL, 0, 0),
(5, 'testing@gmail.com', 'NamNguyn470', 'Nam Nguy?n', 13, NULL, NULL, 'af91c455e600f37cfee380ec4c0941df', '7966596', 'auto', 'en_US', 'US/Pacific', 1, 1, 4, 0, 0, 1, 1, 1, '2011-07-23 15:05:13', 'sN', '2011-07-23 15:05:13', NULL, NULL, NULL, 0, 0),
(6, 'JessiLindo@aol.com', 'JessuLindo', 'Chris Williams', 17, NULL, NULL, 'ac13d476756b413721cf3b62c914cae6', '5967407', 'auto', 'en_US', 'US/Pacific', 1, 1, 4, 0, 0, 1, 1, 1, '2011-07-23 15:05:16', 'sN', '2011-07-23 15:05:16', NULL, NULL, NULL, 0, 0),
(7, 'czadabski@o2.pl', 'MateuszDakowski', 'Mateusz Dakowski', 21, NULL, NULL, '9dcae475d92934a8ddd06df3a6fa3411', '5002303', 'auto', 'en_US', 'US/Pacific', 1, 1, 4, 0, 0, 1, 1, 1, '2011-07-23 15:05:17', 'sN', '2011-07-23 15:05:17', NULL, NULL, NULL, 0, 0),
(8, 'farid_persia_2000@hotmail.com', 'faridpersia', 'Farid Irani', 25, NULL, NULL, '263edd84a7178395a875b7c4666f057a', '3853778', 'auto', 'en_US', 'US/Pacific', 1, 1, 4, 0, 0, 1, 1, 1, '2011-07-23 15:05:22', 'sN', '2011-07-23 15:05:22', NULL, NULL, NULL, 0, 0),
(9, 'dtruong611@gmail.com', 'dtruong611gmail-com', 'Dong Truong', 29, NULL, NULL, '24d3a49d8df83582f009cd5555010eda', '7117350', 'auto', 'en_US', 'US/Pacific', 1, 1, 4, 0, 0, 1, 1, 1, '2011-07-23 15:05:25', 'sN', '2011-07-23 15:05:25', NULL, NULL, NULL, 0, 0),
(10, 'fidelg3@gmail.com', 'fidelg3gmail-com', 'Fidel Guajardo', 33, NULL, NULL, '71afccb94df487f73b16d05d5a4136fb', '8634433', 'auto', 'en_US', 'US/Pacific', 1, 1, 4, 0, 0, 1, 1, 1, '2011-07-23 15:05:28', 'sN', '2011-07-23 15:05:29', NULL, NULL, NULL, 0, 0),
(11, 'bobbob@hotmail.com', 'bobbob', 'bobby bob', 37, NULL, NULL, '76def0cb1399c2deac110349a19acddc', '2627623', 'auto', 'en_US', 'US/Pacific', 1, 1, 4, 0, 0, 1, 1, 1, '2011-07-23 15:05:36', 'sN', '2011-07-23 15:05:36', NULL, NULL, NULL, 0, 0),
(12, 'must_arey@yahoo.co.id', 'mustarey', 'Arey Purnawan', 41, NULL, NULL, '5151ead393f0abdfa6cd231decb9b9d7', '3839217', 'auto', 'en_US', 'US/Pacific', 1, 1, 4, 0, 0, 1, 1, 1, '2011-07-23 15:05:39', 'sN', '2011-07-23 15:05:39', NULL, NULL, NULL, 0, 0),
(13, 'haam2008@hotmail.com', 'alex', 'Alex Brandy', 45, NULL, NULL, '06dfc9b805e0e90ec18807cf540ff0b5', '4703089', 'auto', 'en_US', 'US/Pacific', 1, 1, 4, 0, 0, 1, 1, 1, '2011-07-23 15:05:42', 'sN', '2011-07-23 15:05:42', NULL, NULL, NULL, 0, 1),
(14, 'achi.stav@gmail.com', 'achi-stavgmail-com', 'Achi Stavrulakis', 49, NULL, NULL, '9e6d5d7d61b89e2bf5712255baac3edc', '2635268', 'auto', 'en_US', 'US/Pacific', 1, 1, 4, 0, 0, 1, 1, 1, '2011-07-23 15:05:44', 'sN', '2011-07-23 15:05:44', NULL, NULL, NULL, 0, 1),
(15, 'test@gmail.com', 'Kien916', 'Kien', 53, NULL, NULL, '63fc9bcbfb57ab44dae1f67c6c0e0c57', '4629418', 'auto', 'en_US', 'US/Pacific', 1, 1, 4, 0, 0, 1, 1, 1, '2011-07-23 15:05:46', 'sN', '2011-07-23 15:05:46', NULL, NULL, NULL, 0, 0),
(16, 'porradarj@gmail.com', 'BrunoDoCarmoMartins', 'Bruno Do Carmo Martins', 57, NULL, NULL, '7e31205b8354cd11feb40b7bf642e9c2', '9306181', 'auto', 'en_US', 'US/Pacific', 1, 1, 4, 0, 0, 1, 1, 1, '2011-07-23 15:05:51', 'sN', '2011-07-23 15:05:51', NULL, NULL, NULL, 0, 0),
(17, 'jonathan@homestills.com', 'jimrobo', 'Jonathan Heavyside', 61, NULL, NULL, 'e2ab4ab985a3ec9f99a53cd58ff6a877', '2076545', 'auto', 'en_US', 'US/Pacific', 1, 1, 4, 0, 0, 1, 1, 1, '2011-07-23 15:05:52', 'sN', '2011-07-23 15:05:52', NULL, NULL, NULL, 0, 0),
(18, 'christian.riebold@gmx.de', 'christian-rieboldgmx-de', 'Christian Riebold', 65, NULL, NULL, 'f90a1dd285d14fbd1f89c9262f28977a', '2557321', 'auto', 'en_US', 'US/Pacific', 1, 1, 4, 0, 0, 1, 1, 1, '2011-07-23 15:05:55', 'sN', '2011-07-23 15:05:55', NULL, NULL, NULL, 0, 0),
(19, 'dl@dannylopez.com', 'dldannylopez-com', 'Jose Lopez', 69, NULL, NULL, '92957bca7b76516c80ddcb4e631cc172', '5442149', 'auto', 'en_US', 'US/Pacific', 1, 1, 4, 0, 0, 1, 1, 1, '2011-07-23 15:05:57', 'sN', '2011-07-23 15:05:57', NULL, NULL, NULL, 0, 0),
(20, 'szganancias@gmail.com', 'szgananciasgmail-com', 'Luis Morales Zambrana', 73, NULL, NULL, '6b7041e9c205e07a9c07db8db9ba7a33', '8097500', 'auto', 'en_US', 'US/Pacific', 1, 1, 4, 0, 0, 1, 1, 1, '2011-07-23 15:05:58', 'sN', '2011-07-23 15:05:59', NULL, NULL, NULL, 0, 0),
(21, 'miko.valerio@ac-corporation.com.ph', 'miko-valerioac-corporation-com-ph', 'Miko Valerio', 77, NULL, NULL, 'dd283733220da93eee48f0f9d6f60920', '6948588', 'auto', 'en_US', 'US/Pacific', 1, 1, 4, 0, 0, 1, 1, 1, '2011-07-23 15:06:02', 'sN', '2011-07-23 15:06:02', NULL, NULL, NULL, 0, 0),
(22, 'dnyf21@yahoo.com', 'dnyf21', 'Danny Florian', 81, NULL, NULL, '95c0c2d0e19e2a1c780ef134057f2368', '7450311', 'auto', 'en_US', 'US/Pacific', 1, 1, 4, 0, 0, 1, 1, 1, '2011-07-23 15:06:09', 'sN', '2011-07-23 15:06:09', NULL, NULL, NULL, 0, 0),
(23, 'globalfin.uk@gmail.com', 'globalfin-ukgmail-com', 'Alexey Nakhimov', 85, NULL, NULL, '4adf8a1608c38b0a3abe2534f6ff86cb', '7226905', 'auto', 'en_US', 'US/Pacific', 1, 1, 4, 0, 0, 1, 1, 1, '2011-07-23 15:06:14', 'sN', '2011-07-23 15:06:14', NULL, NULL, NULL, 0, 0),
(24, 'emoneytree@make-a-mill.com', 'emoney', 'emoney mclaurin', 0, NULL, NULL, '1a89f00bcb6ec91f2e07ac2dde10a90c', '2498330', 'auto', 'en_US', 'US/Pacific', 1, 1, 4, 0, 0, 1, 1, 1, '2011-07-23 15:06:17', 'sN', '2011-07-23 15:06:17', NULL, NULL, NULL, 0, 0),
(25, 'tony@barclayweston.com', 'tonybarclayweston-com', 'Anthony Brindley', 89, NULL, NULL, '4ff7659205b71e9a904653720ab0584b', '8888387', 'auto', 'en_US', 'US/Pacific', 1, 1, 4, 0, 0, 1, 1, 1, '2011-07-23 15:18:59', 'sN', '2011-07-23 15:18:59', NULL, NULL, NULL, 0, 0),
(26, 'info@leprecontrading.com', 'infoleprecontrading-com', 'Igor Riabov', 93, NULL, NULL, '8559d008bac462605544c2a1671decd5', '8846828', 'auto', 'en_US', 'US/Pacific', 1, 1, 4, 0, 0, 1, 1, 1, '2011-07-23 15:19:03', 'sN', '2011-07-23 15:19:03', NULL, NULL, NULL, 0, 0),
(27, 'securitypts@gmail.com', 'hamidoudjaber', 'hamidou djaber', 97, NULL, NULL, '199e588ed9035e735f4fe073c677ac95', '8138568', 'auto', 'en_US', 'US/Pacific', 1, 1, 4, 0, 0, 1, 1, 1, '2011-07-23 15:19:05', 'sN', '2011-07-23 15:19:05', NULL, NULL, NULL, 0, 0),
(28, 'cox1969@hotmail.com', 'cox1969hotmail-com', 'allen cox', 101, NULL, NULL, 'd4d7976b2cb3d9df8e33d1391bef8cc0', '4579293', 'auto', 'en_US', 'US/Pacific', 1, 1, 4, 0, 0, 1, 1, 1, '2011-07-23 15:19:07', 'sN', '2011-07-23 15:19:07', NULL, NULL, NULL, 0, 0),
(29, 'elvallenatocolombia@gmail.com', 'georglaradio', 'in col', 105, NULL, NULL, 'd4235533c1e8df2dc5453419ec9c4f9b', '4255654', 'auto', 'en_US', 'US/Pacific', 1, 1, 4, 0, 0, 1, 1, 1, '2011-07-23 15:19:10', 'sN', '2011-07-23 15:19:10', NULL, NULL, NULL, 0, 0),
(30, 'tester504@hmail.com', 'angon204', 'lam thi kien', 109, NULL, NULL, '446256a8ce51d47d28c24f658309b04c', '5756741', 'auto', 'en_US', 'US/Pacific', 1, 1, 4, 0, 0, 1, 1, 1, '2011-07-23 15:19:12', 'sN', '2011-07-23 15:19:12', NULL, NULL, NULL, 0, 0),
(31, 'clintair@ymail.com', 'clintairymail-com', 'Clint Air', 113, NULL, NULL, '6a33d06c19d3bbd35c9b3c23092c5d5a', '2512759', 'auto', 'en_US', 'US/Pacific', 1, 1, 4, 0, 0, 1, 1, 1, '2011-07-23 15:19:14', 'sN', '2011-07-23 15:19:14', NULL, NULL, NULL, 0, 0),
(32, 'JBenYork@aol.com', 'JoshSBenninge', 'Dorothy Ali', 117, NULL, NULL, 'de22f5cb49203c238ad801a83a19ea87', '6415364', 'auto', 'en_US', 'US/Pacific', 1, 1, 4, 0, 0, 1, 1, 1, '2011-07-23 15:19:16', 'sN', '2011-07-23 15:19:17', NULL, NULL, NULL, 0, 0),
(33, 'ovalskype@gmail.com', 'nguyennam', 'nguyen nam', 121, NULL, NULL, '4b49e0a3123cfd93803c4c6bb53533bd', '4434858', 'auto', 'en_US', 'US/Pacific', 1, 1, 4, 0, 0, 1, 1, 1, '2011-07-23 15:19:21', 'sN', '2011-07-23 15:19:21', NULL, NULL, NULL, 0, 0),
(34, 'greg+paypal@oberfield.net', 'gregpaypaloberfield-net', 'Greg Oberfield', 0, NULL, NULL, 'c0fb001d350183c85615f9f63c1d01e9', '4712704', 'auto', 'en_US', 'US/Pacific', 1, 1, 4, 0, 0, 1, 1, 1, '2011-07-23 15:19:24', 'sN', '2011-07-23 15:19:24', NULL, NULL, NULL, 0, 0),
(35, 'ewoauseo@gmail.com', 'peter181', 'ludwing hernandez', 125, NULL, NULL, '988297b99aedfe681f69539166f9a722', '6050136', 'auto', 'en_US', 'US/Pacific', 1, 1, 4, 0, 0, 1, 1, 1, '2011-07-23 16:21:24', 'sN', '2011-07-23 16:21:24', NULL, NULL, NULL, 0, 0),
(36, 'huangyouguo123@gmail.com', 'huangyouguo', 'huang youguo', 0, NULL, NULL, '2961a67f6eda3158fa369d7e663e7941', '4225223', 'auto', 'en_US', 'US/Pacific', 1, 1, 4, 0, 0, 1, 1, 1, '2011-07-23 16:21:27', 'sN', '2011-07-23 16:21:27', NULL, NULL, NULL, 0, 0),
(37, 'pagos@pradpi.org', 'pagospradpi-org', 'Guillermo Escobar Roca', 129, NULL, NULL, 'e682e5c1fb859a85df03dc3fdd129246', '8438515', 'auto', 'en_US', 'US/Pacific', 1, 1, 4, 0, 0, 1, 1, 1, '2011-07-23 16:41:18', 'sN', '2011-07-23 16:41:18', NULL, NULL, NULL, 0, 2),
(38, 'cheri974@hotmail.fr', 'loictest', 'loic test', 133, NULL, NULL, '44dda705603d9657df2e66a5feae7e2d', '6870000', 'auto', 'en_US', 'US/Pacific', 1, 1, 4, 0, 0, 1, 1, 1, '2011-07-23 16:56:20', 'sN', '2011-07-23 16:56:20', NULL, NULL, NULL, 0, 0),
(39, 'anhdtk@younetco.com', 'anhdtk', 'anhdtk dang', 163, NULL, NULL, 'd3055800204a6eb8c322f5af119d0f51', '6555053', 'auto', '', 'US/Pacific', 1, 1, 4, 0, 0, 1, 1, 1, '2011-07-24 12:52:25', 'qUi', '2011-08-02 19:18:45', '2011-08-08 15:30:36', 'sN', NULL, 0, 1),
(40, 'Rerisnor@optonline.net', 'Dyenira', 'Dyenira Dye', 167, NULL, NULL, 'a3c3206aa2bb6dfbce19e4784e85b445', '2518905', 'auto', 'en_US', 'US/Pacific', 1, 1, 4, 0, 0, 1, 1, 1, '2011-07-24 14:00:29', 'sN', '2011-07-24 14:00:29', NULL, NULL, NULL, 0, 0),
(41, 'mrizwan_mmc@yahoo.com', 'mrizwan', 'Muhammad Rizwan', 171, NULL, NULL, 'c00a0af4f3d50d753bcaab7cb38fd148', '3134963', 'auto', 'en_US', 'US/Pacific', 1, 1, 4, 0, 0, 1, 1, 1, '2011-07-24 14:00:35', 'sN', '2011-07-24 14:00:35', NULL, NULL, NULL, 0, 0),
(42, 'leebrandon15@yahoo.com', 'leebrandon15yahoo-com', 'Brandon Lee', 175, NULL, NULL, 'f1d156814c90c8657e974ed30a40aebd', '2487997', 'auto', 'en_US', 'US/Pacific', 1, 1, 4, 0, 0, 1, 1, 1, '2011-07-24 14:00:37', 'sN', '2011-07-24 14:00:37', NULL, NULL, NULL, 0, 0),
(43, 'zeraking1981@gmail.com', 'mahoney', 'Burak Bingl', 179, NULL, NULL, '5da4f24a0d0b2d1b8b959990bbc93b58', '8499448', 'auto', 'en_US', 'US/Pacific', 1, 1, 4, 0, 0, 1, 1, 1, '2011-07-24 14:00:41', 'sN', '2011-07-24 14:00:41', NULL, NULL, NULL, 0, 0),
(44, 'wedant_ganesh@yahoo.co.in', 'GaneshJSalunkhe', 'Ganesh J. Salunkhe', 183, NULL, NULL, '50a9f7aa4d31370308da5f67e97394f6', '5584799', 'auto', 'en_US', 'US/Pacific', 1, 1, 4, 0, 0, 1, 1, 1, '2011-07-24 14:00:43', 'sN', '2011-07-24 14:00:43', NULL, NULL, NULL, 0, 1),
(45, 'words247@gmail.com', 'onevoice', 'D. Patrick', 187, NULL, NULL, 'b573304396c04455fb5e4bd4fb5570f6', '4566794', 'auto', 'en_US', 'US/Pacific', 1, 1, 4, 0, 0, 1, 1, 1, '2011-07-24 14:00:45', 'sN', '2011-07-24 14:00:45', NULL, NULL, NULL, 0, 0),
(46, 'pal.himanshu1991@gmail.com', 'badboyhimanshu', 'badboyhimanshu', 191, NULL, NULL, '6f1c8055717ad235d1d49abe6a6988ee', '5902872', 'auto', 'en_US', 'US/Pacific', 1, 1, 4, 0, 0, 1, 1, 1, '2011-07-24 14:00:51', 'sN', '2011-07-24 14:00:51', NULL, NULL, NULL, 0, 0),
(47, 'nam.ngvan@gmail.com', 'namnv', 'Nam Nguyen', 195, NULL, NULL, 'fa83ddc500882051f5baaedd1985b299', '6419841', 'vi_VN', '', 'US/Pacific', 1, 1, 4, 0, 0, 1, 1, 1, '2011-07-24 14:39:41', 'sN', '2011-07-26 12:48:55', '2011-07-26 12:41:30', 'qUi', NULL, 0, 0),
(48, 'kieuanhdang89@gmail.com', 'kieuanhdang89', 'kieuanh dang', 199, NULL, NULL, 'ead84ed83a10435b7e2cd3a8be58a34c', '5736260', 'auto', '', 'US/Pacific', 1, 1, 4, 0, 0, 1, 1, 1, '2011-07-24 17:03:25', 'sN', '2011-07-27 13:50:51', '2011-08-08 15:11:20', 'sN', NULL, 0, 0),
(49, 'keothom@gmail.com', 'keothom', 'ko thm ko thm thom keo thom keo thom', 0, NULL, NULL, 'ac4da2297c74c9e6534f6680cf55d7c6', '6987686', 'auto', '', 'US/Pacific', 1, 1, 4, 0, 0, 1, 1, 1, '2011-07-25 13:51:18', 'sN', '2011-07-26 13:13:42', '2011-07-26 13:32:28', 'sN', NULL, 0, 1),
(50, 'minhnc@younetco.com', 'minhnc', 'Minh Nguyen', 0, NULL, NULL, '0424fdb405d046e46b03622f0f151e4c', '5611947', 'auto', '', 'US/Pacific', 1, 1, 4, 0, 0, 1, 1, 1, '2011-07-25 14:17:19', 'qUi', '2011-07-27 19:02:59', '2011-08-07 18:12:45', 'sN', NULL, 0, 0),
(51, 'binhnth@younetco.com', 'VitaminNguyen', 'Vitamin Nguyen', 464, NULL, NULL, '2bace962f77c1c8d07a36d7d60904d4e', '4711853', 'vi', '', 'US/Pacific', 1, 1, 4, 0, 0, 1, 1, 1, '2011-07-26 17:59:00', 'qUi', '2011-07-26 18:31:03', '2011-07-27 20:27:38', 'sN', NULL, 1, 0),
(52, 'candy@gmail.com', 'candy', 'candy candy', 507, NULL, NULL, '32de4f75f70d3319183ad1848d845253', '5441314', 'vi', 'en', 'Asia/Bangkok', 1, 1, 4, 0, 0, 1, 1, 1, '2011-07-26 19:40:45', 'sN', '2011-07-26 20:53:04', '2011-08-02 18:49:04', 'sN', NULL, 0, 0),
(53, 'linda@gmail.com', 'linda', 'linda linda', 0, NULL, NULL, '998d51be6979ea36fde8c3de8c4b63f1', '7384640', 'vi', 'en', 'Asia/Bangkok', 1, 1, 4, 0, 0, 1, 1, 1, '2011-07-27 15:26:11', 'qUi', '2011-07-27 15:26:11', '2011-08-02 18:50:43', 'sN', NULL, 0, 0),
(54, 'thikien@gmail.com', 'thikien', 'kien lam 1', 0, NULL, NULL, '5b2eed74d6f08207a4457625b9854bca', '1688602', 'en_US', 'en', 'US/Pacific', 1, 1, 4, 0, 0, 1, 1, 1, '2011-07-27 18:31:19', 'qUi', '2011-08-04 11:58:00', '2011-08-08 18:01:36', 'sN', NULL, 0, 6),
(55, 'namnv@younetco.com', 'namnv2', 'Nam Nguyen', 965, NULL, NULL, '5d1316cdaa4b770d78f558cb36fb8478', '6290805', 'en', 'en', 'US/Pacific', 1, 1, 4, 0, 0, 1, 1, 1, '2011-07-27 18:59:34', 'qUi', '2011-08-03 09:26:35', '2011-08-04 02:19:05', 'sN', NULL, 1, 3),
(56, 'kienlt@younetco.com', 'kienlt', 'kienlt kienlt', 0, NULL, NULL, 'df3912774d006d4cf15108f0d2725b66', '9355054', 'vi', 'en', 'Asia/Bangkok', 1, 1, 4, 0, 0, 1, 1, 1, '2011-07-27 20:17:48', 'sN', '2011-07-27 20:17:48', '2011-07-28 18:27:17', 'sN', NULL, 0, 0),
(57, 'linhlinh@yahoo.com', 'linhlinh', 'linh linh', 716, NULL, NULL, '16f58139eba0637122ae2325f84d287d', '8662127', 'vi', 'en', 'Asia/Bangkok', 1, 1, 4, 0, 0, 1, 1, 1, '2011-07-28 12:57:09', 'qUi', '2011-07-28 12:57:09', '2011-07-28 12:57:09', 'qUi', NULL, 0, 2),
(58, 'trio.dtk@gmail.com', 'triodtk', 'trio triodtk', 0, NULL, NULL, '4164617a02ff0694644d62ffbff466ce', '8489087', 'vi', 'en', 'Asia/Hong_Kong', 1, 1, 4, 0, 0, 1, 1, 1, '2011-07-28 18:03:41', 'qUi', '2011-07-28 18:03:41', '2011-07-28 18:03:41', 'qUi', NULL, 0, 0),
(59, 'ltkien.lsc@gmail.com', 'ltkienlsc', 'lsc kien', 1023, NULL, NULL, '085afe6360de024296f6dde0f46a8b10', '4864012', 'vi', 'en', 'Asia/Hong_Kong', 1, 1, 4, 0, 0, 1, 1, 1, '2011-07-29 15:55:55', 'qUi', '2011-08-04 08:23:09', '2011-08-04 07:40:33', 'sN', NULL, 0, 1),
(60, 'vi@younetco.com', 'TuongVi', 'Tuong Vi', 0, NULL, NULL, 'b15bc2a6b1e26cdf63ade26e8a206c00', '7506175', 'vi', 'en', 'Asia/Hong_Kong', 1, 1, 4, 0, 0, 1, 1, 1, '2011-08-03 12:38:33', 'qUi', '2011-08-03 13:16:18', '2011-08-04 07:27:47', 'qUi', NULL, 0, 0),
(61, 'tienlv@mailinator.com', 'tienlv', 'Tien Le', 0, NULL, NULL, 'e7bec9dd5f69854b2acd0a902a18a6e6', '4133474', 'vi', 'en', 'Asia/Bangkok', 1, 1, 4, 0, 0, 1, 1, 1, '2011-08-04 09:53:30', 'sN', '2011-08-04 10:13:57', '2011-08-04 09:53:30', 'sN', NULL, 0, 0),
(62, 'baotq@younetco.com', 'baotq', 'Bao Tran', 1097, NULL, NULL, '69d9fab2589bb6a0f5b2e9308141f67c', '8736268', 'vi', 'en', 'Asia/Bangkok', 1, 1, 4, 0, 0, 1, 1, 1, '2011-08-04 10:05:10', 'sN', '2011-08-04 10:05:11', '2011-08-05 03:49:12', 'qUi', NULL, 0, 0),
(63, 'sachin.bagpey11@yahoo.in', 'sachinbagp', 'sachin bag', 0, NULL, NULL, '9f1144f330425a9ae21202288cc4ef62', '8610403', 'vi', 'en', 'Asia/Hong_Kong', 1, 1, 4, 0, 0, 1, 1, 1, '2011-08-04 12:10:38', 'u@`', '2011-08-04 12:10:39', '2011-08-04 12:27:06', 'u@`', NULL, 0, 0),
(64, 'hitesh.pn@gmail.com', 'jkljl', 'vdfgd gdfgdf', 0, NULL, NULL, 'bbae0abfeaf0c29fee494517271180a9', '9162967', 'vi', 'en', 'Asia/Hong_Kong', 1, 1, 4, 0, 0, 1, 1, 1, '2011-08-04 17:39:48', 'uS', '2011-08-04 17:39:49', '2011-08-04 17:39:49', 'uS', NULL, 0, 0),
(65, 'denver_wilcox@yahoo.com', 'denver', 'Denver wilcox', 0, NULL, NULL, '48f495f5e0629c7e4c8ba9eccfcec99d', '2431316', 'vi', 'en', 'Asia/Hong_Kong', 1, 1, 4, 0, 0, 1, 1, 1, '2011-08-04 19:21:25', 'V', '2011-08-04 19:21:25', '2011-08-04 19:21:25', 'V', NULL, 0, 0),
(66, 'graphicpayne@gmail.com', 'kpayne', 'Kay Payne', 0, NULL, NULL, '907491c58f165f4d0abe59af073cc16c', '1341359', 'vi', 'en', 'Asia/Hong_Kong', 1, 1, 4, 0, 0, 1, 1, 1, '2011-08-04 22:27:33', 'V', '2011-08-04 22:27:33', '2011-08-04 22:27:33', 'V', NULL, 0, 0),
(67, 'djxpire76@gmail.com', 'djxpire', 'Eric Lim', 1120, NULL, NULL, 'c8c4bd05371d6e122a87310633fd2300', '8026907', 'vi', 'en', 'Asia/Hong_Kong', 1, 1, 4, 0, 0, 1, 1, 1, '2011-08-05 00:59:11', 'H', '2011-08-05 00:59:11', '2011-08-05 00:59:11', 'H', NULL, 0, 0),
(68, 'rafikrahman77@gmail.com', 'rafik', 'Rafik Rh', 0, NULL, NULL, 'a3a2ef9ef629afa3fd72a123e265415f', '4742012', 'vi', 'en', 'Asia/Hong_Kong', 1, 1, 4, 0, 0, 1, 1, 1, '2011-08-05 07:28:48', '/', '2011-08-05 07:28:48', '2011-08-05 07:28:48', '/', NULL, 0, 0);

-- --------------------------------------------------------

--
-- Table structure for table `engine4_user_block`
--

CREATE TABLE IF NOT EXISTS `engine4_user_block` (
  `user_id` int(11) unsigned NOT NULL,
  `blocked_user_id` int(11) unsigned NOT NULL,
  PRIMARY KEY  (`user_id`,`blocked_user_id`),
  KEY `REVERSE` (`blocked_user_id`)
) ENGINE=InnoDB DEFAULT CHARSET=utf8 COLLATE=utf8_unicode_ci;

-- --------------------------------------------------------

--
-- Table structure for table `engine4_user_facebook`
--

CREATE TABLE IF NOT EXISTS `engine4_user_facebook` (
  `user_id` int(11) unsigned NOT NULL,
  `facebook_uid` bigint(20) unsigned NOT NULL,
  `access_token` varchar(255) collate utf8_unicode_ci NOT NULL default '',
  `code` varchar(255) collate utf8_unicode_ci NOT NULL default '',
  `expires` bigint(20) unsigned NOT NULL default '0',
  PRIMARY KEY  (`user_id`),
  UNIQUE KEY `facebook_uid` (`facebook_uid`)
) ENGINE=InnoDB DEFAULT CHARSET=utf8 COLLATE=utf8_unicode_ci;

-- --------------------------------------------------------

--
-- Table structure for table `engine4_user_fields_maps`
--

CREATE TABLE IF NOT EXISTS `engine4_user_fields_maps` (
  `field_id` int(11) unsigned NOT NULL,
  `option_id` int(11) unsigned NOT NULL,
  `child_id` int(11) unsigned NOT NULL,
  `order` smallint(6) NOT NULL,
  PRIMARY KEY  (`field_id`,`option_id`,`child_id`)
) ENGINE=InnoDB DEFAULT CHARSET=utf8 COLLATE=utf8_unicode_ci;

--
-- Dumping data for table `engine4_user_fields_maps`
--

INSERT INTO `engine4_user_fields_maps` (`field_id`, `option_id`, `child_id`, `order`) VALUES
(0, 0, 1, 1),
(1, 1, 2, 2),
(1, 1, 3, 3),
(1, 1, 4, 4),
(1, 1, 5, 5),
(1, 1, 6, 6),
(1, 1, 7, 7),
(1, 1, 8, 8),
(1, 1, 9, 9),
(1, 1, 10, 10),
(1, 1, 11, 11),
(1, 1, 12, 12),
(1, 1, 13, 13);

-- --------------------------------------------------------

--
-- Table structure for table `engine4_user_fields_meta`
--

CREATE TABLE IF NOT EXISTS `engine4_user_fields_meta` (
  `field_id` int(11) unsigned NOT NULL auto_increment,
  `type` varchar(24) character set latin1 collate latin1_general_ci NOT NULL,
  `label` varchar(64) collate utf8_unicode_ci NOT NULL,
  `description` varchar(255) collate utf8_unicode_ci NOT NULL default '',
  `alias` varchar(32) character set latin1 collate latin1_general_ci NOT NULL default '',
  `required` tinyint(1) NOT NULL default '0',
  `display` tinyint(1) unsigned NOT NULL,
  `publish` tinyint(1) unsigned NOT NULL default '0',
  `search` tinyint(1) unsigned NOT NULL default '0',
  `show` tinyint(1) unsigned NOT NULL default '1',
  `order` smallint(3) unsigned NOT NULL default '999',
  `config` text collate utf8_unicode_ci,
  `validators` text collate utf8_unicode_ci,
  `filters` text collate utf8_unicode_ci,
  `style` text collate utf8_unicode_ci,
  `error` text collate utf8_unicode_ci,
  PRIMARY KEY  (`field_id`)
) ENGINE=InnoDB  DEFAULT CHARSET=utf8 COLLATE=utf8_unicode_ci AUTO_INCREMENT=14 ;

--
-- Dumping data for table `engine4_user_fields_meta`
--

INSERT INTO `engine4_user_fields_meta` (`field_id`, `type`, `label`, `description`, `alias`, `required`, `display`, `publish`, `search`, `show`, `order`, `config`, `validators`, `filters`, `style`, `error`) VALUES
(1, 'profile_type', 'Profile Type', '', 'profile_type', 1, 0, 0, 2, 1, 999, '', NULL, NULL, NULL, NULL),
(2, 'heading', 'Personal Information', '', '', 0, 1, 0, 0, 1, 999, '', NULL, NULL, NULL, NULL),
(3, 'first_name', 'First Name', '', 'first_name', 1, 1, 0, 2, 1, 999, '', '[["StringLength",false,[1,32]]]', NULL, NULL, NULL),
(4, 'last_name', 'Last Name', '', 'last_name', 1, 1, 0, 2, 1, 999, '', '[["StringLength",false,[1,32]]]', NULL, NULL, NULL),
(5, 'gender', 'Gender', '', 'gender', 0, 1, 0, 1, 1, 999, '', NULL, NULL, NULL, NULL),
(6, 'birthdate', 'Birthday', '', 'birthdate', 0, 1, 0, 1, 1, 999, '', NULL, NULL, NULL, NULL),
(7, 'heading', 'Contact Information', '', '', 0, 1, 0, 0, 1, 999, '', NULL, NULL, NULL, NULL),
(8, 'website', 'Website', '', '', 0, 1, 0, 0, 1, 999, '', NULL, NULL, NULL, NULL),
(9, 'twitter', 'Twitter', '', '', 0, 1, 0, 0, 1, 999, '', NULL, NULL, NULL, NULL),
(10, 'facebook', 'Facebook', '', '', 0, 1, 0, 0, 1, 999, '', NULL, NULL, NULL, NULL),
(11, 'aim', 'AIM', '', '', 0, 1, 0, 0, 1, 999, '', NULL, NULL, NULL, NULL),
(12, 'heading', 'Personal Details', '', '', 0, 1, 0, 0, 1, 999, '', NULL, NULL, NULL, NULL),
(13, 'about_me', 'About Me', '', '', 0, 1, 0, 0, 1, 999, '', NULL, NULL, NULL, NULL);

-- --------------------------------------------------------

--
-- Table structure for table `engine4_user_fields_options`
--

CREATE TABLE IF NOT EXISTS `engine4_user_fields_options` (
  `option_id` int(11) unsigned NOT NULL auto_increment,
  `field_id` int(11) unsigned NOT NULL,
  `label` varchar(255) collate utf8_unicode_ci NOT NULL,
  `order` smallint(6) NOT NULL default '999',
  PRIMARY KEY  (`option_id`),
  KEY `field_id` (`field_id`)
) ENGINE=InnoDB  DEFAULT CHARSET=utf8 COLLATE=utf8_unicode_ci AUTO_INCREMENT=4 ;

--
-- Dumping data for table `engine4_user_fields_options`
--

INSERT INTO `engine4_user_fields_options` (`option_id`, `field_id`, `label`, `order`) VALUES
(1, 1, 'Regular Member', 1),
(2, 5, 'Male', 1),
(3, 5, 'Female', 2);

-- --------------------------------------------------------

--
-- Table structure for table `engine4_user_fields_search`
--

CREATE TABLE IF NOT EXISTS `engine4_user_fields_search` (
  `item_id` int(11) unsigned NOT NULL,
  `profile_type` smallint(11) unsigned default NULL,
  `first_name` varchar(255) collate utf8_unicode_ci default NULL,
  `last_name` varchar(255) collate utf8_unicode_ci default NULL,
  `gender` smallint(6) unsigned default NULL,
  `birthdate` date default NULL,
  PRIMARY KEY  (`item_id`),
  KEY `profile_type` (`profile_type`),
  KEY `first_name` (`first_name`),
  KEY `last_name` (`last_name`),
  KEY `gender` (`gender`),
  KEY `birthdate` (`birthdate`)
) ENGINE=InnoDB DEFAULT CHARSET=utf8 COLLATE=utf8_unicode_ci;

--
-- Dumping data for table `engine4_user_fields_search`
--

INSERT INTO `engine4_user_fields_search` (`item_id`, `profile_type`, `first_name`, `last_name`, `gender`, `birthdate`) VALUES
(39, 1, 'anhdtk', 'dang', NULL, NULL),
(47, 1, 'Nam', 'Nguyen', 2, '1995-01-01'),
(48, 1, 'kieuanh', 'dang', NULL, NULL),
(49, 1, 'ko thm ko thm', 'thom keo thom keo thom', NULL, NULL),
(50, 1, 'Minh', 'Nguyen', 2, '1982-01-18'),
(51, 1, 'Vitamin', 'Nguyen', 3, '1989-11-11'),
(52, 1, 'candy', 'candy', 2, '1993-01-06'),
(53, 1, 'linda', 'linda', NULL, NULL),
(54, 1, 'kien', 'lam', NULL, NULL),
(55, 1, 'Nam', 'Nguyen', 2, '1995-01-01'),
(56, 1, 'kienlt', 'kienlt', NULL, NULL),
(57, 1, 'linh', 'linh', 3, '1992-01-01'),
(58, 1, 'trio', 'triodtk', 3, NULL),
(59, 1, 'lsc', 'kien', 2, NULL),
(60, 1, 'Tuong', 'Vi', NULL, NULL),
(61, 1, 'Tien', 'Le', 2, '1985-11-16'),
(62, 1, 'Bao', 'Tran', NULL, '1982-03-14'),
(63, 1, 'sachin', 'bag', 2, '1982-04-07'),
(64, 1, 'vdfgd', 'gdfgdf', 2, '1981-01-18'),
(65, 1, 'Denver', 'wilcox', NULL, NULL),
(66, 1, 'Kay', 'Payne', 2, '1981-12-20'),
(67, 1, 'Eric', 'Lim', 2, '1976-06-11'),
(68, 1, 'Rafik', 'Rh', 2, '1977-12-03');

-- --------------------------------------------------------

--
-- Table structure for table `engine4_user_fields_values`
--

CREATE TABLE IF NOT EXISTS `engine4_user_fields_values` (
  `item_id` int(11) unsigned NOT NULL,
  `field_id` int(11) unsigned NOT NULL,
  `index` smallint(3) unsigned NOT NULL default '0',
  `value` text collate utf8_unicode_ci NOT NULL,
  PRIMARY KEY  (`item_id`,`field_id`,`index`)
) ENGINE=InnoDB DEFAULT CHARSET=utf8 COLLATE=utf8_unicode_ci;

--
-- Dumping data for table `engine4_user_fields_values`
--

INSERT INTO `engine4_user_fields_values` (`item_id`, `field_id`, `index`, `value`) VALUES
(39, 1, 0, '1'),
(39, 3, 0, 'anhdtk'),
(39, 4, 0, 'dang'),
(47, 1, 0, '1'),
(47, 3, 0, 'Nam'),
(47, 4, 0, 'Nguyen'),
(47, 5, 0, '2'),
(47, 6, 0, '1995-1-1'),
(47, 8, 0, 'younetco.com'),
(48, 1, 0, '1'),
(48, 3, 0, 'kieuanh'),
(48, 4, 0, 'dang'),
(49, 1, 0, '1'),
(49, 3, 0, 'ko thm ko thm'),
(49, 4, 0, 'thom keo thom keo thom'),
(50, 1, 0, '1'),
(50, 3, 0, 'Minh'),
(50, 4, 0, 'Nguyen'),
(50, 5, 0, '2'),
(50, 6, 0, '1982-1-18'),
(51, 1, 0, '1'),
(51, 3, 0, 'Vitamin'),
(51, 4, 0, 'Nguyen'),
(51, 5, 0, '3'),
(51, 6, 0, '1989-11-11'),
(52, 1, 0, '1'),
(52, 3, 0, 'candy'),
(52, 4, 0, 'candy'),
(52, 5, 0, '2'),
(52, 6, 0, '1993-1-6'),
(53, 1, 0, '1'),
(53, 3, 0, 'linda'),
(53, 4, 0, 'linda'),
(54, 1, 0, '1'),
(54, 3, 0, 'kien'),
(54, 4, 0, 'lam'),
(55, 1, 0, '1'),
(55, 3, 0, 'Nam'),
(55, 4, 0, 'Nguyen'),
(55, 5, 0, '2'),
(55, 6, 0, '1995-1-1'),
(55, 8, 0, 'younetco.com'),
(56, 1, 0, '1'),
(56, 3, 0, 'kienlt'),
(56, 4, 0, 'kienlt'),
(57, 1, 0, '1'),
(57, 3, 0, 'linh'),
(57, 4, 0, 'linh'),
(57, 5, 0, '3'),
(57, 6, 0, '1992-1-1'),
(57, 13, 0, 'daf fagf dsgadg dfagr'),
(58, 1, 0, '1'),
(58, 3, 0, 'trio'),
(58, 4, 0, 'triodtk'),
(58, 5, 0, '3'),
(59, 1, 0, '1'),
(59, 3, 0, 'lsc'),
(59, 4, 0, 'kien'),
(59, 5, 0, '2'),
(60, 1, 0, '1'),
(60, 3, 0, 'Tuong'),
(60, 4, 0, 'Vi'),
(61, 1, 0, '1'),
(61, 3, 0, 'Tien'),
(61, 4, 0, 'Le'),
(61, 5, 0, '2'),
(61, 6, 0, '1985-11-16'),
(62, 1, 0, '1'),
(62, 3, 0, 'Bao'),
(62, 4, 0, 'Tran'),
(62, 6, 0, '1982-3-14'),
(63, 1, 0, '1'),
(63, 3, 0, 'sachin'),
(63, 4, 0, 'bag'),
(63, 5, 0, '2'),
(63, 6, 0, '1982-4-7'),
(64, 1, 0, '1'),
(64, 3, 0, 'vdfgd'),
(64, 4, 0, 'gdfgdf'),
(64, 5, 0, '2'),
(64, 6, 0, '1981-1-18'),
(65, 1, 0, '1'),
(65, 3, 0, 'Denver'),
(65, 4, 0, 'wilcox'),
(66, 1, 0, '1'),
(66, 3, 0, 'Kay'),
(66, 4, 0, 'Payne'),
(66, 5, 0, '2'),
(66, 6, 0, '1981-12-20'),
(67, 1, 0, '1'),
(67, 3, 0, 'Eric'),
(67, 4, 0, 'Lim'),
(67, 5, 0, '2'),
(67, 6, 0, '1976-6-11'),
(68, 1, 0, '1'),
(68, 3, 0, 'Rafik'),
(68, 4, 0, 'Rh'),
(68, 5, 0, '2'),
(68, 6, 0, '1977-12-3'),
(68, 13, 0, 'I''m');

-- --------------------------------------------------------

--
-- Table structure for table `engine4_user_forgot`
--

CREATE TABLE IF NOT EXISTS `engine4_user_forgot` (
  `user_id` int(11) unsigned NOT NULL,
  `code` varchar(64) character set latin1 collate latin1_general_ci NOT NULL,
  `creation_date` datetime NOT NULL,
  PRIMARY KEY  (`user_id`),
  KEY `code` (`code`)
) ENGINE=InnoDB DEFAULT CHARSET=utf8 COLLATE=utf8_unicode_ci;

-- --------------------------------------------------------

--
-- Table structure for table `engine4_user_listitems`
--

CREATE TABLE IF NOT EXISTS `engine4_user_listitems` (
  `listitem_id` int(11) unsigned NOT NULL auto_increment,
  `list_id` int(11) unsigned NOT NULL,
  `child_id` int(11) unsigned NOT NULL,
  PRIMARY KEY  (`listitem_id`),
  KEY `list_id` (`list_id`),
  KEY `child_id` (`child_id`)
) ENGINE=InnoDB  DEFAULT CHARSET=utf8 COLLATE=utf8_unicode_ci AUTO_INCREMENT=10 ;

--
-- Dumping data for table `engine4_user_listitems`
--

INSERT INTO `engine4_user_listitems` (`listitem_id`, `list_id`, `child_id`) VALUES
(4, 4, 5),
(5, 4, 7),
(6, 4, 9),
(7, 4, 11),
(8, 4, 39),
(9, 4, 51);

-- --------------------------------------------------------

--
-- Table structure for table `engine4_user_lists`
--

CREATE TABLE IF NOT EXISTS `engine4_user_lists` (
  `list_id` int(11) unsigned NOT NULL auto_increment,
  `title` varchar(64) collate utf8_unicode_ci NOT NULL default '',
  `owner_id` int(11) unsigned NOT NULL,
  `child_count` int(11) unsigned NOT NULL default '0',
  PRIMARY KEY  (`list_id`),
  KEY `owner_id` (`owner_id`)
) ENGINE=InnoDB  DEFAULT CHARSET=utf8 COLLATE=utf8_unicode_ci AUTO_INCREMENT=5 ;

--
-- Dumping data for table `engine4_user_lists`
--

INSERT INTO `engine4_user_lists` (`list_id`, `title`, `owner_id`, `child_count`) VALUES
(4, 'younetco.com', 1, 6);

-- --------------------------------------------------------

--
-- Table structure for table `engine4_user_logins`
--

CREATE TABLE IF NOT EXISTS `engine4_user_logins` (
  `login_id` int(10) unsigned NOT NULL auto_increment,
  `user_id` int(10) unsigned default NULL,
  `email` varchar(128) collate utf8_unicode_ci default NULL,
  `ip` varbinary(16) NOT NULL,
  `timestamp` datetime NOT NULL,
  `state` enum('success','no-member','bad-password','disabled','unpaid','third-party','v3-migration','unknown') character set latin1 collate latin1_general_ci NOT NULL default 'unknown',
  `source` varchar(64) collate utf8_unicode_ci default NULL,
  `active` tinyint(1) NOT NULL default '0',
  PRIMARY KEY  (`login_id`),
  KEY `user_id` (`user_id`),
  KEY `email` (`email`),
  KEY `ip` (`ip`)
) ENGINE=InnoDB  DEFAULT CHARSET=utf8 COLLATE=utf8_unicode_ci AUTO_INCREMENT=294 ;

--
-- Dumping data for table `engine4_user_logins`
--

INSERT INTO `engine4_user_logins` (`login_id`, `user_id`, `email`, `ip`, `timestamp`, `state`, `source`, `active`) VALUES
(1, 1, 'admin@younetco.com', 'sN', '2011-07-21 13:11:38', 'bad-password', NULL, 0),
(2, 1, 'admin@younetco.com', 'sN', '2011-07-21 13:11:41', 'success', NULL, 1),
(3, 1, 'admin@younetco.com', 'qUi', '2011-07-21 14:51:26', 'success', NULL, 1),
(4, 1, 'admin@younetco.com', 'qUi', '2011-07-21 14:52:12', 'success', NULL, 1),
(5, 1, 'admin@younetco.com', 'sN', '2011-07-23 15:02:35', 'success', NULL, 1),
(6, 1, 'admin@younetco.com', 'qUi', '2011-07-23 16:31:09', 'success', NULL, 1),
(7, 1, 'admin@younetco.com', 'sN', '2011-07-23 16:55:35', 'success', NULL, 1),
(8, 1, 'admin@younetco.com', 'qUi', '2011-07-23 20:54:31', 'success', NULL, 1),
(9, 1, 'admin@younetco.com', 'sN', '2011-07-23 23:11:51', 'success', NULL, 1),
(10, 1, 'admin@younetco.com', 'sN', '2011-07-24 01:37:00', 'success', NULL, 1),
(11, 1, 'admin@younetco.com', 'sN', '2011-07-24 01:37:05', 'success', NULL, 1),
(12, 1, 'admin@younetco.com', '{_L', '2011-07-24 02:48:54', 'success', NULL, 1),
(13, 39, 'anhdtk@younetco.com', 'sN', '2011-07-24 12:54:10', 'success', NULL, 1),
(14, 1, 'admin@younetco.com', 'sN', '2011-07-24 12:57:01', 'success', NULL, 0),
(15, 39, 'anhdtk@younetco.com', 'sN', '2011-07-24 13:18:06', 'bad-password', NULL, 0),
(16, 39, 'anhdtk@younetco.com', 'sN', '2011-07-24 13:18:13', 'success', NULL, 0),
(17, 1, 'admin@younetco.com', 'sN', '2011-07-24 13:25:52', 'success', NULL, 0),
(18, 1, 'admin@younetco.com', 'sN', '2011-07-24 14:00:04', 'success', NULL, 1),
(19, 1, 'admin@younetco.com', 'qUi', '2011-07-24 14:55:31', 'success', NULL, 1),
(20, 1, 'admin@younetco.com', '{_L', '2011-07-24 16:07:29', 'success', NULL, 1),
(21, 1, 'admin@younetco.com', 'qUi', '2011-07-24 16:43:50', 'success', NULL, 1),
(22, 1, 'admin@younetco.com', 'qUi', '2011-07-24 17:00:42', 'success', NULL, 1),
(23, 47, 'namnv@younetco.com', 'sN', '2011-07-24 18:25:22', 'success', NULL, 0),
(24, 1, 'admin@younetco.com', 'sN', '2011-07-24 18:26:15', 'success', NULL, 0),
(25, 1, 'admin@younetco.com', 'qUi', '2011-07-24 18:38:47', 'success', NULL, 1),
(26, 1, 'admin@younetco.com', 'qUi', '2011-07-24 19:11:06', 'success', NULL, 1),
(27, 39, 'anhdtk@younetco.com', 'qUi', '2011-07-24 19:58:17', 'success', NULL, 1),
(28, 1, 'admin@younetco.com', 'sN', '2011-07-24 23:36:37', 'success', NULL, 1),
(29, 1, 'admin@younetco.com', 'sN', '2011-07-25 11:54:53', 'success', NULL, 1),
(30, 1, 'admin@younetco.com', 'qUi', '2011-07-25 12:57:56', 'success', NULL, 1),
(31, 39, 'anhdtk@younetco.com', 'qUi', '2011-07-25 12:58:34', 'success', NULL, 1),
(32, NULL, 'keothom@gmail.com', 'qUi', '2011-07-25 13:49:08', 'no-member', NULL, 0),
(33, 47, 'namnv@younetco.com', 'qUi', '2011-07-25 14:10:29', 'success', NULL, 0),
(34, 47, 'namnv@younetco.com', 'qUi', '2011-07-25 14:23:23', 'success', NULL, 1),
(35, 1, 'admin@younetco.com', 'qUi', '2011-07-25 14:26:52', 'success', NULL, 1),
(36, 1, 'admin@younetco.com', 'qUi', '2011-07-25 14:32:18', 'success', NULL, 1),
(37, 1, 'admin@younetco.com', 'qUi', '2011-07-25 14:43:07', 'success', NULL, 1),
(38, 1, 'admin@younetco.com', 'sN', '2011-07-25 15:27:27', 'bad-password', NULL, 0),
(39, 1, 'admin@younetco.com', 'sN', '2011-07-25 15:27:32', 'success', NULL, 1),
(40, 1, 'admin@younetco.com', 'sN', '2011-07-25 16:03:52', 'success', NULL, 1),
(41, 1, 'admin@younetco.com', 'qUi', '2011-07-25 17:55:16', 'success', NULL, 1),
(42, 1, 'admin@younetco.com', 'qUi', '2011-07-25 18:23:09', 'success', NULL, 1),
(43, NULL, 'namnv@younetco.com', 'qUi', '2011-07-25 18:23:54', 'no-member', NULL, 0),
(44, NULL, 'namnv@younetco.com', 'qUi', '2011-07-25 18:23:59', 'no-member', NULL, 0),
(45, NULL, 'namnv@younetco.com', 'qUi', '2011-07-25 18:24:06', 'no-member', NULL, 0),
(46, 47, 'nam.ngvan@gmail.com', 'qUi', '2011-07-25 18:24:25', 'success', NULL, 0),
(47, 1, 'admin@younetco.com', 'qUi', '2011-07-25 19:01:21', 'success', NULL, 1),
(48, 1, 'admin@younetco.com', 'qUi', '2011-07-25 21:07:15', 'success', NULL, 1),
(49, NULL, 'namnv@younetco.com', 'qUi', '2011-07-26 12:41:02', 'no-member', NULL, 0),
(50, NULL, 'nam.ngvan@younetco.com', 'qUi', '2011-07-26 12:41:15', 'no-member', NULL, 0),
(51, 47, 'nam.ngvan@gmail.com', 'qUi', '2011-07-26 12:41:30', 'success', NULL, 0),
(52, 39, 'anhdtk@younetco.com', 'qUi', '2011-07-26 12:47:07', 'success', NULL, 0),
(53, 1, 'admin@younetco.com', 'qUi', '2011-07-26 12:51:21', 'success', NULL, 1),
(54, 1, 'admin@younetco.com', 'qUi', '2011-07-26 12:52:28', 'success', NULL, 0),
(55, 1, 'admin@younetco.com', 'qUi', '2011-07-26 12:53:32', 'success', NULL, 1),
(56, 49, 'keothom@gmail.com', 'sN', '2011-07-26 12:57:49', 'success', NULL, 1),
(57, 1, 'admin@younetco.com', 'qUi', '2011-07-26 13:10:34', 'success', NULL, 0),
(58, 1, 'admin@younetco.com', 'sN', '2011-07-26 13:20:41', 'success', NULL, 1),
(59, 49, 'keothom@gmail.com', 'sN', '2011-07-26 13:32:28', 'success', NULL, 1),
(60, 1, 'admin@younetco.com', 'sN', '2011-07-26 13:38:38', 'success', NULL, 1),
(61, 1, 'admin@younetco.com', 'sN', '2011-07-26 13:57:02', 'success', NULL, 1),
(62, 1, 'admin@younetco.com', 'sN', '2011-07-26 18:50:34', 'success', NULL, 1),
(63, NULL, 'candy@gmail.com', 'qUi', '2011-07-26 19:39:11', 'no-member', NULL, 0),
(64, 52, 'candy@gmail.com', 'qUi', '2011-07-26 20:08:41', 'success', NULL, 1),
(65, 1, 'admin@younetco.com', 'qUi', '2011-07-26 20:11:34', 'success', NULL, 1),
(66, 1, 'admin@younetco.com', 'qUi', '2011-07-27 12:41:53', 'success', NULL, 1),
(67, 1, 'admin@younetco.com', 'qUi', '2011-07-27 12:43:56', 'success', NULL, 1),
(68, 1, 'admin@younetco.com', 'qUi', '2011-07-27 12:48:07', 'success', NULL, 1),
(69, 39, 'anhdtk@younetco.com', 'qUi', '2011-07-27 12:48:20', 'success', NULL, 1),
(70, 48, 'kieuanhdang89@gmail.com', 'qUi', '2011-07-27 12:48:40', 'success', NULL, 0),
(71, 1, 'admin@younetco.com', 'sN', '2011-07-27 13:56:02', 'success', NULL, 1),
(72, 50, 'minhnc@younetco.com', 'qUi', '2011-07-27 18:03:14', 'success', NULL, 0),
(73, 1, 'admin@younetco.com', 'qUi', '2011-07-27 18:26:34', 'success', NULL, 1),
(74, 1, 'admin@younetco.com', 'qUi', '2011-07-27 18:42:03', 'success', NULL, 0),
(75, NULL, 'namnv@younetco.com', 'qUi', '2011-07-27 18:58:31', 'no-member', NULL, 0),
(76, NULL, 'namnv@younetco.com', 'qUi', '2011-07-27 18:58:38', 'no-member', NULL, 0),
(77, 50, 'minhnc@younetco.com', 'qUi', '2011-07-27 19:01:52', 'success', NULL, 1),
(78, 1, 'admin@younetco.com', 'qUi', '2011-07-27 19:47:21', 'success', NULL, 1),
(79, 54, 'thikien@gmail.com', 'qUi', '2011-07-27 19:48:56', 'bad-password', NULL, 0),
(80, 54, 'thikien@gmail.com', 'qUi', '2011-07-27 19:49:24', 'success', NULL, 1),
(81, 1, 'admin@younetco.com', 'sN', '2011-07-27 20:16:21', 'success', NULL, 1),
(82, 55, 'namnv@younetco.com', 'sN', '2011-07-27 20:17:31', 'success', NULL, 0),
(83, 51, 'binhnth@younetco.com', 'sN', '2011-07-27 20:27:38', 'success', NULL, 1),
(84, 1, 'admin@younetco.com', 'qUi', '2011-07-27 20:54:19', 'success', NULL, 1),
(85, 1, 'admin@younetco.com', 'qUi', '2011-07-28 12:32:03', 'success', NULL, 1),
(86, 1, 'admin@younetco.com', 'qUi', '2011-07-28 13:03:43', 'success', NULL, 1),
(87, 1, 'admin@younetco.com', 'qUi', '2011-07-28 13:25:34', 'success', NULL, 0),
(88, 54, 'thikien@gmail.com', 'qUi', '2011-07-28 13:31:01', 'success', NULL, 1),
(89, 1, 'admin@younetco.com', 'qUi', '2011-07-28 13:49:29', 'success', NULL, 1),
(90, 1, 'admin@younetco.com', 'sN', '2011-07-28 13:53:22', 'bad-password', NULL, 0),
(91, 1, 'admin@younetco.com', 'sN', '2011-07-28 13:53:37', 'success', NULL, 0),
(92, 1, 'admin@younetco.com', 'qUi', '2011-07-28 13:55:26', 'success', NULL, 0),
(93, 54, 'thikien@gmail.com', 'qUi', '2011-07-28 13:57:54', 'success', NULL, 1),
(94, 56, 'kienlt@younetco.com', 'qUi', '2011-07-28 14:07:39', 'success', NULL, 0),
(95, 50, 'minhnc@younetco.com', 'qUi', '2011-07-28 14:14:09', 'success', NULL, 0),
(96, 1, 'admin@younetco.com', 'sN', '2011-07-28 14:26:30', 'success', NULL, 1),
(97, 1, 'admin@younetco.com', 'qUi', '2011-07-28 18:09:41', 'success', NULL, 1),
(98, 56, 'kienlt@younetco.com', 'sN', '2011-07-28 18:27:17', 'success', NULL, 0),
(99, 54, 'thikien@gmail.com', 'sN', '2011-07-28 18:27:54', 'success', NULL, 1),
(100, 54, 'thikien@gmail.com', 'qUi', '2011-07-28 18:29:38', 'success', NULL, 0),
(101, 1, 'admin@younetco.com', 'sN', '2011-07-28 18:35:07', 'success', NULL, 1),
(102, 1, 'admin@younetco.com', 'qUi', '2011-07-28 19:40:26', 'success', NULL, 1),
(103, 1, 'admin@younetco.com', 'qUi', '2011-07-28 19:40:58', 'success', NULL, 1),
(104, 1, 'admin@younetco.com', 'qUi', '2011-07-28 22:20:08', 'success', NULL, 1),
(105, 54, 'thikien@gmail.com', '{_L', '2011-07-29 01:32:32', 'success', NULL, 1),
(106, 1, 'admin@younetco.com', '{_L', '2011-07-29 02:19:46', 'success', NULL, 1),
(107, 54, 'thikien@gmail.com', 'qUi', '2011-07-29 13:10:40', 'bad-password', NULL, 0),
(108, 54, 'thikien@gmail.com', 'qUi', '2011-07-29 13:10:49', 'success', NULL, 1),
(109, 1, 'admin@younetco.com', 'sN', '2011-07-29 13:14:06', 'success', NULL, 1),
(110, 1, 'admin@younetco.com', 'sN', '2011-07-29 13:39:04', 'success', NULL, 0),
(111, 1, 'admin@younetco.com', 'qUi', '2011-07-29 15:10:17', 'success', NULL, 1),
(112, 54, 'thikien@gmail.com', 'sN', '2011-07-29 15:32:56', 'success', NULL, 1),
(113, 1, 'admin@younetco.com', '{S', '2011-07-29 17:36:59', 'success', NULL, 1),
(114, 1, 'admin@younetco.com', 'qUi', '2011-07-29 18:00:24', 'success', NULL, 1),
(115, NULL, 'ltkien.lsc@younetco.com', 'qUi', '2011-07-29 18:02:25', 'no-member', NULL, 0),
(116, 59, 'ltkien.lsc@gmail.com', 'qUi', '2011-07-29 18:02:36', 'success', NULL, 1),
(117, 1, 'admin@younetco.com', 'sN', '2011-07-29 18:44:31', 'success', NULL, 1),
(118, 59, 'ltkien.lsc@gmail.com', 'qUi', '2011-07-29 18:48:28', 'success', NULL, 1),
(119, 54, 'thikien@gmail.com', 'qUi', '2011-07-29 19:29:08', 'success', NULL, 1),
(120, 1, 'admin@younetco.com', 'qUi', '2011-07-29 19:42:55', 'success', NULL, 1),
(121, 1, 'admin@younetco.com', 'qUi', '2011-07-29 21:25:53', 'success', NULL, 1),
(122, 54, 'thikien@gmail.com', 'qUi', '2011-07-29 21:34:27', 'success', NULL, 1),
(123, 1, 'admin@younetco.com', 'sN', '2001-01-24 22:29:32', 'success', NULL, 1),
(124, 39, 'anhdtk@younetco.com', 'sN', '2001-01-24 22:38:03', 'success', NULL, 1),
(125, 52, 'candy@gmail.com', 'sN', '2001-01-24 22:59:46', 'success', NULL, 1),
(126, 1, 'admin@younetco.com', 'qUi', '2001-01-24 23:01:09', 'success', NULL, 1),
(127, 1, 'admin@younetco.com', 'sN', '2001-01-24 23:30:08', 'success', NULL, 1),
(128, 54, 'thikien@gmail.com', 'qUi', '2001-01-25 00:44:28', 'bad-password', NULL, 0),
(129, 54, 'thikien@gmail.com', 'qUi', '2001-01-25 00:44:33', 'success', NULL, 1),
(130, 1, 'admin@younetco.com', 'qUi', '2001-01-25 00:57:37', 'success', NULL, 1),
(131, 59, 'ltkien.lsc@gmail.com', 'qUi', '2001-01-25 01:03:05', 'bad-password', NULL, 0),
(132, 59, 'ltkien.lsc@gmail.com', 'qUi', '2001-01-25 01:03:10', 'success', NULL, 1),
(133, 39, 'anhdtk@younetco.com', 'sN', '2011-08-01 18:48:04', 'success', NULL, 0),
(134, 1, 'admin@younetco.com', 'qUi', '2011-08-01 18:51:44', 'success', NULL, 0),
(135, 1, 'admin@younetco.com', 'sN', '2011-08-01 19:31:43', 'success', NULL, 1),
(136, 1, 'admin@younetco.com', 'qUi', '2011-08-01 19:43:29', 'success', NULL, 0),
(137, 54, 'thikien@gmail.com', 'qUi', '2011-08-01 19:46:36', 'success', NULL, 1),
(138, 1, 'admin@younetco.com', 'qUi', '2011-08-01 19:58:02', 'success', NULL, 1),
(139, 59, 'ltkien.lsc@gmail.com', 'qUi', '2011-08-01 19:59:51', 'success', NULL, 1),
(140, 48, 'kieuanhdang89@gmail.com', 'sN', '2011-08-01 21:10:43', 'success', NULL, 0),
(141, 1, 'admin@younetco.com', 'sN', '2011-08-01 21:13:33', 'success', NULL, 0),
(142, 54, 'thikien@gmail.com', 'sN', '2011-08-01 21:34:54', 'success', NULL, 0),
(143, 1, 'admin@younetco.com', 'qUi', '2011-08-01 21:43:23', 'success', NULL, 1),
(144, 48, 'kieuanhdang89@gmail.com', 'sN', '2011-08-01 22:06:07', 'success', NULL, 1),
(145, 39, 'anhdtk@younetco.com', 'sN', '2011-08-01 22:09:48', 'success', NULL, 1),
(146, 1, 'admin@younetco.com', 'sN', '2011-08-01 22:11:30', 'success', NULL, 1),
(147, 59, 'ltkien.lsc@gmail.com', 'sN', '2011-08-01 22:23:30', 'success', NULL, 0),
(148, 1, 'admin@younetco.com', 'q', '2011-08-02 04:22:25', 'success', NULL, 1),
(149, 39, 'anhdtk@younetco.com', 'sN', '2011-08-02 12:48:57', 'success', NULL, 1),
(150, 1, 'admin@younetco.com', 'qUi', '2011-08-02 12:52:30', 'success', NULL, 1),
(151, 59, 'ltkien.lsc@gmail.com', 'qUi', '2011-08-02 13:18:20', 'bad-password', NULL, 0),
(152, 59, 'ltkien.lsc@gmail.com', 'qUi', '2011-08-02 13:18:28', 'success', NULL, 1),
(153, 1, 'admin@younetco.com', 'sN', '2011-08-02 13:18:42', 'success', NULL, 1),
(154, 1, 'admin@younetco.com', 'qUi', '2011-08-02 13:50:01', 'success', NULL, 1),
(155, 39, 'anhdtk@younetco.com', 'qUi', '2011-08-02 14:36:23', 'success', NULL, 0),
(156, 1, 'admin@younetco.com', 'sN', '2011-08-02 15:48:26', 'success', NULL, 0),
(157, 48, 'kieuanhdang89@gmail.com', 'sN', '2011-08-02 18:21:54', 'success', NULL, 0),
(158, 52, 'candy@gmail.com', 'sN', '2011-08-02 18:49:04', 'success', NULL, 1),
(159, 53, 'linda@gmail.com', 'sN', '2011-08-02 18:50:43', 'success', NULL, 1),
(160, 1, 'admin@younetco.com', 'qUi', '2011-08-02 19:11:45', 'success', NULL, 0),
(161, 1, 'admin@younetco.com', 'sN', '2011-08-02 19:32:08', 'success', NULL, 1),
(162, 1, 'admin@younetco.com', 'sN', '2011-08-02 21:02:19', 'bad-password', NULL, 0),
(163, 1, 'admin@younetco.com', 'sN', '2011-08-02 21:02:39', 'bad-password', NULL, 0),
(164, 1, 'admin@younetco.com', 'sN', '2011-08-02 21:02:49', 'success', NULL, 1),
(165, 50, 'minhnc@younetco.com', 'qUi', '2011-08-02 21:06:45', 'success', NULL, 0),
(166, 1, 'admin@younetco.com', 'qUi', '2011-08-02 21:21:47', 'success', NULL, 1),
(167, 1, 'admin@younetco.com', 'sN', '2011-08-03 12:50:22', 'success', NULL, 1),
(168, 1, 'admin@younetco.com', 'qUi', '2011-08-03 13:04:58', 'success', NULL, 1),
(169, 1, 'admin@younetco.com', 'qUi', '2011-08-03 13:08:05', 'bad-password', NULL, 0),
(170, 1, 'admin@younetco.com', 'qUi', '2011-08-03 13:08:12', 'success', NULL, 1),
(171, 39, 'anhdtk@younetco.com', 'sN', '2011-08-03 13:33:49', 'success', NULL, 1),
(172, 1, 'admin@younetco.com', 'qUi', '2011-08-03 13:35:23', 'success', NULL, 0),
(173, 54, 'thikien@gmail.com', 'qUi', '2011-08-03 13:35:48', 'success', NULL, 1),
(174, 54, 'thikien@gmail.com', 'sN', '2011-08-03 13:51:36', 'success', NULL, 0),
(175, 1, 'admin@younetco.com', 'sNP', '2011-08-03 14:49:04', 'success', NULL, 1),
(176, 1, 'admin@younetco.com', 'sN', '2011-08-03 14:54:08', 'success', NULL, 1),
(177, 1, 'admin@younetco.com', 'qUi', '2011-08-03 15:20:38', 'success', NULL, 1),
(178, 1, 'admin@younetco.com', 'qUi', '2011-08-03 17:34:36', 'success', NULL, 1),
(179, 54, 'thikien@gmail.com', 'sN', '2011-08-03 17:43:46', 'success', NULL, 1),
(180, 1, 'admin@younetco.com', 'sN', '2011-08-03 17:54:28', 'success', NULL, 1),
(181, 1, 'admin@younetco.com', 'sN', '2011-08-03 09:22:14', 'bad-password', NULL, 0),
(182, 1, 'admin@younetco.com', 'sN', '2011-08-03 09:22:29', 'success', NULL, 1),
(183, 55, 'namnv@younetco.com', 'sN', '2011-08-03 09:23:51', 'success', NULL, 1),
(184, 1, 'admin@younetco.com', 'sN', '2011-08-03 10:32:08', 'success', NULL, 1),
(185, 54, 'thikien@gmail.com', 'qUi', '2011-08-03 10:50:28', 'bad-password', NULL, 0),
(186, 54, 'thikien@gmail.com', 'qUi', '2011-08-03 10:53:53', 'success', NULL, 1),
(187, 59, 'ltkien.lsc@gmail.com', 'qUi', '2011-08-03 11:10:30', 'success', NULL, 0),
(188, 59, 'ltkien.lsc@gmail.com', 'qUi', '2011-08-03 11:57:05', 'success', NULL, 0),
(189, 1, 'admin@younetco.com', 'qUi', '2011-08-03 12:06:45', 'success', NULL, 1),
(190, 1, 'admin@younetco.com', 'qUi', '2011-08-03 12:15:21', 'bad-password', NULL, 0),
(191, 1, 'admin@younetco.com', 'qUi', '2011-08-03 12:15:33', 'bad-password', NULL, 0),
(192, 1, 'admin@younetco.com', 'qUi', '2011-08-03 12:15:36', 'success', NULL, 1),
(193, 1, 'admin@younetco.com', 'qUi', '2011-08-03 12:15:37', 'success', NULL, 1),
(194, 1, 'admin@younetco.com', 'sN', '2011-08-03 12:47:04', 'success', NULL, 1),
(195, 1, 'admin@younetco.com', 'sN', '2011-08-03 12:51:40', 'bad-password', NULL, 0),
(196, 1, 'admin@younetco.com', 'sN', '2011-08-03 12:51:48', 'success', NULL, 1),
(197, 55, 'namnv@younetco.com', 'sN', '2011-08-03 13:29:44', 'success', NULL, 1),
(198, NULL, 'paul.oregan@live.co.uk', 'VN', '2011-08-03 19:40:36', 'no-member', NULL, 0),
(199, NULL, 'paul.oregan@live.co.uk', 'VN', '2011-08-03 19:40:41', 'no-member', NULL, 0),
(200, NULL, 'paul@scocial.co.uk', 'VN', '2011-08-03 19:40:56', 'no-member', NULL, 0),
(201, 1, 'admin@younetco.com', 'qUi', '2011-08-04 01:50:28', 'bad-password', NULL, 0),
(202, NULL, 'baotq@younetco.com', 'qUi', '2011-08-04 01:50:42', 'no-member', NULL, 0),
(203, 1, 'admin@younetco.com', 'qUi', '2011-08-04 02:11:20', 'bad-password', NULL, 0),
(204, 1, 'admin@younetco.com', 'qUi', '2011-08-04 02:11:51', 'bad-password', NULL, 0),
(205, NULL, 'hoana@younetco.com', 'qUi', '2011-08-04 02:12:15', 'no-member', NULL, 0),
(206, 1, 'admin@younetco.com', 'qUi', '2011-08-04 02:12:26', 'bad-password', NULL, 0),
(207, 1, 'admin@younetco.com', 'qUi', '2011-08-04 02:14:14', 'bad-password', NULL, 0),
(208, 1, 'admin@younetco.com', 'qUi', '2011-08-04 02:14:24', 'success', NULL, 0),
(209, 54, 'thikien@gmail.com', 'qUi', '2011-08-04 02:17:25', 'success', NULL, 0),
(210, 1, 'admin@younetco.com', 'qUi', '2011-08-04 02:18:20', 'bad-password', NULL, 0),
(211, 1, 'admin@younetco.com', 'qUi', '2011-08-04 02:18:42', 'success', NULL, 1),
(212, 55, 'namnv@younetco.com', 'sN', '2011-08-04 02:19:05', 'success', NULL, 0),
(213, 54, 'thikien@gmail.com', 'qUi', '2011-08-04 03:06:13', 'success', NULL, 1),
(214, 59, 'ltkien.lsc@gmail.com', 'sN', '2011-08-04 03:23:47', 'success', NULL, 1),
(215, 1, 'admin@younetco.com', 'sN', '2011-08-04 03:48:01', 'success', NULL, 0),
(216, 1, 'admin@younetco.com', 'sN', '2011-08-04 05:23:29', 'success', NULL, 1),
(217, NULL, 'bmeyers2020@yahoo.com', 'D', '2011-08-04 05:30:52', 'no-member', NULL, 0),
(218, NULL, 'bmeyers2020@yahoo.com', 'D', '2011-08-04 05:31:04', 'no-member', NULL, 0),
(219, NULL, 'bmeyers2020@yahoo.com', 'D', '2011-08-04 05:31:11', 'no-member', NULL, 0),
(220, 60, 'vi@younetco.com', 'qUi', '2011-08-04 07:27:47', 'success', NULL, 1),
(221, 59, 'ltkien.lsc@gmail.com', 'sN', '2011-08-04 07:40:33', 'success', NULL, 1),
(222, 54, 'thikien@gmail.com', 'sN', '2011-08-04 07:43:32', 'success', NULL, 0),
(223, 1, 'admin@younetco.com', 'qUi', '2011-08-04 08:02:22', 'bad-password', NULL, 0),
(224, 1, 'admin@younetco.com', 'qUi', '2011-08-04 08:02:55', 'success', NULL, 1),
(225, 54, 'thikien@gmail.com', 'sN', '2011-08-04 08:03:50', 'success', NULL, 0),
(226, 1, 'admin@younetco.com', 'sN', '2011-08-04 09:28:06', 'bad-password', NULL, 0),
(227, NULL, 'tienlv@mailinator.com', 'sN', '2011-08-04 09:52:11', 'no-member', NULL, 0),
(228, NULL, 'tienlv@mailinator.com', 'sN', '2011-08-04 09:52:24', 'no-member', NULL, 0),
(229, 1, 'admin@younetco.com', 'qUi', '2011-08-04 11:18:51', 'bad-password', NULL, 0),
(230, 1, 'admin@younetco.com', 'qUi', '2011-08-04 11:57:08', 'success', NULL, 1),
(231, 54, 'thikien@gmail.com', 'sN', '2011-08-04 12:00:11', 'success', NULL, 1),
(232, NULL, 'sachin.bagpey11@yahoo.in', 'u@`', '2011-08-04 12:09:26', 'no-member', NULL, 0),
(233, 63, 'sachin.bagpey11@yahoo.in', 'u@`', '2011-08-04 12:27:06', 'success', NULL, 1),
(234, NULL, 'denver_wilcox@yahoo.com', 'V', '2011-08-04 18:59:41', 'no-member', NULL, 0),
(235, NULL, 'denver_wilcox@yahoo.com', 'V', '2011-08-04 19:20:17', 'no-member', NULL, 0),
(236, NULL, 'rafikrahman77@gmail.com', '2', '2011-08-05 00:35:45', 'no-member', NULL, 0),
(237, NULL, 'rafikrahman77@gmail.com', '2', '2011-08-05 00:36:37', 'no-member', NULL, 0),
(238, NULL, 'djxpire76@gmail.com', 'H', '2011-08-05 00:57:33', 'no-member', NULL, 0),
(239, 1, 'admin@younetco.com', 'sNP', '2011-08-05 03:49:05', 'bad-password', NULL, 0),
(240, 62, 'baotq@younetco.com', 'qUi', '2011-08-05 03:49:12', 'success', NULL, 0),
(241, 1, 'admin@younetco.com', 'sNP', '2011-08-05 03:49:16', 'bad-password', NULL, 0),
(242, NULL, 'rafikrahman77@gmail.com', '/', '2011-08-05 07:22:37', 'no-member', NULL, 0),
(243, NULL, 'rafikrahman77@gmail.com', '/', '2011-08-05 07:26:15', 'no-member', NULL, 0),
(244, NULL, 'rafikrahman77@gmail.com', '/', '2011-08-05 07:26:38', 'no-member', NULL, 0),
(245, 1, 'admin@younetco.com', 'sN', '2011-08-05 08:14:06', 'success', NULL, 1),
(246, 1, 'admin@younetco.com', 'sN', '2011-08-05 08:45:46', 'success', NULL, 1),
(247, 1, 'admin@younetco.com', 'sN', '2011-08-04 23:26:00', 'bad-password', NULL, 0),
(248, 1, 'admin@younetco.com', 'sN', '2011-08-04 23:27:03', 'bad-password', NULL, 0),
(249, 1, 'admin@younetco.com', 'sN', '2011-08-04 23:27:06', 'bad-password', NULL, 0),
(250, 1, 'admin@younetco.com', 'sN', '2011-08-04 23:27:10', 'success', NULL, 1),
(251, 1, 'admin@younetco.com', 'sN', '2011-08-05 13:18:47', 'bad-password', NULL, 0),
(252, 1, 'admin@younetco.com', 'qUi', '2011-08-05 13:19:23', 'bad-password', NULL, 0),
(253, 1, 'admin@younetco.com', 'qUi', '2011-08-05 13:19:37', 'success', NULL, 0),
(254, 1, 'admin@younetco.com', 'sN', '2011-08-05 13:33:24', 'bad-password', NULL, 0),
(255, 1, 'admin@younetco.com', 'sN', '2011-08-05 13:33:30', 'bad-password', NULL, 0),
(256, 1, 'admin@younetco.com', 'sN', '2011-08-05 13:34:15', 'success', NULL, 1),
(257, 50, 'minhnc@younetco.com', 'sN', '2011-08-05 13:40:21', 'success', NULL, 0),
(258, 54, 'thikien@gmail.com', 'sN', '2011-08-05 13:40:50', 'success', NULL, 0),
(259, 1, 'admin@younetco.com', 'sN', '2011-08-05 13:46:01', 'bad-password', NULL, 0),
(260, 1, 'admin@younetco.com', 'sN', '2011-08-05 13:46:07', 'success', NULL, 0),
(261, 50, 'minhnc@younetco.com', 'sN', '2011-08-05 18:30:52', 'success', NULL, 0),
(262, NULL, 'thiken@gmail.com', 'qUi', '2011-08-05 18:33:36', 'no-member', NULL, 0),
(263, NULL, 'thiken@gmail.com', 'qUi', '2011-08-05 18:33:43', 'no-member', NULL, 0),
(264, 1, 'admin@younetco.com', 'qUi', '2011-08-05 18:40:12', 'bad-password', NULL, 0),
(265, 1, 'admin@younetco.com', 'qUi', '2011-08-05 18:40:17', 'success', NULL, 1),
(266, 1, 'admin@younetco.com', 'qUi', '2011-08-05 18:46:18', 'success', NULL, 0),
(267, 1, 'admin@younetco.com', 'sN', '2011-08-05 19:41:32', 'bad-password', NULL, 0),
(268, 1, 'admin@younetco.com', 'sN', '2011-08-05 19:41:34', 'bad-password', NULL, 0),
(269, 1, 'admin@younetco.com', 'sN', '2011-08-05 19:41:36', 'success', NULL, 1),
(270, 1, 'admin@younetco.com', 'sN', '2011-08-05 21:15:39', 'bad-password', NULL, 0),
(271, 1, 'admin@younetco.com', 'sN', '2011-08-05 21:15:42', 'success', NULL, 1),
(272, 1, 'admin@younetco.com', 'qUi', '2011-08-05 22:03:56', 'success', NULL, 1),
(273, 50, 'minhnc@younetco.com', 'sN', '2011-08-07 18:12:45', 'success', NULL, 0),
(274, 54, 'thikien@gmail.com', 'sN', '2011-08-07 18:13:08', 'success', NULL, 0),
(275, 1, 'admin@younetco.com', 'sN', '2011-08-07 18:14:32', 'bad-password', NULL, 0),
(276, 1, 'admin@younetco.com', 'sN', '2011-08-07 18:14:36', 'success', NULL, 1),
(277, 1, 'admin@younetco.com', 'sN', '2011-08-07 18:17:16', 'success', NULL, 1),
(278, 39, 'anhdtk@younetco.com', 'sN', '2011-08-08 12:40:54', 'success', NULL, 1),
(279, 48, 'kieuanhdang89@gmail.com', 'sN', '2011-08-08 15:11:20', 'success', NULL, 1),
(280, 1, 'admin@younetco.com', 'sN', '2011-08-08 15:11:51', 'bad-password', NULL, 0),
(281, 1, 'admin@younetco.com', 'sN', '2011-08-08 15:11:58', 'bad-password', NULL, 0),
(282, 1, 'admin@younetco.com', 'sN', '2011-08-08 15:12:06', 'bad-password', NULL, 0),
(283, 1, 'admin@younetco.com', 'sN', '2011-08-08 15:12:16', 'bad-password', NULL, 0),
(284, 1, 'admin@younetco.com', 'sN', '2011-08-08 15:12:22', 'success', NULL, 1),
(285, 39, 'anhdtk@younetco.com', 'sN', '2011-08-08 15:30:36', 'success', NULL, 0),
(286, 1, 'admin@younetco.com', 'qUi', '2011-08-08 15:37:24', 'success', NULL, 1),
(287, 54, 'thikien@gmail.com', 'sN', '2011-08-08 18:01:36', 'success', NULL, 1),
(288, 1, 'admin@younetco.com', 'qUi', '2011-08-09 17:48:10', 'bad-password', NULL, 0),
(289, 1, 'admin@younetco.com', 'qUi', '2011-08-09 17:49:07', 'success', NULL, 1),
(290, 1, 'admin@younetco.com', 'sN', '2011-08-09 18:49:44', 'bad-password', NULL, 0),
(291, 1, 'admin@younetco.com', 'sN', '2011-08-09 18:49:58', 'success', NULL, 1),
(292, 1, 'admin@younetco.com', 'sN', '2011-08-10 14:51:26', 'bad-password', NULL, 0),
(293, 1, 'admin@younetco.com', 'sN', '2011-08-10 14:51:34', 'success', NULL, 1);

-- --------------------------------------------------------

--
-- Table structure for table `engine4_user_membership`
--

CREATE TABLE IF NOT EXISTS `engine4_user_membership` (
  `resource_id` int(11) unsigned NOT NULL,
  `user_id` int(11) unsigned NOT NULL,
  `active` tinyint(1) NOT NULL default '0',
  `resource_approved` tinyint(1) NOT NULL default '0',
  `user_approved` tinyint(1) NOT NULL default '0',
  `message` text collate utf8_unicode_ci,
  `description` text collate utf8_unicode_ci,
  PRIMARY KEY  (`resource_id`,`user_id`),
  KEY `REVERSE` (`user_id`)
) ENGINE=InnoDB DEFAULT CHARSET=utf8 COLLATE=utf8_unicode_ci;

--
-- Dumping data for table `engine4_user_membership`
--

INSERT INTO `engine4_user_membership` (`resource_id`, `user_id`, `active`, `resource_approved`, `user_approved`, `message`, `description`) VALUES
(1, 2, 1, 1, 1, NULL, NULL),
(1, 3, 1, 1, 1, NULL, NULL),
(1, 4, 1, 1, 1, NULL, NULL),
(1, 5, 1, 1, 1, NULL, NULL),
(1, 6, 1, 1, 1, NULL, NULL),
(1, 7, 1, 1, 1, NULL, NULL),
(1, 8, 1, 1, 1, NULL, NULL),
(1, 9, 1, 1, 1, NULL, NULL),
(1, 10, 1, 1, 1, NULL, NULL),
(1, 11, 1, 1, 1, NULL, NULL),
(1, 12, 1, 1, 1, NULL, NULL),
(1, 13, 1, 1, 1, NULL, NULL),
(1, 14, 1, 1, 1, NULL, NULL),
(1, 15, 1, 1, 1, NULL, NULL),
(1, 16, 1, 1, 1, NULL, NULL),
(1, 17, 1, 1, 1, NULL, NULL),
(1, 18, 1, 1, 1, NULL, NULL),
(1, 19, 1, 1, 1, NULL, NULL),
(1, 20, 1, 1, 1, NULL, NULL),
(1, 21, 1, 1, 1, NULL, NULL),
(1, 22, 1, 1, 1, NULL, NULL),
(1, 23, 1, 1, 1, NULL, NULL),
(1, 24, 1, 1, 1, NULL, NULL),
(1, 25, 1, 1, 1, NULL, NULL),
(1, 26, 1, 1, 1, NULL, NULL),
(1, 27, 1, 1, 1, NULL, NULL),
(1, 28, 1, 1, 1, NULL, NULL),
(1, 29, 1, 1, 1, NULL, NULL),
(1, 30, 1, 1, 1, NULL, NULL),
(1, 31, 1, 1, 1, NULL, NULL),
(1, 32, 1, 1, 1, NULL, NULL),
(1, 33, 1, 1, 1, NULL, NULL),
(1, 34, 1, 1, 1, NULL, NULL),
(1, 35, 1, 1, 1, NULL, NULL),
(1, 36, 1, 1, 1, NULL, NULL),
(1, 37, 1, 1, 1, NULL, NULL),
(1, 38, 1, 1, 1, NULL, NULL),
(1, 39, 1, 1, 1, NULL, NULL),
(1, 51, 1, 1, 1, NULL, NULL),
(1, 55, 1, 1, 1, NULL, NULL),
(2, 1, 1, 1, 1, NULL, NULL),
(3, 1, 1, 1, 1, NULL, NULL),
(4, 1, 1, 1, 1, NULL, NULL),
(5, 1, 1, 1, 1, NULL, NULL),
(6, 1, 1, 1, 1, NULL, NULL),
(7, 1, 1, 1, 1, NULL, NULL),
(8, 1, 1, 1, 1, NULL, NULL),
(9, 1, 1, 1, 1, NULL, NULL),
(10, 1, 1, 1, 1, NULL, NULL),
(11, 1, 1, 1, 1, NULL, NULL),
(12, 1, 1, 1, 1, NULL, NULL),
(13, 1, 1, 1, 1, NULL, NULL),
(14, 1, 1, 1, 1, NULL, NULL),
(15, 1, 1, 1, 1, NULL, NULL),
(16, 1, 1, 1, 1, NULL, NULL),
(17, 1, 1, 1, 1, NULL, NULL),
(18, 1, 1, 1, 1, NULL, NULL),
(19, 1, 1, 1, 1, NULL, NULL),
(20, 1, 1, 1, 1, NULL, NULL),
(21, 1, 1, 1, 1, NULL, NULL),
(22, 1, 1, 1, 1, NULL, NULL),
(23, 1, 1, 1, 1, NULL, NULL),
(24, 1, 1, 1, 1, NULL, NULL),
(25, 1, 1, 1, 1, NULL, NULL),
(26, 1, 1, 1, 1, NULL, NULL),
(27, 1, 1, 1, 1, NULL, NULL),
(28, 1, 1, 1, 1, NULL, NULL),
(29, 1, 1, 1, 1, NULL, NULL),
(30, 1, 1, 1, 1, NULL, NULL),
(31, 1, 1, 1, 1, NULL, NULL),
(32, 1, 1, 1, 1, NULL, NULL),
(33, 1, 1, 1, 1, NULL, NULL),
(34, 1, 1, 1, 1, NULL, NULL),
(35, 1, 1, 1, 1, NULL, NULL),
(36, 1, 1, 1, 1, NULL, NULL),
(37, 1, 1, 1, 1, NULL, NULL),
(38, 1, 1, 1, 1, NULL, NULL),
(39, 1, 1, 1, 1, NULL, NULL),
(51, 1, 1, 1, 1, NULL, NULL),
(55, 1, 1, 1, 1, NULL, NULL);

-- --------------------------------------------------------

--
-- Table structure for table `engine4_user_online`
--

CREATE TABLE IF NOT EXISTS `engine4_user_online` (
  `ip` varbinary(16) NOT NULL,
  `user_id` int(11) unsigned NOT NULL default '0',
  `active` datetime NOT NULL,
  PRIMARY KEY  (`ip`,`user_id`),
  KEY `LOOKUP` (`active`)
) ENGINE=InnoDB DEFAULT CHARSET=utf8 COLLATE=utf8_unicode_ci;

--
-- Dumping data for table `engine4_user_online`
--

INSERT INTO `engine4_user_online` (`ip`, `user_id`, `active`) VALUES
('', 0, '2011-08-05 09:51:55'),
('', 0, '2011-08-05 09:53:36'),
('\0R~', 0, '2011-08-08 18:57:33'),
('sN', 54, '2011-08-08 19:09:26'),
('sN', 48, '2011-08-08 19:09:40'),
('BH', 0, '2011-08-09 02:09:22'),
('qUi', 0, '2011-08-09 17:49:07'),
('qUi', 1, '2011-08-09 18:18:54'),
('sN', 0, '2011-08-10 14:51:34'),
('sN', 1, '2011-08-10 14:53:37');

-- --------------------------------------------------------

--
-- Table structure for table `engine4_user_settings`
--

CREATE TABLE IF NOT EXISTS `engine4_user_settings` (
  `user_id` int(10) unsigned NOT NULL,
  `name` varchar(64) character set latin1 collate latin1_general_ci NOT NULL,
  `value` varchar(255) collate utf8_unicode_ci NOT NULL,
  PRIMARY KEY  (`user_id`,`name`)
) ENGINE=InnoDB DEFAULT CHARSET=utf8 COLLATE=utf8_unicode_ci;

-- --------------------------------------------------------

--
-- Table structure for table `engine4_user_signup`
--

CREATE TABLE IF NOT EXISTS `engine4_user_signup` (
  `signup_id` int(11) unsigned NOT NULL auto_increment,
  `class` varchar(128) character set latin1 collate latin1_general_ci NOT NULL,
  `order` smallint(6) NOT NULL default '999',
  `enable` smallint(1) NOT NULL default '0',
  PRIMARY KEY  (`signup_id`)
) ENGINE=InnoDB  DEFAULT CHARSET=utf8 COLLATE=utf8_unicode_ci AUTO_INCREMENT=6 ;

--
-- Dumping data for table `engine4_user_signup`
--

INSERT INTO `engine4_user_signup` (`signup_id`, `class`, `order`, `enable`) VALUES
(1, 'User_Plugin_Signup_Account', 1, 1),
(2, 'User_Plugin_Signup_Fields', 2, 1),
(3, 'User_Plugin_Signup_Photo', 3, 1),
(4, 'User_Plugin_Signup_Invite', 4, 0),
(5, 'Payment_Plugin_Signup_Subscription', 0, 0);

-- --------------------------------------------------------

--
-- Table structure for table `engine4_user_twitter`
--

CREATE TABLE IF NOT EXISTS `engine4_user_twitter` (
  `user_id` int(10) unsigned NOT NULL,
  `twitter_uid` bigint(20) unsigned NOT NULL,
  `twitter_token` varchar(255) collate utf8_unicode_ci NOT NULL default '',
  `twitter_secret` varchar(255) collate utf8_unicode_ci NOT NULL default '',
  PRIMARY KEY  (`user_id`),
  UNIQUE KEY `twitter_uid` (`twitter_uid`)
) ENGINE=InnoDB DEFAULT CHARSET=utf8 COLLATE=utf8_unicode_ci;

-- --------------------------------------------------------

--
-- Table structure for table `engine4_user_verify`
--

CREATE TABLE IF NOT EXISTS `engine4_user_verify` (
  `user_id` int(11) unsigned NOT NULL,
  `code` varchar(64) character set latin1 collate latin1_general_ci NOT NULL,
  `date` datetime NOT NULL,
  PRIMARY KEY  (`user_id`),
  KEY `code` (`code`)
) ENGINE=InnoDB DEFAULT CHARSET=utf8 COLLATE=utf8_unicode_ci;

--
-- Constraints for dumped tables
--

--
-- Constraints for table `engine4_groupbuy_albums`
--
ALTER TABLE `engine4_groupbuy_albums`
  ADD CONSTRAINT `FK_engine4_groupbuy_albums_engine4_groupbuy_deals` FOREIGN KEY (`deal_id`) REFERENCES `engine4_groupbuy_deals` (`deal_id`) ON DELETE CASCADE;

--
-- Constraints for table `engine4_groupbuy_bills`
--
ALTER TABLE `engine4_groupbuy_bills`
  ADD CONSTRAINT `FK_engine4_groupbuy_bills_engine4_groupbuy_deals` FOREIGN KEY (`item_id`) REFERENCES `engine4_groupbuy_deals` (`deal_id`) ON DELETE CASCADE,
  ADD CONSTRAINT `FK_engine4_groupbuy_bills_engine4_users` FOREIGN KEY (`user_id`) REFERENCES `engine4_users` (`user_id`) ON DELETE CASCADE,
  ADD CONSTRAINT `FK_engine4_groupbuy_bills_engine4_users_2` FOREIGN KEY (`owner_id`) REFERENCES `engine4_users` (`user_id`) ON DELETE CASCADE;

--
-- Constraints for table `engine4_groupbuy_buy_cods`
--
ALTER TABLE `engine4_groupbuy_buy_cods`
  ADD CONSTRAINT `FK_engine4_groupbuy_buy_cods_engine4_groupbuy_deals` FOREIGN KEY (`deal_id`) REFERENCES `engine4_groupbuy_deals` (`deal_id`) ON DELETE CASCADE,
  ADD CONSTRAINT `FK_engine4_groupbuy_buy_cods_engine4_users` FOREIGN KEY (`user_id`) REFERENCES `engine4_users` (`user_id`) ON DELETE CASCADE;

--
-- Constraints for table `engine4_groupbuy_buy_deals`
--
ALTER TABLE `engine4_groupbuy_buy_deals`
  ADD CONSTRAINT `FK_engine4_groupbuy_buy_deals_engine4_groupbuy_deals` FOREIGN KEY (`item_id`) REFERENCES `engine4_groupbuy_deals` (`deal_id`) ON DELETE CASCADE,
  ADD CONSTRAINT `FK_engine4_groupbuy_buy_deals_engine4_users` FOREIGN KEY (`owner_id`) REFERENCES `engine4_users` (`user_id`) ON DELETE CASCADE,
  ADD CONSTRAINT `FK_engine4_groupbuy_buy_deals_engine4_users_2` FOREIGN KEY (`user_id`) REFERENCES `engine4_users` (`user_id`) ON DELETE CASCADE;

--
-- Constraints for table `engine4_groupbuy_deals`
--
ALTER TABLE `engine4_groupbuy_deals`
  ADD CONSTRAINT `FK_engine4_groupbuy_deals_engine4_users` FOREIGN KEY (`user_id`) REFERENCES `engine4_users` (`user_id`) ON DELETE CASCADE;

--
-- Constraints for table `engine4_groupbuy_payment_accounts`
--
ALTER TABLE `engine4_groupbuy_payment_accounts`
  ADD CONSTRAINT `FK_engine4_groupbuy_payment_accounts_engine4_users` FOREIGN KEY (`user_id`) REFERENCES `engine4_users` (`user_id`) ON DELETE CASCADE;

--
-- Constraints for table `engine4_groupbuy_payment_requests`
--
ALTER TABLE `engine4_groupbuy_payment_requests`
  ADD CONSTRAINT `FK_engine4_groupbuy_payment_requests_engine4_accounts` FOREIGN KEY (`request_payment_acount_id`) REFERENCES `engine4_groupbuy_payment_accounts` (`paymentaccount_id`) ON DELETE CASCADE,
  ADD CONSTRAINT `FK_engine4_groupbuy_payment_requests_engine4_users` FOREIGN KEY (`request_user_id`) REFERENCES `engine4_users` (`user_id`) ON DELETE CASCADE;

--
-- Constraints for table `engine4_groupbuy_photos`
--
ALTER TABLE `engine4_groupbuy_photos`
  ADD CONSTRAINT `FK_engine4_groupbuy_photos_engine4_groupbuy_deals` FOREIGN KEY (`deal_id`) REFERENCES `engine4_groupbuy_deals` (`deal_id`) ON DELETE CASCADE;

--
-- Constraints for table `engine4_groupbuy_rates`
--
ALTER TABLE `engine4_groupbuy_rates`
  ADD CONSTRAINT `FK_engine4_groupbuy_rates_engine4_users` FOREIGN KEY (`deal_id`) REFERENCES `engine4_users` (`user_id`) ON DELETE CASCADE,
  ADD CONSTRAINT `FK_engine4_groupbuy_rates_engine4_users_2` FOREIGN KEY (`poster_id`) REFERENCES `engine4_users` (`user_id`) ON DELETE CASCADE;

--
-- Constraints for table `engine4_groupbuy_subscription_conditions`
--
ALTER TABLE `engine4_groupbuy_subscription_conditions`
  ADD CONSTRAINT `FK_engine4_conditions_engine4_groupbuy_locations` FOREIGN KEY (`location_id`) REFERENCES `engine4_groupbuy_locations` (`location_id`) ON DELETE CASCADE,
  ADD CONSTRAINT `FK_engine4_groupbuy_subscription_groupbuy_categories` FOREIGN KEY (`category_id`) REFERENCES `engine4_groupbuy_categories` (`category_id`) ON DELETE CASCADE,
  ADD CONSTRAINT `FK_engine4_groupbuy_subscription_groupbuy_subscription_contacts` FOREIGN KEY (`contact_id`) REFERENCES `engine4_groupbuy_subscription_contacts` (`subscriptioncontact_id`) ON DELETE CASCADE;

--
-- Constraints for table `engine4_groupbuy_subscription_relations`
--
ALTER TABLE `engine4_groupbuy_subscription_relations`
  ADD CONSTRAINT `FK_engine4_groupbuy_subscription_groupbuy_deals` FOREIGN KEY (`deal_id`) REFERENCES `engine4_groupbuy_deals` (`deal_id`) ON DELETE CASCADE,
  ADD CONSTRAINT `FK_engine4_groupbuy_subscription_subscription_contacts` FOREIGN KEY (`contact_id`) REFERENCES `engine4_groupbuy_subscription_contacts` (`subscriptioncontact_id`) ON DELETE CASCADE;

/*!40101 SET CHARACTER_SET_CLIENT=@OLD_CHARACTER_SET_CLIENT */;
/*!40101 SET CHARACTER_SET_RESULTS=@OLD_CHARACTER_SET_RESULTS */;
/*!40101 SET COLLATION_CONNECTION=@OLD_COLLATION_CONNECTION */;
